telemetry_id,timestamp,asset_id,sensor_type,value,set_point,deviation,command_count,state,anomaly_flag
TEL_1236,2026-08-01 01:12:00,OT_09,flow_lps,224.948,210.0,14.948,0,NORMAL,0
TEL_1439,2026-08-01 01:14:00,OT_14,reservoir_level_pct,64.513,72.0,7.487,0,NORMAL,0
TEL_1245,2026-08-01 01:37:00,OT_05,reservoir_level_pct,84.925,72.0,12.925,1,NORMAL,0
TEL_0191,2026-08-01 01:42:00,OT_08,flow_lps,321.03,210.0,111.03,11,ALARM,1
TEL_0253,2026-08-01 02:14:00,OT_01,reservoir_level_pct,84.83,72.0,12.83,1,NORMAL,0
TEL_1254,2026-08-01 02:38:00,OT_04,pressure_bar,5.025,4.0,1.025,1,NORMAL,0
TEL_1215,2026-08-01 03:10:00,OT_14,flow_lps,208.22,210.0,1.78,0,NORMAL,0
TEL_1104,2026-08-01 03:21:00,OT_10,flow_lps,143.583,210.0,66.417,1,NORMAL,0
TEL_1445,2026-08-01 03:24:00,OT_08,reservoir_level_pct,67.359,72.0,4.641,2,NORMAL,0
TEL_0926,2026-08-01 03:34:00,OT_10,flow_lps,328.75,210.0,118.75,10,ALARM,1
TEL_0116,2026-08-01 04:43:00,OT_05,chlorine_mg_l,0.789,0.7,0.089,0,NORMAL,0
TEL_0216,2026-08-01 04:59:00,OT_04,flow_lps,193.948,210.0,16.052,0,NORMAL,0
TEL_0254,2026-08-01 05:01:00,OT_07,chlorine_mg_l,0.65,0.7,0.05,0,NORMAL,0
TEL_1426,2026-08-01 05:33:00,OT_06,flow_lps,230.522,210.0,20.522,2,NORMAL,0
TEL_0372,2026-08-01 06:26:00,OT_15,reservoir_level_pct,77.634,72.0,5.634,3,NORMAL,0
TEL_0463,2026-08-01 06:48:00,OT_15,flow_lps,194.658,210.0,15.342,1,NORMAL,0
TEL_1132,2026-08-01 06:55:00,OT_07,flow_lps,203.756,210.0,6.244,2,NORMAL,0
TEL_1068,2026-08-01 07:09:00,OT_02,flow_lps,224.283,210.0,14.283,1,NORMAL,0
TEL_1475,2026-08-01 07:28:00,OT_07,flow_lps,218.178,210.0,8.178,1,NORMAL,0
TEL_1020,2026-08-01 08:19:00,OT_07,flow_lps,193.7,210.0,16.3,6,NORMAL,0
TEL_0738,2026-08-01 09:02:00,OT_13,reservoir_level_pct,67.761,72.0,4.239,1,NORMAL,0
TEL_1025,2026-08-01 09:11:00,OT_08,flow_lps,192.327,210.0,17.673,1,NORMAL,0
TEL_0361,2026-08-01 09:12:00,OT_14,reservoir_level_pct,70.952,72.0,1.048,3,NORMAL,0
TEL_0168,2026-08-01 09:24:00,OT_13,reservoir_level_pct,67.182,72.0,4.818,0,NORMAL,0
TEL_0467,2026-08-01 09:28:00,OT_09,flow_lps,220.822,210.0,10.822,9,ALARM,1
TEL_1010,2026-08-01 10:37:00,OT_06,flow_lps,210.07,210.0,0.07,1,NORMAL,0
TEL_1365,2026-08-01 10:41:00,OT_05,flow_lps,207.168,210.0,2.832,1,NORMAL,0
TEL_0438,2026-08-01 11:00:00,OT_10,flow_lps,215.666,210.0,5.666,3,NORMAL,0
TEL_1114,2026-08-01 11:37:00,OT_08,reservoir_level_pct,73.046,72.0,1.046,1,NORMAL,0
TEL_0119,2026-08-01 11:38:00,OT_07,chlorine_mg_l,0.885,0.7,0.185,3,NORMAL,0
TEL_1288,2026-08-01 11:43:00,OT_01,chlorine_mg_l,0.693,0.7,0.007,0,NORMAL,0
TEL_0592,2026-08-01 12:18:00,OT_04,chlorine_mg_l,0.664,0.7,0.036,1,NORMAL,0
TEL_0521,2026-08-01 12:22:00,OT_01,pressure_bar,3.548,4.0,0.452,0,NORMAL,0
TEL_0656,2026-08-01 12:22:00,OT_01,chlorine_mg_l,0.556,0.7,0.144,2,NORMAL,0
TEL_0066,2026-08-01 13:29:00,OT_14,flow_lps,199.282,210.0,10.718,0,NORMAL,0
TEL_1185,2026-08-01 13:30:00,OT_08,chlorine_mg_l,0.612,0.7,0.088,0,NORMAL,0
TEL_0475,2026-08-01 13:48:00,OT_06,pressure_bar,3.881,4.0,0.119,2,NORMAL,0
TEL_1206,2026-08-01 14:00:00,OT_05,reservoir_level_pct,91.531,72.0,19.531,14,ALARM,1
TEL_0138,2026-08-01 14:03:00,OT_04,chlorine_mg_l,0.656,0.7,0.044,0,NORMAL,0
TEL_0052,2026-08-01 14:44:00,OT_14,pressure_bar,2.94,4.0,1.06,1,NORMAL,0
TEL_0378,2026-08-01 14:56:00,OT_07,pressure_bar,3.525,4.0,0.475,1,NORMAL,0
TEL_1035,2026-08-01 15:06:00,OT_14,flow_lps,231.509,210.0,21.509,1,NORMAL,0
TEL_1270,2026-08-01 16:05:00,OT_06,chlorine_mg_l,0.575,0.7,0.125,0,NORMAL,0
TEL_0326,2026-08-01 16:42:00,OT_04,reservoir_level_pct,68.754,72.0,3.246,0,NORMAL,0
TEL_1137,2026-08-01 16:54:00,OT_14,pressure_bar,3.734,4.0,0.266,0,NORMAL,0
TEL_0172,2026-08-01 17:09:00,OT_02,reservoir_level_pct,67.44,72.0,4.56,1,NORMAL,0
TEL_1490,2026-08-01 17:26:00,OT_01,flow_lps,224.295,210.0,14.295,1,NORMAL,0
TEL_1145,2026-08-01 18:20:00,OT_02,chlorine_mg_l,0.707,0.7,0.007,0,NORMAL,0
TEL_0850,2026-08-01 18:37:00,OT_12,pressure_bar,4.181,4.0,0.181,3,NORMAL,0
TEL_1398,2026-08-01 18:48:00,OT_13,reservoir_level_pct,71.989,72.0,0.011,0,NORMAL,0
TEL_1338,2026-08-01 18:56:00,OT_15,reservoir_level_pct,72.646,72.0,0.646,2,NORMAL,0
TEL_0561,2026-08-01 18:57:00,OT_01,pressure_bar,4.221,4.0,0.221,0,NORMAL,0
TEL_0922,2026-08-01 19:23:00,OT_08,pressure_bar,4.259,4.0,0.259,0,NORMAL,0
TEL_1066,2026-08-01 19:41:00,OT_01,flow_lps,176.639,210.0,33.361,3,NORMAL,0
TEL_0478,2026-08-01 19:55:00,OT_02,pressure_bar,4.074,4.0,0.074,3,NORMAL,0
TEL_1283,2026-08-01 20:38:00,OT_05,reservoir_level_pct,64.733,72.0,7.267,0,NORMAL,0
TEL_0923,2026-08-01 21:06:00,OT_05,flow_lps,240.492,210.0,30.492,1,NORMAL,0
TEL_0149,2026-08-01 21:59:00,OT_09,chlorine_mg_l,0.73,0.7,0.03,1,NORMAL,0
TEL_0596,2026-08-01 22:03:00,OT_13,pressure_bar,4.634,4.0,0.634,1,NORMAL,0
TEL_0702,2026-08-01 22:13:00,OT_07,pressure_bar,4.615,4.0,0.615,4,NORMAL,0
TEL_0916,2026-08-01 22:29:00,OT_15,flow_lps,210.022,210.0,0.022,0,NORMAL,0
TEL_0455,2026-08-01 22:30:00,OT_05,chlorine_mg_l,0.748,0.7,0.048,1,NORMAL,0
TEL_0838,2026-08-01 22:37:00,OT_02,reservoir_level_pct,66.815,72.0,5.185,4,NORMAL,0
TEL_0585,2026-08-01 22:39:00,OT_09,flow_lps,220.632,210.0,10.632,1,NORMAL,0
TEL_1240,2026-08-01 23:21:00,OT_06,flow_lps,217.428,210.0,7.428,2,NORMAL,0
TEL_1436,2026-08-01 23:28:00,OT_09,chlorine_mg_l,0.649,0.7,0.051,1,NORMAL,0
TEL_0713,2026-08-02 00:01:00,OT_11,pressure_bar,4.04,4.0,0.04,2,NORMAL,0
TEL_1282,2026-08-02 01:33:00,OT_13,pressure_bar,3.587,4.0,0.413,0,NORMAL,0
TEL_1080,2026-08-02 02:31:00,OT_15,pressure_bar,3.874,4.0,0.126,0,NORMAL,0
TEL_0228,2026-08-02 02:44:00,OT_08,chlorine_mg_l,0.859,0.7,0.159,0,NORMAL,0
TEL_0060,2026-08-02 03:08:00,OT_01,chlorine_mg_l,0.821,0.7,0.121,1,NORMAL,0
TEL_0075,2026-08-02 03:42:00,OT_08,reservoir_level_pct,63.418,72.0,8.582,2,NORMAL,0
TEL_1064,2026-08-02 03:47:00,OT_12,flow_lps,269.49,210.0,59.49,1,NORMAL,0
TEL_0403,2026-08-02 03:54:00,OT_08,reservoir_level_pct,71.498,72.0,0.502,0,NORMAL,0
TEL_0961,2026-08-02 04:19:00,OT_04,chlorine_mg_l,0.733,0.7,0.033,1,NORMAL,0
TEL_0044,2026-08-02 05:54:00,OT_13,flow_lps,225.094,210.0,15.094,2,NORMAL,0
TEL_1435,2026-08-02 06:00:00,OT_01,flow_lps,205.062,210.0,4.938,0,NORMAL,0
TEL_0889,2026-08-02 06:09:00,OT_11,reservoir_level_pct,75.165,72.0,3.165,0,NORMAL,0
TEL_0297,2026-08-02 06:12:00,OT_12,pressure_bar,3.726,4.0,0.274,2,NORMAL,0
TEL_0832,2026-08-02 06:13:00,OT_10,flow_lps,174.452,210.0,35.548,0,NORMAL,0
TEL_0013,2026-08-02 06:22:00,OT_14,pressure_bar,4.616,4.0,0.616,1,NORMAL,0
TEL_0534,2026-08-02 06:53:00,OT_02,reservoir_level_pct,73.578,72.0,1.578,1,NORMAL,0
TEL_1195,2026-08-02 07:00:00,OT_03,reservoir_level_pct,86.558,72.0,14.558,1,NORMAL,0
TEL_0550,2026-08-02 08:43:00,OT_15,pressure_bar,4.759,4.0,0.759,1,NORMAL,0
TEL_0206,2026-08-02 09:14:00,OT_12,pressure_bar,4.031,4.0,0.031,1,NORMAL,0
TEL_0911,2026-08-02 09:27:00,OT_08,flow_lps,223.647,210.0,13.647,2,NORMAL,0
TEL_1166,2026-08-02 09:53:00,OT_15,flow_lps,212.286,210.0,2.286,0,NORMAL,0
TEL_0304,2026-08-02 10:19:00,OT_15,reservoir_level_pct,65.036,72.0,6.964,0,NORMAL,0
TEL_1162,2026-08-02 11:35:00,OT_04,chlorine_mg_l,0.745,0.7,0.045,2,NORMAL,0
TEL_1359,2026-08-02 11:41:00,OT_04,reservoir_level_pct,69.343,72.0,2.657,1,NORMAL,0
TEL_0380,2026-08-02 11:53:00,OT_01,flow_lps,180.893,210.0,29.107,0,NORMAL,0
TEL_0548,2026-08-02 11:57:00,OT_01,pressure_bar,4.465,4.0,0.465,1,NORMAL,0
TEL_1384,2026-08-02 12:14:00,OT_01,reservoir_level_pct,63.469,72.0,8.531,1,NORMAL,0
TEL_0874,2026-08-02 12:38:00,OT_13,flow_lps,309.977,210.0,99.977,7,ALARM,1
TEL_0640,2026-08-02 12:56:00,OT_03,pressure_bar,4.599,4.0,0.599,2,NORMAL,0
TEL_0669,2026-08-02 12:56:00,OT_05,flow_lps,180.108,210.0,29.892,2,NORMAL,0
TEL_0553,2026-08-02 13:00:00,OT_12,chlorine_mg_l,0.688,0.7,0.012,0,NORMAL,0
TEL_0275,2026-08-02 14:52:00,OT_06,flow_lps,195.639,210.0,14.361,1,NORMAL,0
TEL_1486,2026-08-02 14:57:00,OT_09,pressure_bar,4.147,4.0,0.147,4,NORMAL,0
TEL_1176,2026-08-02 15:47:00,OT_12,chlorine_mg_l,0.626,0.7,0.074,2,NORMAL,0
TEL_0663,2026-08-02 18:19:00,OT_07,pressure_bar,4.643,4.0,0.643,1,NORMAL,0
TEL_0038,2026-08-02 18:59:00,OT_01,flow_lps,216.597,210.0,6.597,2,NORMAL,0
TEL_0882,2026-08-02 19:10:00,OT_13,reservoir_level_pct,62.827,72.0,9.173,0,NORMAL,0
TEL_1357,2026-08-02 20:49:00,OT_01,flow_lps,200.052,210.0,9.948,3,NORMAL,0
TEL_0493,2026-08-02 21:16:00,OT_08,chlorine_mg_l,0.746,0.7,0.046,1,NORMAL,0
TEL_1188,2026-08-02 21:25:00,OT_09,reservoir_level_pct,82.682,72.0,10.682,1,NORMAL,0
TEL_0078,2026-08-02 21:59:00,OT_06,chlorine_mg_l,0.658,0.7,0.042,1,NORMAL,0
TEL_0843,2026-08-02 22:59:00,OT_11,pressure_bar,4.171,4.0,0.171,1,NORMAL,0
TEL_0385,2026-08-02 23:22:00,OT_01,flow_lps,203.007,210.0,6.993,1,NORMAL,0
TEL_0580,2026-08-02 23:42:00,OT_05,reservoir_level_pct,68.811,72.0,3.189,0,NORMAL,0
TEL_1160,2026-08-03 00:48:00,OT_01,reservoir_level_pct,70.294,72.0,1.706,1,NORMAL,0
TEL_1126,2026-08-03 00:59:00,OT_09,reservoir_level_pct,81.851,72.0,9.851,1,NORMAL,0
TEL_1446,2026-08-03 01:05:00,OT_05,flow_lps,218.654,210.0,8.654,1,NORMAL,0
TEL_0972,2026-08-03 02:41:00,OT_15,reservoir_level_pct,65.401,72.0,6.599,0,NORMAL,0
TEL_0970,2026-08-03 02:44:00,OT_10,reservoir_level_pct,88.818,72.0,16.818,0,NORMAL,0
TEL_0153,2026-08-03 02:54:00,OT_06,flow_lps,206.526,210.0,3.474,0,NORMAL,0
TEL_1081,2026-08-03 03:33:00,OT_06,pressure_bar,4.063,4.0,0.063,1,NORMAL,0
TEL_0341,2026-08-03 04:26:00,OT_15,flow_lps,211.692,210.0,1.692,0,NORMAL,0
TEL_0371,2026-08-03 04:33:00,OT_04,flow_lps,214.37,210.0,4.37,0,NORMAL,0
TEL_1333,2026-08-03 05:41:00,OT_11,reservoir_level_pct,78.467,72.0,6.467,2,NORMAL,0
TEL_0093,2026-08-03 05:42:00,OT_15,reservoir_level_pct,80.581,72.0,8.581,4,NORMAL,0
TEL_1227,2026-08-03 05:46:00,OT_12,flow_lps,256.742,210.0,46.742,2,NORMAL,0
TEL_0369,2026-08-03 06:47:00,OT_14,chlorine_mg_l,0.717,0.7,0.017,1,NORMAL,0
TEL_0400,2026-08-03 07:23:00,OT_15,reservoir_level_pct,74.8,72.0,2.8,1,NORMAL,0
TEL_0283,2026-08-03 09:57:00,OT_10,chlorine_mg_l,0.667,0.7,0.033,0,NORMAL,0
TEL_0325,2026-08-03 10:13:00,OT_02,flow_lps,185.2,210.0,24.8,1,NORMAL,0
TEL_0544,2026-08-03 10:40:00,OT_09,flow_lps,207.788,210.0,2.212,1,NORMAL,0
TEL_0048,2026-08-03 10:41:00,OT_13,chlorine_mg_l,0.691,0.7,0.009,2,NORMAL,0
TEL_0959,2026-08-03 10:53:00,OT_06,flow_lps,215.125,210.0,5.125,0,NORMAL,0
TEL_1211,2026-08-03 10:56:00,OT_08,flow_lps,195.537,210.0,14.463,1,NORMAL,0
TEL_1204,2026-08-03 11:25:00,OT_03,flow_lps,244.019,210.0,34.019,2,NORMAL,0
TEL_1378,2026-08-03 12:32:00,OT_08,pressure_bar,4.397,4.0,0.397,0,NORMAL,0
TEL_0543,2026-08-03 13:15:00,OT_12,chlorine_mg_l,0.752,0.7,0.052,2,NORMAL,0
TEL_0434,2026-08-03 13:20:00,OT_06,chlorine_mg_l,0.607,0.7,0.093,0,NORMAL,0
TEL_1099,2026-08-03 13:28:00,OT_11,pressure_bar,3.852,4.0,0.148,2,NORMAL,0
TEL_0920,2026-08-03 13:36:00,OT_12,pressure_bar,4.392,4.0,0.392,0,NORMAL,0
TEL_0375,2026-08-03 13:48:00,OT_13,chlorine_mg_l,1.116,0.7,0.416,12,ALARM,1
TEL_0657,2026-08-03 13:54:00,OT_15,pressure_bar,4.122,4.0,0.122,0,NORMAL,0
TEL_0336,2026-08-03 14:03:00,OT_10,flow_lps,241.256,210.0,31.256,0,NORMAL,0
TEL_1474,2026-08-03 14:11:00,OT_06,chlorine_mg_l,0.61,0.7,0.09,2,NORMAL,0
TEL_1414,2026-08-03 15:17:00,OT_04,flow_lps,222.515,210.0,12.515,2,NORMAL,0
TEL_1200,2026-08-03 15:17:00,OT_09,reservoir_level_pct,77.207,72.0,5.207,1,NORMAL,0
TEL_0608,2026-08-03 15:56:00,OT_10,flow_lps,211.572,210.0,1.572,4,NORMAL,0
TEL_0776,2026-08-03 16:31:00,OT_01,reservoir_level_pct,63.646,72.0,8.354,1,NORMAL,0
TEL_1311,2026-08-03 18:09:00,OT_15,chlorine_mg_l,0.707,0.7,0.007,1,NORMAL,0
TEL_0067,2026-08-03 18:30:00,OT_07,chlorine_mg_l,0.764,0.7,0.064,4,NORMAL,0
TEL_0688,2026-08-03 18:52:00,OT_13,reservoir_level_pct,62.228,72.0,9.772,1,NORMAL,0
TEL_1201,2026-08-03 19:11:00,OT_14,flow_lps,179.888,210.0,30.112,2,NORMAL,0
TEL_0396,2026-08-03 19:18:00,OT_15,reservoir_level_pct,69.858,72.0,2.142,1,NORMAL,0
TEL_1450,2026-08-03 19:55:00,OT_09,pressure_bar,3.521,4.0,0.479,1,NORMAL,0
TEL_1063,2026-08-03 19:56:00,OT_07,chlorine_mg_l,0.628,0.7,0.072,2,NORMAL,0
TEL_0690,2026-08-03 20:33:00,OT_08,chlorine_mg_l,0.883,0.7,0.183,2,NORMAL,0
TEL_0176,2026-08-03 20:37:00,OT_14,flow_lps,188.178,210.0,21.822,3,NORMAL,0
TEL_0125,2026-08-03 21:35:00,OT_12,chlorine_mg_l,0.751,0.7,0.051,1,NORMAL,0
TEL_0719,2026-08-03 22:40:00,OT_04,flow_lps,255.373,210.0,45.373,1,NORMAL,0
TEL_0208,2026-08-03 23:27:00,OT_07,pressure_bar,6.176,4.0,2.176,8,ALARM,1
TEL_1344,2026-08-04 00:17:00,OT_08,chlorine_mg_l,0.74,0.7,0.04,0,NORMAL,0
TEL_0468,2026-08-04 01:24:00,OT_13,chlorine_mg_l,0.783,0.7,0.083,1,NORMAL,0
TEL_0290,2026-08-04 01:36:00,OT_06,chlorine_mg_l,0.868,0.7,0.168,2,NORMAL,0
TEL_0019,2026-08-04 02:24:00,OT_07,reservoir_level_pct,74.052,72.0,2.052,1,NORMAL,0
TEL_0200,2026-08-04 05:36:00,OT_08,pressure_bar,4.193,4.0,0.193,3,NORMAL,0
TEL_0419,2026-08-04 05:46:00,OT_01,pressure_bar,4.245,4.0,0.245,0,NORMAL,0
TEL_0718,2026-08-04 06:28:00,OT_09,reservoir_level_pct,58.985,72.0,13.015,0,NORMAL,0
TEL_0437,2026-08-04 07:05:00,OT_15,reservoir_level_pct,60.171,72.0,11.829,0,NORMAL,0
TEL_1224,2026-08-04 07:35:00,OT_09,pressure_bar,5.961,4.0,1.961,7,ALARM,1
TEL_1249,2026-08-04 07:41:00,OT_08,reservoir_level_pct,66.817,72.0,5.183,0,NORMAL,0
TEL_1261,2026-08-04 07:43:00,OT_11,reservoir_level_pct,71.509,72.0,0.491,1,NORMAL,0
TEL_1133,2026-08-04 08:02:00,OT_06,reservoir_level_pct,56.689,72.0,15.311,0,NORMAL,0
TEL_1287,2026-08-04 08:07:00,OT_14,pressure_bar,3.553,4.0,0.447,1,NORMAL,0
TEL_0659,2026-08-04 08:26:00,OT_09,reservoir_level_pct,76.182,72.0,4.182,2,NORMAL,0
TEL_1423,2026-08-04 08:46:00,OT_08,chlorine_mg_l,0.683,0.7,0.017,0,NORMAL,0
TEL_0878,2026-08-04 10:22:00,OT_12,flow_lps,202.287,210.0,7.713,0,NORMAL,0
TEL_0658,2026-08-04 10:42:00,OT_02,reservoir_level_pct,80.015,72.0,8.015,1,NORMAL,0
TEL_1467,2026-08-04 12:36:00,OT_05,reservoir_level_pct,63.447,72.0,8.553,0,NORMAL,0
TEL_1151,2026-08-04 12:46:00,OT_03,pressure_bar,3.753,4.0,0.247,1,NORMAL,0
TEL_0902,2026-08-04 12:47:00,OT_12,pressure_bar,3.999,4.0,0.001,2,NORMAL,0
TEL_1116,2026-08-04 13:50:00,OT_09,chlorine_mg_l,0.699,0.7,0.001,0,NORMAL,0
TEL_1230,2026-08-04 15:17:00,OT_08,flow_lps,209.101,210.0,0.899,1,NORMAL,0
TEL_0327,2026-08-04 16:06:00,OT_12,pressure_bar,4.112,4.0,0.112,0,NORMAL,0
TEL_0958,2026-08-04 16:18:00,OT_11,chlorine_mg_l,0.94,0.7,0.24,9,ALARM,1
TEL_0201,2026-08-04 16:31:00,OT_13,flow_lps,216.397,210.0,6.397,1,NORMAL,0
TEL_0458,2026-08-04 16:41:00,OT_11,pressure_bar,3.218,4.0,0.782,0,NORMAL,0
TEL_0591,2026-08-04 17:16:00,OT_12,pressure_bar,4.062,4.0,0.062,0,NORMAL,0
TEL_0300,2026-08-04 17:47:00,OT_06,flow_lps,230.783,210.0,20.783,0,NORMAL,0
TEL_0145,2026-08-04 18:07:00,OT_06,reservoir_level_pct,74.31,72.0,2.31,2,NORMAL,0
TEL_0932,2026-08-04 18:27:00,OT_03,flow_lps,204.238,210.0,5.762,1,NORMAL,0
TEL_1199,2026-08-04 19:27:00,OT_09,chlorine_mg_l,0.779,0.7,0.079,1,NORMAL,0
TEL_1169,2026-08-04 19:31:00,OT_01,chlorine_mg_l,0.733,0.7,0.033,0,NORMAL,0
TEL_1369,2026-08-04 20:01:00,OT_12,chlorine_mg_l,0.586,0.7,0.114,1,NORMAL,0
TEL_0389,2026-08-04 20:13:00,OT_08,reservoir_level_pct,69.814,72.0,2.186,2,NORMAL,0
TEL_1075,2026-08-04 20:33:00,OT_15,chlorine_mg_l,0.618,0.7,0.082,2,NORMAL,0
TEL_1354,2026-08-04 20:44:00,OT_09,chlorine_mg_l,0.839,0.7,0.139,1,NORMAL,0
TEL_1127,2026-08-04 20:44:00,OT_05,reservoir_level_pct,79.938,72.0,7.938,4,NORMAL,0
TEL_0112,2026-08-04 22:21:00,OT_06,pressure_bar,4.741,4.0,0.741,2,NORMAL,0
TEL_1323,2026-08-04 22:55:00,OT_12,pressure_bar,4.61,4.0,0.61,2,NORMAL,0
TEL_0012,2026-08-04 23:52:00,OT_06,pressure_bar,2.471,4.0,1.529,1,NORMAL,0
TEL_1470,2026-08-04 23:55:00,OT_12,flow_lps,283.944,210.0,73.944,7,ALARM,1
TEL_0982,2026-08-05 01:06:00,OT_11,pressure_bar,4.056,4.0,0.056,2,NORMAL,0
TEL_0899,2026-08-05 01:21:00,OT_03,pressure_bar,3.739,4.0,0.261,0,NORMAL,0
TEL_0089,2026-08-05 01:26:00,OT_14,pressure_bar,3.999,4.0,0.001,0,NORMAL,0
TEL_0352,2026-08-05 01:45:00,OT_08,pressure_bar,4.036,4.0,0.036,1,NORMAL,0
TEL_0053,2026-08-05 02:11:00,OT_08,reservoir_level_pct,64.749,72.0,7.251,4,NORMAL,0
TEL_0433,2026-08-05 02:18:00,OT_04,chlorine_mg_l,0.651,0.7,0.049,1,NORMAL,0
TEL_1248,2026-08-05 04:19:00,OT_13,reservoir_level_pct,75.882,72.0,3.882,3,NORMAL,0
TEL_0908,2026-08-05 04:26:00,OT_09,chlorine_mg_l,0.735,0.7,0.035,2,NORMAL,0
TEL_1396,2026-08-05 04:33:00,OT_15,reservoir_level_pct,70.631,72.0,1.369,0,NORMAL,0
TEL_1103,2026-08-05 04:53:00,OT_15,flow_lps,167.183,210.0,42.817,0,NORMAL,0
TEL_0768,2026-08-05 05:12:00,OT_09,flow_lps,249.605,210.0,39.605,1,NORMAL,0
TEL_0598,2026-08-05 06:28:00,OT_02,flow_lps,207.895,210.0,2.105,2,NORMAL,0
TEL_0292,2026-08-05 06:34:00,OT_02,flow_lps,215.688,210.0,5.688,0,NORMAL,0
TEL_0642,2026-08-05 06:57:00,OT_01,pressure_bar,4.041,4.0,0.041,0,NORMAL,0
TEL_1374,2026-08-05 07:10:00,OT_08,flow_lps,208.46,210.0,1.54,0,NORMAL,0
TEL_1251,2026-08-05 07:24:00,OT_14,flow_lps,190.797,210.0,19.203,2,NORMAL,0
TEL_0996,2026-08-05 07:33:00,OT_03,reservoir_level_pct,75.289,72.0,3.289,1,NORMAL,0
TEL_0703,2026-08-05 07:46:00,OT_11,reservoir_level_pct,71.53,72.0,0.47,1,NORMAL,0
TEL_0509,2026-08-05 08:37:00,OT_08,flow_lps,348.304,210.0,138.304,11,ALARM,1
TEL_0734,2026-08-05 09:07:00,OT_13,reservoir_level_pct,106.904,72.0,34.904,12,ALARM,1
TEL_0693,2026-08-05 09:09:00,OT_15,pressure_bar,4.138,4.0,0.138,2,NORMAL,0
TEL_0357,2026-08-05 09:55:00,OT_11,flow_lps,227.205,210.0,17.205,2,NORMAL,0
TEL_0324,2026-08-05 10:01:00,OT_03,flow_lps,177.178,210.0,32.822,0,NORMAL,0
TEL_0451,2026-08-05 10:12:00,OT_14,pressure_bar,3.891,4.0,0.109,1,NORMAL,0
TEL_1129,2026-08-05 11:25:00,OT_09,chlorine_mg_l,0.767,0.7,0.067,1,NORMAL,0
TEL_0512,2026-08-05 11:37:00,OT_09,pressure_bar,3.833,4.0,0.167,1,NORMAL,0
TEL_1045,2026-08-05 11:52:00,OT_03,pressure_bar,4.07,4.0,0.07,1,NORMAL,0
TEL_0401,2026-08-05 12:12:00,OT_12,chlorine_mg_l,0.673,0.7,0.027,2,NORMAL,0
TEL_0305,2026-08-05 12:15:00,OT_04,chlorine_mg_l,0.768,0.7,0.068,1,NORMAL,0
TEL_0058,2026-08-05 13:16:00,OT_09,pressure_bar,4.761,4.0,0.761,3,NORMAL,0
TEL_1299,2026-08-05 13:24:00,OT_05,pressure_bar,4.029,4.0,0.029,0,NORMAL,0
TEL_0566,2026-08-05 13:43:00,OT_13,flow_lps,184.533,210.0,25.467,0,NORMAL,0
TEL_1300,2026-08-05 14:17:00,OT_07,flow_lps,191.064,210.0,18.936,2,NORMAL,0
TEL_0602,2026-08-05 14:35:00,OT_13,reservoir_level_pct,67.681,72.0,4.319,1,NORMAL,0
TEL_1387,2026-08-05 14:58:00,OT_08,pressure_bar,4.709,4.0,0.709,0,NORMAL,0
TEL_0895,2026-08-05 15:48:00,OT_15,flow_lps,183.386,210.0,26.614,0,NORMAL,0
TEL_0769,2026-08-05 16:51:00,OT_07,reservoir_level_pct,81.657,72.0,9.657,1,NORMAL,0
TEL_0943,2026-08-05 17:05:00,OT_15,pressure_bar,4.236,4.0,0.236,2,NORMAL,0
TEL_1100,2026-08-05 17:17:00,OT_05,reservoir_level_pct,61.982,72.0,10.018,0,NORMAL,0
TEL_0901,2026-08-05 17:42:00,OT_09,chlorine_mg_l,0.696,0.7,0.004,1,NORMAL,0
TEL_0551,2026-08-05 18:22:00,OT_03,pressure_bar,3.509,4.0,0.491,0,NORMAL,0
TEL_0999,2026-08-05 19:19:00,OT_09,flow_lps,222.8,210.0,12.8,1,NORMAL,0
TEL_0981,2026-08-05 19:20:00,OT_12,chlorine_mg_l,0.672,0.7,0.028,1,NORMAL,0
TEL_1420,2026-08-05 19:32:00,OT_01,flow_lps,235.013,210.0,25.013,4,NORMAL,0
TEL_0036,2026-08-05 19:51:00,OT_14,reservoir_level_pct,88.789,72.0,16.789,0,NORMAL,0
TEL_0525,2026-08-05 19:52:00,OT_15,flow_lps,253.085,210.0,43.085,1,NORMAL,0
TEL_1024,2026-08-05 20:08:00,OT_11,reservoir_level_pct,70.909,72.0,1.091,2,NORMAL,0
TEL_0787,2026-08-05 20:22:00,OT_08,flow_lps,232.109,210.0,22.109,3,NORMAL,0
TEL_1017,2026-08-05 20:50:00,OT_02,pressure_bar,3.946,4.0,0.054,1,NORMAL,0
TEL_0210,2026-08-05 21:04:00,OT_12,chlorine_mg_l,0.648,0.7,0.052,1,NORMAL,0
TEL_0989,2026-08-05 21:04:00,OT_04,pressure_bar,3.951,4.0,0.049,0,NORMAL,0
TEL_0557,2026-08-05 21:11:00,OT_10,pressure_bar,3.727,4.0,0.273,2,NORMAL,0
TEL_0443,2026-08-05 21:12:00,OT_04,pressure_bar,4.0,4.0,0.0,0,NORMAL,0
TEL_0903,2026-08-05 21:12:00,OT_07,flow_lps,215.173,210.0,5.173,2,NORMAL,0
TEL_1417,2026-08-05 21:35:00,OT_05,reservoir_level_pct,70.691,72.0,1.309,1,NORMAL,0
TEL_0886,2026-08-05 21:37:00,OT_01,reservoir_level_pct,68.099,72.0,3.901,0,NORMAL,0
TEL_1180,2026-08-05 21:39:00,OT_10,reservoir_level_pct,77.38,72.0,5.38,0,NORMAL,0
TEL_0811,2026-08-05 21:53:00,OT_14,pressure_bar,3.931,4.0,0.069,1,NORMAL,0
TEL_0953,2026-08-05 22:02:00,OT_10,pressure_bar,3.849,4.0,0.151,0,NORMAL,0
TEL_0364,2026-08-05 22:17:00,OT_12,reservoir_level_pct,102.487,72.0,30.487,8,ALARM,1
TEL_1412,2026-08-05 23:01:00,OT_01,reservoir_level_pct,82.458,72.0,10.458,7,ALARM,1
TEL_0413,2026-08-05 23:26:00,OT_14,reservoir_level_pct,69.632,72.0,2.368,1,NORMAL,0
TEL_0614,2026-08-05 23:30:00,OT_11,chlorine_mg_l,0.582,0.7,0.118,0,NORMAL,0
TEL_0274,2026-08-05 23:33:00,OT_12,pressure_bar,3.345,4.0,0.655,0,NORMAL,0
TEL_1031,2026-08-05 23:40:00,OT_08,flow_lps,235.37,210.0,25.37,0,NORMAL,0
TEL_0918,2026-08-06 00:53:00,OT_15,flow_lps,220.584,210.0,10.584,4,NORMAL,0
TEL_0977,2026-08-06 02:08:00,OT_13,reservoir_level_pct,78.292,72.0,6.292,2,NORMAL,0
TEL_0973,2026-08-06 02:28:00,OT_04,chlorine_mg_l,0.731,0.7,0.031,1,NORMAL,0
TEL_1078,2026-08-06 03:13:00,OT_07,pressure_bar,3.898,4.0,0.102,1,NORMAL,0
TEL_0323,2026-08-06 04:32:00,OT_10,flow_lps,223.025,210.0,13.025,2,NORMAL,0
TEL_0298,2026-08-06 04:45:00,OT_09,flow_lps,216.247,210.0,6.247,0,NORMAL,0
TEL_0545,2026-08-06 05:24:00,OT_03,flow_lps,169.561,210.0,40.439,0,NORMAL,0
TEL_1087,2026-08-06 05:30:00,OT_05,pressure_bar,4.197,4.0,0.197,4,NORMAL,0
TEL_0329,2026-08-06 06:08:00,OT_04,chlorine_mg_l,0.727,0.7,0.027,0,NORMAL,0
TEL_0347,2026-08-06 08:37:00,OT_06,reservoir_level_pct,61.375,72.0,10.625,2,NORMAL,0
TEL_1154,2026-08-06 09:18:00,OT_10,flow_lps,192.557,210.0,17.443,0,NORMAL,0
TEL_1366,2026-08-06 09:22:00,OT_09,chlorine_mg_l,0.631,0.7,0.069,0,NORMAL,0
TEL_0633,2026-08-06 10:24:00,OT_09,chlorine_mg_l,1.06,0.7,0.36,7,ALARM,1
TEL_0088,2026-08-06 10:28:00,OT_12,reservoir_level_pct,63.415,72.0,8.585,1,NORMAL,0
TEL_0212,2026-08-06 11:03:00,OT_15,pressure_bar,3.653,4.0,0.347,1,NORMAL,0
TEL_1138,2026-08-06 11:41:00,OT_08,flow_lps,243.736,210.0,33.736,2,NORMAL,0
TEL_0081,2026-08-06 11:47:00,OT_10,reservoir_level_pct,76.965,72.0,4.965,1,NORMAL,0
TEL_1165,2026-08-06 11:57:00,OT_07,chlorine_mg_l,0.701,0.7,0.001,1,NORMAL,0
TEL_0605,2026-08-06 14:21:00,OT_05,chlorine_mg_l,0.705,0.7,0.005,0,NORMAL,0
TEL_0251,2026-08-06 14:46:00,OT_13,reservoir_level_pct,59.621,72.0,12.379,1,NORMAL,0
TEL_1168,2026-08-06 15:11:00,OT_08,chlorine_mg_l,0.596,0.7,0.104,2,NORMAL,0
TEL_1480,2026-08-06 15:39:00,OT_04,flow_lps,170.149,210.0,39.851,0,NORMAL,0
TEL_0564,2026-08-06 15:56:00,OT_06,flow_lps,173.025,210.0,36.975,3,NORMAL,0
TEL_0106,2026-08-06 16:30:00,OT_04,reservoir_level_pct,73.372,72.0,1.372,0,NORMAL,0
TEL_0226,2026-08-06 17:11:00,OT_08,pressure_bar,4.19,4.0,0.19,3,NORMAL,0
TEL_1284,2026-08-06 18:18:00,OT_05,reservoir_level_pct,66.342,72.0,5.658,0,NORMAL,0
TEL_0430,2026-08-06 18:43:00,OT_08,chlorine_mg_l,0.605,0.7,0.095,0,NORMAL,0
TEL_1304,2026-08-06 20:14:00,OT_05,reservoir_level_pct,71.143,72.0,0.857,2,NORMAL,0
TEL_1250,2026-08-06 21:06:00,OT_03,reservoir_level_pct,67.682,72.0,4.318,2,NORMAL,0
TEL_0536,2026-08-06 22:34:00,OT_02,flow_lps,247.04,210.0,37.04,1,NORMAL,0
TEL_0513,2026-08-07 00:09:00,OT_05,reservoir_level_pct,67.452,72.0,4.548,4,NORMAL,0
TEL_0008,2026-08-07 00:10:00,OT_08,reservoir_level_pct,58.091,72.0,13.909,2,NORMAL,0
TEL_0618,2026-08-07 00:13:00,OT_08,chlorine_mg_l,0.78,0.7,0.08,0,NORMAL,0
TEL_0030,2026-08-07 01:17:00,OT_09,flow_lps,205.258,210.0,4.742,0,NORMAL,0
TEL_0122,2026-08-07 01:57:00,OT_06,flow_lps,237.079,210.0,27.079,1,NORMAL,0
TEL_0258,2026-08-07 02:21:00,OT_06,flow_lps,221.116,210.0,11.116,3,NORMAL,0
TEL_0320,2026-08-07 03:22:00,OT_15,reservoir_level_pct,75.025,72.0,3.025,0,NORMAL,0
TEL_1247,2026-08-07 03:32:00,OT_02,pressure_bar,4.119,4.0,0.119,1,NORMAL,0
TEL_1055,2026-08-07 03:54:00,OT_07,pressure_bar,4.329,4.0,0.329,0,NORMAL,0
TEL_0760,2026-08-07 03:58:00,OT_14,pressure_bar,3.554,4.0,0.446,1,NORMAL,0
TEL_0037,2026-08-07 04:02:00,OT_02,flow_lps,204.203,210.0,5.797,0,NORMAL,0
TEL_0681,2026-08-07 04:14:00,OT_12,flow_lps,176.635,210.0,33.365,3,NORMAL,0
TEL_0096,2026-08-07 04:24:00,OT_09,reservoir_level_pct,65.878,72.0,6.122,6,ALARM,1
TEL_0461,2026-08-07 04:42:00,OT_13,pressure_bar,3.482,4.0,0.518,1,NORMAL,0
TEL_1094,2026-08-07 04:43:00,OT_13,chlorine_mg_l,0.774,0.7,0.074,1,NORMAL,0
TEL_0524,2026-08-07 04:50:00,OT_09,pressure_bar,3.381,4.0,0.619,1,NORMAL,0
TEL_0366,2026-08-07 06:27:00,OT_11,reservoir_level_pct,75.944,72.0,3.944,0,NORMAL,0
TEL_1234,2026-08-07 06:49:00,OT_01,flow_lps,193.084,210.0,16.916,0,NORMAL,0
TEL_0016,2026-08-07 09:15:00,OT_03,pressure_bar,4.428,4.0,0.428,2,NORMAL,0
TEL_1139,2026-08-07 09:48:00,OT_07,flow_lps,177.934,210.0,32.066,1,NORMAL,0
TEL_0519,2026-08-07 10:25:00,OT_15,chlorine_mg_l,0.586,0.7,0.114,1,NORMAL,0
TEL_0887,2026-08-07 11:39:00,OT_07,chlorine_mg_l,0.718,0.7,0.018,0,NORMAL,0
TEL_0935,2026-08-07 12:16:00,OT_10,chlorine_mg_l,0.823,0.7,0.123,0,NORMAL,0
TEL_0126,2026-08-07 13:04:00,OT_05,pressure_bar,4.806,4.0,0.806,5,NORMAL,0
TEL_1069,2026-08-07 13:16:00,OT_01,chlorine_mg_l,0.683,0.7,0.017,1,NORMAL,0
TEL_0363,2026-08-07 13:58:00,OT_05,pressure_bar,4.291,4.0,0.291,2,NORMAL,0
TEL_1493,2026-08-07 14:15:00,OT_07,pressure_bar,3.899,4.0,0.101,1,NORMAL,0
TEL_0523,2026-08-07 14:38:00,OT_09,flow_lps,168.646,210.0,41.354,4,NORMAL,0
TEL_0653,2026-08-07 14:40:00,OT_13,chlorine_mg_l,0.621,0.7,0.079,0,NORMAL,0
TEL_1212,2026-08-07 14:59:00,OT_08,pressure_bar,5.073,4.0,1.073,3,NORMAL,0
TEL_0568,2026-08-07 16:15:00,OT_06,pressure_bar,4.385,4.0,0.385,1,NORMAL,0
TEL_1469,2026-08-07 16:25:00,OT_05,pressure_bar,3.3,4.0,0.7,2,NORMAL,0
TEL_0660,2026-08-07 16:52:00,OT_10,chlorine_mg_l,0.643,0.7,0.057,0,NORMAL,0
TEL_0035,2026-08-07 17:15:00,OT_07,pressure_bar,4.078,4.0,0.078,1,NORMAL,0
TEL_0188,2026-08-07 18:33:00,OT_06,pressure_bar,3.673,4.0,0.327,0,NORMAL,0
TEL_1310,2026-08-07 18:58:00,OT_15,reservoir_level_pct,68.846,72.0,3.154,3,NORMAL,0
TEL_0685,2026-08-07 20:35:00,OT_06,reservoir_level_pct,81.19,72.0,9.19,1,NORMAL,0
TEL_1202,2026-08-07 21:08:00,OT_10,flow_lps,187.818,210.0,22.182,0,NORMAL,0
TEL_1213,2026-08-07 21:09:00,OT_09,flow_lps,229.99,210.0,19.99,1,NORMAL,0
TEL_1397,2026-08-07 21:34:00,OT_02,flow_lps,199.923,210.0,10.077,0,NORMAL,0
TEL_0139,2026-08-07 22:08:00,OT_09,chlorine_mg_l,0.845,0.7,0.145,1,NORMAL,0
TEL_0316,2026-08-07 22:10:00,OT_05,reservoir_level_pct,78.974,72.0,6.974,1,NORMAL,0
TEL_0549,2026-08-07 22:54:00,OT_09,pressure_bar,3.066,4.0,0.934,1,NORMAL,0
TEL_0559,2026-08-07 23:39:00,OT_13,reservoir_level_pct,68.952,72.0,3.048,1,NORMAL,0
TEL_0994,2026-08-07 23:40:00,OT_05,flow_lps,197.713,210.0,12.287,0,NORMAL,0
TEL_0132,2026-08-07 23:46:00,OT_02,reservoir_level_pct,72.806,72.0,0.806,2,NORMAL,0
TEL_0529,2026-08-08 00:26:00,OT_10,flow_lps,147.472,210.0,62.528,2,NORMAL,0
TEL_0330,2026-08-08 00:27:00,OT_02,pressure_bar,4.184,4.0,0.184,1,NORMAL,0
TEL_1194,2026-08-08 00:50:00,OT_11,reservoir_level_pct,79.92,72.0,7.92,1,NORMAL,0
TEL_0518,2026-08-08 02:10:00,OT_06,reservoir_level_pct,73.605,72.0,1.605,2,NORMAL,0
TEL_0099,2026-08-08 02:20:00,OT_10,flow_lps,176.008,210.0,33.992,2,NORMAL,0
TEL_0134,2026-08-08 02:31:00,OT_09,chlorine_mg_l,0.767,0.7,0.067,0,NORMAL,0
TEL_1267,2026-08-08 02:57:00,OT_11,flow_lps,197.832,210.0,12.168,0,NORMAL,0
TEL_1177,2026-08-08 03:02:00,OT_07,flow_lps,177.393,210.0,32.607,0,NORMAL,0
TEL_1110,2026-08-08 04:05:00,OT_15,reservoir_level_pct,74.917,72.0,2.917,3,NORMAL,0
TEL_0965,2026-08-08 04:11:00,OT_02,flow_lps,260.082,210.0,50.082,0,NORMAL,0
TEL_1218,2026-08-08 05:00:00,OT_13,chlorine_mg_l,0.683,0.7,0.017,1,NORMAL,0
TEL_0929,2026-08-08 06:15:00,OT_05,chlorine_mg_l,0.73,0.7,0.03,1,NORMAL,0
TEL_1150,2026-08-08 08:09:00,OT_02,flow_lps,207.155,210.0,2.845,2,NORMAL,0
TEL_1364,2026-08-08 09:41:00,OT_09,flow_lps,180.687,210.0,29.313,1,NORMAL,0
TEL_0569,2026-08-08 09:56:00,OT_07,chlorine_mg_l,0.812,0.7,0.112,1,NORMAL,0
TEL_1263,2026-08-08 10:06:00,OT_01,flow_lps,227.234,210.0,17.234,1,NORMAL,0
TEL_0840,2026-08-08 10:28:00,OT_12,flow_lps,188.234,210.0,21.766,1,NORMAL,0
TEL_0160,2026-08-08 10:40:00,OT_02,chlorine_mg_l,0.619,0.7,0.081,1,NORMAL,0
TEL_0412,2026-08-08 10:52:00,OT_12,pressure_bar,3.541,4.0,0.459,0,NORMAL,0
TEL_0854,2026-08-08 11:08:00,OT_09,chlorine_mg_l,0.755,0.7,0.055,0,NORMAL,0
TEL_0515,2026-08-08 11:14:00,OT_08,reservoir_level_pct,71.78,72.0,0.22,1,NORMAL,0
TEL_0154,2026-08-08 11:15:00,OT_09,chlorine_mg_l,0.707,0.7,0.007,2,NORMAL,0
TEL_0445,2026-08-08 11:21:00,OT_10,chlorine_mg_l,0.749,0.7,0.049,0,NORMAL,0
TEL_0582,2026-08-08 11:49:00,OT_10,reservoir_level_pct,67.973,72.0,4.027,2,NORMAL,0
TEL_0590,2026-08-08 12:01:00,OT_11,chlorine_mg_l,0.807,0.7,0.107,2,NORMAL,0
TEL_0429,2026-08-08 12:47:00,OT_07,chlorine_mg_l,0.682,0.7,0.018,1,NORMAL,0
TEL_0872,2026-08-08 13:01:00,OT_01,chlorine_mg_l,0.637,0.7,0.063,2,NORMAL,0
TEL_0600,2026-08-08 13:06:00,OT_03,reservoir_level_pct,76.706,72.0,4.706,0,NORMAL,0
TEL_0442,2026-08-08 13:26:00,OT_06,pressure_bar,3.918,4.0,0.082,5,NORMAL,0
TEL_0338,2026-08-08 13:53:00,OT_09,chlorine_mg_l,0.638,0.7,0.062,3,NORMAL,0
TEL_0687,2026-08-08 14:12:00,OT_05,reservoir_level_pct,92.521,72.0,20.521,3,NORMAL,0
TEL_1289,2026-08-08 17:07:00,OT_13,pressure_bar,3.893,4.0,0.107,1,NORMAL,0
TEL_0761,2026-08-08 18:13:00,OT_08,flow_lps,227.659,210.0,17.659,1,NORMAL,0
TEL_0255,2026-08-08 18:25:00,OT_10,reservoir_level_pct,90.178,72.0,18.178,2,NORMAL,0
TEL_0457,2026-08-08 18:40:00,OT_13,chlorine_mg_l,0.655,0.7,0.045,1,NORMAL,0
TEL_0771,2026-08-08 18:41:00,OT_02,pressure_bar,4.063,4.0,0.063,1,NORMAL,0
TEL_0471,2026-08-08 18:56:00,OT_04,flow_lps,212.219,210.0,2.219,1,NORMAL,0
TEL_0894,2026-08-08 19:44:00,OT_06,flow_lps,198.718,210.0,11.282,1,NORMAL,0
TEL_0469,2026-08-08 19:44:00,OT_10,reservoir_level_pct,77.129,72.0,5.129,0,NORMAL,0
TEL_0583,2026-08-08 19:47:00,OT_07,chlorine_mg_l,0.616,0.7,0.084,2,NORMAL,0
TEL_0986,2026-08-08 20:15:00,OT_10,chlorine_mg_l,0.602,0.7,0.098,1,NORMAL,0
TEL_0905,2026-08-08 20:26:00,OT_04,flow_lps,160.927,210.0,49.073,2,NORMAL,0
TEL_0863,2026-08-08 21:14:00,OT_15,pressure_bar,3.449,4.0,0.551,1,NORMAL,0
TEL_0829,2026-08-08 22:33:00,OT_04,pressure_bar,4.076,4.0,0.076,0,NORMAL,0
TEL_0301,2026-08-08 23:06:00,OT_06,pressure_bar,4.251,4.0,0.251,1,NORMAL,0
TEL_0652,2026-08-08 23:40:00,OT_15,flow_lps,241.082,210.0,31.082,0,NORMAL,0
TEL_0266,2026-08-09 00:05:00,OT_06,flow_lps,183.554,210.0,26.446,1,NORMAL,0
TEL_0180,2026-08-09 00:26:00,OT_05,flow_lps,190.239,210.0,19.761,2,NORMAL,0
TEL_0827,2026-08-09 00:58:00,OT_14,reservoir_level_pct,68.928,72.0,3.072,1,NORMAL,0
TEL_1421,2026-08-09 01:49:00,OT_08,flow_lps,158.063,210.0,51.937,0,NORMAL,0
TEL_1482,2026-08-09 02:26:00,OT_04,pressure_bar,4.017,4.0,0.017,1,NORMAL,0
TEL_0224,2026-08-09 03:20:00,OT_04,flow_lps,214.355,210.0,4.355,2,NORMAL,0
TEL_0130,2026-08-09 04:03:00,OT_06,pressure_bar,4.008,4.0,0.008,2,NORMAL,0
TEL_1403,2026-08-09 04:06:00,OT_12,chlorine_mg_l,0.739,0.7,0.039,3,NORMAL,0
TEL_0883,2026-08-09 04:56:00,OT_06,reservoir_level_pct,81.295,72.0,9.295,8,ALARM,1
TEL_0770,2026-08-09 04:58:00,OT_14,pressure_bar,4.887,4.0,0.887,0,NORMAL,0
TEL_0051,2026-08-09 05:31:00,OT_07,flow_lps,226.059,210.0,16.059,1,NORMAL,0
TEL_1187,2026-08-09 05:39:00,OT_12,reservoir_level_pct,66.013,72.0,5.987,4,NORMAL,0
TEL_0197,2026-08-09 05:49:00,OT_12,flow_lps,195.413,210.0,14.587,4,NORMAL,0
TEL_0425,2026-08-09 06:12:00,OT_05,flow_lps,202.699,210.0,7.301,4,NORMAL,0
TEL_0942,2026-08-09 06:43:00,OT_12,chlorine_mg_l,0.774,0.7,0.074,2,NORMAL,0
TEL_1322,2026-08-09 06:55:00,OT_15,flow_lps,190.714,210.0,19.286,0,NORMAL,0
TEL_1179,2026-08-09 08:17:00,OT_06,chlorine_mg_l,0.702,0.7,0.002,1,NORMAL,0
TEL_1054,2026-08-09 08:28:00,OT_10,pressure_bar,4.112,4.0,0.112,0,NORMAL,0
TEL_0202,2026-08-09 08:33:00,OT_13,pressure_bar,3.86,4.0,0.14,0,NORMAL,0
TEL_1278,2026-08-09 08:41:00,OT_01,reservoir_level_pct,72.449,72.0,0.449,1,NORMAL,0
TEL_0182,2026-08-09 08:43:00,OT_14,flow_lps,200.537,210.0,9.463,0,NORMAL,0
TEL_1313,2026-08-09 09:03:00,OT_08,chlorine_mg_l,0.679,0.7,0.021,2,NORMAL,0
TEL_0535,2026-08-09 09:28:00,OT_12,pressure_bar,3.866,4.0,0.134,0,NORMAL,0
TEL_0070,2026-08-09 09:38:00,OT_15,chlorine_mg_l,0.691,0.7,0.009,0,NORMAL,0
TEL_1057,2026-08-09 10:19:00,OT_04,flow_lps,209.799,210.0,0.201,2,NORMAL,0
TEL_0295,2026-08-09 11:38:00,OT_14,flow_lps,233.224,210.0,23.224,0,NORMAL,0
TEL_0765,2026-08-09 11:39:00,OT_09,pressure_bar,4.113,4.0,0.113,0,NORMAL,0
TEL_1076,2026-08-09 11:53:00,OT_02,pressure_bar,4.206,4.0,0.206,0,NORMAL,0
TEL_0489,2026-08-09 12:36:00,OT_09,chlorine_mg_l,0.62,0.7,0.08,0,NORMAL,0
TEL_1320,2026-08-09 12:55:00,OT_01,chlorine_mg_l,0.867,0.7,0.167,4,NORMAL,0
TEL_0498,2026-08-09 13:20:00,OT_08,reservoir_level_pct,66.748,72.0,5.252,0,NORMAL,0
TEL_0921,2026-08-09 13:44:00,OT_13,pressure_bar,4.067,4.0,0.067,1,NORMAL,0
TEL_0121,2026-08-09 14:10:00,OT_13,pressure_bar,4.209,4.0,0.209,1,NORMAL,0
TEL_0825,2026-08-09 14:52:00,OT_10,flow_lps,203.207,210.0,6.793,3,NORMAL,0
TEL_1427,2026-08-09 16:05:00,OT_06,reservoir_level_pct,70.618,72.0,1.382,2,NORMAL,0
TEL_1016,2026-08-09 16:38:00,OT_03,chlorine_mg_l,0.614,0.7,0.086,0,NORMAL,0
TEL_0015,2026-08-09 16:50:00,OT_05,chlorine_mg_l,0.743,0.7,0.043,1,NORMAL,0
TEL_1380,2026-08-09 17:30:00,OT_15,flow_lps,250.928,210.0,40.928,0,NORMAL,0
TEL_0109,2026-08-09 19:13:00,OT_10,pressure_bar,4.899,4.0,0.899,1,NORMAL,0
TEL_0234,2026-08-09 19:21:00,OT_05,reservoir_level_pct,81.098,72.0,9.098,2,NORMAL,0
TEL_1079,2026-08-09 19:25:00,OT_09,reservoir_level_pct,80.978,72.0,8.978,0,NORMAL,0
TEL_0707,2026-08-09 19:49:00,OT_10,chlorine_mg_l,0.746,0.7,0.046,1,NORMAL,0
TEL_0539,2026-08-09 20:29:00,OT_14,reservoir_level_pct,69.806,72.0,2.194,2,NORMAL,0
TEL_0272,2026-08-09 21:18:00,OT_03,chlorine_mg_l,0.74,0.7,0.04,2,NORMAL,0
TEL_0094,2026-08-09 23:10:00,OT_05,reservoir_level_pct,48.593,72.0,23.407,2,NORMAL,0
TEL_0003,2026-08-09 23:40:00,OT_13,flow_lps,181.469,210.0,28.531,0,NORMAL,0
TEL_1442,2026-08-10 00:41:00,OT_08,pressure_bar,3.208,4.0,0.792,2,NORMAL,0
TEL_0450,2026-08-10 01:26:00,OT_14,chlorine_mg_l,0.708,0.7,0.008,1,NORMAL,0
TEL_1494,2026-08-10 01:40:00,OT_03,reservoir_level_pct,74.593,72.0,2.593,2,NORMAL,0
TEL_0393,2026-08-10 04:12:00,OT_14,reservoir_level_pct,88.429,72.0,16.429,0,NORMAL,0
TEL_1112,2026-08-10 04:29:00,OT_04,pressure_bar,3.788,4.0,0.212,2,NORMAL,0
TEL_0242,2026-08-10 04:35:00,OT_15,chlorine_mg_l,0.694,0.7,0.006,1,NORMAL,0
TEL_0796,2026-08-10 05:18:00,OT_07,pressure_bar,3.787,4.0,0.213,2,NORMAL,0
TEL_1253,2026-08-10 05:22:00,OT_01,pressure_bar,3.958,4.0,0.042,0,NORMAL,0
TEL_1373,2026-08-10 05:30:00,OT_03,pressure_bar,7.661,4.0,3.661,9,ALARM,1
TEL_0772,2026-08-10 06:38:00,OT_06,pressure_bar,4.068,4.0,0.068,0,NORMAL,0
TEL_0845,2026-08-10 07:31:00,OT_02,flow_lps,200.919,210.0,9.081,0,NORMAL,0
TEL_1449,2026-08-10 07:35:00,OT_10,pressure_bar,4.36,4.0,0.36,1,NORMAL,0
TEL_0441,2026-08-10 08:18:00,OT_09,chlorine_mg_l,0.792,0.7,0.092,0,NORMAL,0
TEL_1429,2026-08-10 08:37:00,OT_12,flow_lps,227.449,210.0,17.449,2,NORMAL,0
TEL_0708,2026-08-10 08:52:00,OT_02,pressure_bar,3.595,4.0,0.405,2,NORMAL,0
TEL_0834,2026-08-10 08:57:00,OT_09,chlorine_mg_l,0.756,0.7,0.056,0,NORMAL,0
TEL_0174,2026-08-10 09:29:00,OT_05,reservoir_level_pct,55.691,72.0,16.309,0,NORMAL,0
TEL_0784,2026-08-10 10:17:00,OT_11,chlorine_mg_l,0.716,0.7,0.016,1,NORMAL,0
TEL_0284,2026-08-10 11:48:00,OT_04,pressure_bar,4.601,4.0,0.601,0,NORMAL,0
TEL_1292,2026-08-10 11:49:00,OT_08,pressure_bar,4.474,4.0,0.474,1,NORMAL,0
TEL_0560,2026-08-10 12:32:00,OT_08,flow_lps,231.314,210.0,21.314,1,NORMAL,0
TEL_1444,2026-08-10 13:34:00,OT_14,pressure_bar,4.427,4.0,0.427,0,NORMAL,0
TEL_0480,2026-08-10 13:39:00,OT_09,flow_lps,209.154,210.0,0.846,3,NORMAL,0
TEL_0388,2026-08-10 13:39:00,OT_08,flow_lps,234.57,210.0,24.57,0,NORMAL,0
TEL_0227,2026-08-10 14:27:00,OT_02,flow_lps,168.721,210.0,41.279,2,NORMAL,0
TEL_0819,2026-08-10 14:46:00,OT_14,chlorine_mg_l,0.706,0.7,0.006,0,NORMAL,0
TEL_0668,2026-08-10 15:32:00,OT_08,reservoir_level_pct,60.199,72.0,11.801,0,NORMAL,0
TEL_0575,2026-08-10 15:45:00,OT_08,chlorine_mg_l,0.626,0.7,0.074,1,NORMAL,0
TEL_0952,2026-08-10 16:31:00,OT_02,pressure_bar,6.426,4.0,2.426,4,ALARM,1
TEL_1071,2026-08-10 16:42:00,OT_06,reservoir_level_pct,67.862,72.0,4.138,2,NORMAL,0
TEL_1011,2026-08-10 17:06:00,OT_13,reservoir_level_pct,66.462,72.0,5.538,2,NORMAL,0
TEL_0599,2026-08-10 17:09:00,OT_05,pressure_bar,4.873,4.0,0.873,0,NORMAL,0
TEL_0209,2026-08-10 17:58:00,OT_10,pressure_bar,3.962,4.0,0.038,1,NORMAL,0
TEL_1065,2026-08-10 18:03:00,OT_11,pressure_bar,4.032,4.0,0.032,0,NORMAL,0
TEL_0293,2026-08-10 19:24:00,OT_07,reservoir_level_pct,93.417,72.0,21.417,10,ALARM,1
TEL_1243,2026-08-10 20:24:00,OT_02,reservoir_level_pct,74.945,72.0,2.945,1,NORMAL,0
TEL_0758,2026-08-10 21:34:00,OT_02,reservoir_level_pct,79.617,72.0,7.617,0,NORMAL,0
TEL_0552,2026-08-10 22:18:00,OT_14,flow_lps,157.394,210.0,52.606,0,NORMAL,0
TEL_0788,2026-08-10 22:39:00,OT_15,chlorine_mg_l,0.695,0.7,0.005,0,NORMAL,0
TEL_0888,2026-08-10 22:59:00,OT_09,reservoir_level_pct,76.96,72.0,4.96,0,NORMAL,0
TEL_0190,2026-08-10 23:09:00,OT_09,pressure_bar,3.893,4.0,0.107,1,NORMAL,0
TEL_0488,2026-08-10 23:21:00,OT_09,reservoir_level_pct,67.536,72.0,4.464,2,NORMAL,0
TEL_0822,2026-08-10 23:44:00,OT_15,pressure_bar,3.705,4.0,0.295,1,NORMAL,0
TEL_0073,2026-08-11 02:07:00,OT_10,reservoir_level_pct,77.462,72.0,5.462,0,NORMAL,0
TEL_0504,2026-08-11 02:22:00,OT_03,reservoir_level_pct,89.776,72.0,17.776,6,ALARM,1
TEL_0622,2026-08-11 02:59:00,OT_04,pressure_bar,3.869,4.0,0.131,0,NORMAL,0
TEL_1178,2026-08-11 04:30:00,OT_06,pressure_bar,4.577,4.0,0.577,2,NORMAL,0
TEL_0839,2026-08-11 05:50:00,OT_03,pressure_bar,4.434,4.0,0.434,0,NORMAL,0
TEL_0170,2026-08-11 07:00:00,OT_06,reservoir_level_pct,106.086,72.0,34.086,9,ALARM,1
TEL_0004,2026-08-11 07:46:00,OT_14,pressure_bar,3.913,4.0,0.087,0,NORMAL,0
TEL_0629,2026-08-11 07:58:00,OT_08,reservoir_level_pct,62.443,72.0,9.557,2,NORMAL,0
TEL_0259,2026-08-11 08:06:00,OT_02,flow_lps,215.351,210.0,5.351,0,NORMAL,0
TEL_1109,2026-08-11 08:19:00,OT_07,chlorine_mg_l,0.759,0.7,0.059,1,NORMAL,0
TEL_1203,2026-08-11 08:30:00,OT_15,pressure_bar,4.055,4.0,0.055,0,NORMAL,0
TEL_0111,2026-08-11 08:40:00,OT_05,chlorine_mg_l,0.565,0.7,0.135,1,NORMAL,0
TEL_1061,2026-08-11 08:49:00,OT_14,pressure_bar,4.517,4.0,0.517,1,NORMAL,0
TEL_1337,2026-08-11 08:58:00,OT_09,pressure_bar,4.47,4.0,0.47,1,NORMAL,0
TEL_1297,2026-08-11 09:00:00,OT_11,chlorine_mg_l,0.587,0.7,0.113,0,NORMAL,0
TEL_1264,2026-08-11 10:51:00,OT_02,flow_lps,190.46,210.0,19.54,2,NORMAL,0
TEL_0114,2026-08-11 11:32:00,OT_14,chlorine_mg_l,0.755,0.7,0.055,1,NORMAL,0
TEL_1317,2026-08-11 11:34:00,OT_14,chlorine_mg_l,0.714,0.7,0.014,1,NORMAL,0
TEL_0595,2026-08-11 11:56:00,OT_12,pressure_bar,4.342,4.0,0.342,3,NORMAL,0
TEL_0332,2026-08-11 12:36:00,OT_15,flow_lps,227.881,210.0,17.881,0,NORMAL,0
TEL_1155,2026-08-11 12:37:00,OT_10,chlorine_mg_l,0.775,0.7,0.075,0,NORMAL,0
TEL_1433,2026-08-11 12:54:00,OT_02,pressure_bar,4.978,4.0,0.978,1,NORMAL,0
TEL_0739,2026-08-11 12:55:00,OT_01,chlorine_mg_l,0.924,0.7,0.224,1,NORMAL,0
TEL_0079,2026-08-11 13:22:00,OT_12,flow_lps,183.366,210.0,26.634,3,NORMAL,0
TEL_1428,2026-08-11 13:44:00,OT_08,reservoir_level_pct,79.301,72.0,7.301,0,NORMAL,0
TEL_1383,2026-08-11 14:38:00,OT_14,reservoir_level_pct,77.042,72.0,5.042,0,NORMAL,0
TEL_1021,2026-08-11 15:50:00,OT_08,reservoir_level_pct,72.303,72.0,0.303,0,NORMAL,0
TEL_0815,2026-08-11 15:59:00,OT_13,chlorine_mg_l,0.588,0.7,0.112,2,NORMAL,0
TEL_1315,2026-08-11 16:17:00,OT_08,pressure_bar,2.853,4.0,1.147,1,NORMAL,0
TEL_0240,2026-08-11 16:28:00,OT_04,chlorine_mg_l,0.775,0.7,0.075,2,NORMAL,0
TEL_0136,2026-08-11 17:09:00,OT_14,pressure_bar,4.268,4.0,0.268,0,NORMAL,0
TEL_1034,2026-08-11 18:26:00,OT_08,pressure_bar,3.856,4.0,0.144,2,NORMAL,0
TEL_1181,2026-08-11 19:32:00,OT_12,reservoir_level_pct,75.259,72.0,3.259,1,NORMAL,0
TEL_0717,2026-08-11 20:06:00,OT_04,chlorine_mg_l,0.636,0.7,0.064,0,NORMAL,0
TEL_0987,2026-08-11 20:38:00,OT_13,pressure_bar,3.546,4.0,0.454,0,NORMAL,0
TEL_0219,2026-08-11 21:10:00,OT_13,chlorine_mg_l,0.663,0.7,0.037,1,NORMAL,0
TEL_0601,2026-08-11 21:39:00,OT_13,chlorine_mg_l,0.606,0.7,0.094,2,NORMAL,0
TEL_1291,2026-08-11 22:17:00,OT_11,flow_lps,220.885,210.0,10.885,0,NORMAL,0
TEL_0666,2026-08-11 22:56:00,OT_08,pressure_bar,4.335,4.0,0.335,1,NORMAL,0
TEL_0014,2026-08-12 00:49:00,OT_01,flow_lps,192.346,210.0,17.654,4,NORMAL,0
TEL_1140,2026-08-12 01:11:00,OT_10,chlorine_mg_l,0.796,0.7,0.096,1,NORMAL,0
TEL_1038,2026-08-12 01:17:00,OT_08,chlorine_mg_l,0.633,0.7,0.067,4,NORMAL,0
TEL_0100,2026-08-12 02:03:00,OT_11,pressure_bar,3.29,4.0,0.71,0,NORMAL,0
TEL_0844,2026-08-12 02:08:00,OT_04,pressure_bar,4.953,4.0,0.953,1,NORMAL,0
TEL_1072,2026-08-12 02:18:00,OT_08,flow_lps,190.576,210.0,19.424,2,NORMAL,0
TEL_1349,2026-08-12 02:33:00,OT_11,chlorine_mg_l,0.731,0.7,0.031,0,NORMAL,0
TEL_1295,2026-08-12 02:58:00,OT_10,reservoir_level_pct,68.724,72.0,3.276,0,NORMAL,0
TEL_1161,2026-08-12 03:05:00,OT_03,reservoir_level_pct,81.511,72.0,9.511,1,NORMAL,0
TEL_0593,2026-08-12 03:28:00,OT_03,flow_lps,234.608,210.0,24.608,9,ALARM,1
TEL_1352,2026-08-12 03:48:00,OT_05,pressure_bar,4.485,4.0,0.485,2,NORMAL,0
TEL_0763,2026-08-12 04:11:00,OT_11,flow_lps,180.833,210.0,29.167,2,NORMAL,0
TEL_0296,2026-08-12 04:49:00,OT_04,chlorine_mg_l,0.589,0.7,0.111,2,NORMAL,0
TEL_0409,2026-08-12 05:37:00,OT_06,chlorine_mg_l,0.569,0.7,0.131,2,NORMAL,0
TEL_1431,2026-08-12 05:45:00,OT_07,reservoir_level_pct,137.342,72.0,65.342,4,ALARM,1
TEL_0679,2026-08-12 05:58:00,OT_02,reservoir_level_pct,80.329,72.0,8.329,0,NORMAL,0
TEL_0696,2026-08-12 06:49:00,OT_03,chlorine_mg_l,0.773,0.7,0.073,1,NORMAL,0
TEL_1029,2026-08-12 06:52:00,OT_14,chlorine_mg_l,0.687,0.7,0.013,0,NORMAL,0
TEL_0454,2026-08-12 06:57:00,OT_09,pressure_bar,4.921,4.0,0.921,1,NORMAL,0
TEL_0756,2026-08-12 07:10:00,OT_13,flow_lps,220.799,210.0,10.799,1,NORMAL,0
TEL_1404,2026-08-12 07:33:00,OT_08,pressure_bar,4.909,4.0,0.909,5,NORMAL,0
TEL_0140,2026-08-12 07:38:00,OT_15,flow_lps,189.436,210.0,20.564,3,NORMAL,0
TEL_1487,2026-08-12 07:48:00,OT_09,pressure_bar,3.564,4.0,0.436,1,NORMAL,0
TEL_0231,2026-08-12 08:04:00,OT_14,flow_lps,203.563,210.0,6.437,1,NORMAL,0
TEL_1167,2026-08-12 08:13:00,OT_15,pressure_bar,6.25,4.0,2.25,8,ALARM,1
TEL_0491,2026-08-12 08:18:00,OT_09,reservoir_level_pct,75.535,72.0,3.535,1,NORMAL,0
TEL_0636,2026-08-12 09:20:00,OT_02,chlorine_mg_l,0.713,0.7,0.013,1,NORMAL,0
TEL_0282,2026-08-12 09:28:00,OT_14,flow_lps,211.626,210.0,1.626,2,NORMAL,0
TEL_0063,2026-08-12 10:06:00,OT_09,flow_lps,212.347,210.0,2.347,2,NORMAL,0
TEL_0546,2026-08-12 10:14:00,OT_15,chlorine_mg_l,0.659,0.7,0.041,2,NORMAL,0
TEL_1307,2026-08-12 10:27:00,OT_13,pressure_bar,3.979,4.0,0.021,1,NORMAL,0
TEL_0285,2026-08-12 11:51:00,OT_12,flow_lps,216.218,210.0,6.218,2,NORMAL,0
TEL_0025,2026-08-12 13:13:00,OT_02,chlorine_mg_l,1.048,0.7,0.348,8,ALARM,1
TEL_0824,2026-08-12 13:38:00,OT_07,flow_lps,251.972,210.0,41.972,2,NORMAL,0
TEL_0694,2026-08-12 13:47:00,OT_10,pressure_bar,4.234,4.0,0.234,2,NORMAL,0
TEL_1098,2026-08-12 13:56:00,OT_14,flow_lps,203.239,210.0,6.761,1,NORMAL,0
TEL_0945,2026-08-12 13:56:00,OT_02,flow_lps,205.461,210.0,4.539,1,NORMAL,0
TEL_0034,2026-08-12 14:17:00,OT_06,reservoir_level_pct,70.237,72.0,1.763,0,NORMAL,0
TEL_0960,2026-08-12 14:19:00,OT_05,chlorine_mg_l,0.839,0.7,0.139,0,NORMAL,0
TEL_1457,2026-08-12 15:04:00,OT_03,reservoir_level_pct,68.086,72.0,3.914,3,NORMAL,0
TEL_0877,2026-08-12 15:45:00,OT_09,flow_lps,233.687,210.0,23.687,1,NORMAL,0
TEL_0011,2026-08-12 17:07:00,OT_04,flow_lps,219.192,210.0,9.192,2,NORMAL,0
TEL_1028,2026-08-12 17:28:00,OT_14,flow_lps,197.584,210.0,12.416,1,NORMAL,0
TEL_1242,2026-08-12 17:38:00,OT_03,chlorine_mg_l,0.804,0.7,0.104,0,NORMAL,0
TEL_1205,2026-08-12 18:07:00,OT_09,chlorine_mg_l,0.68,0.7,0.02,2,NORMAL,0
TEL_1009,2026-08-12 18:09:00,OT_14,flow_lps,224.018,210.0,14.018,5,NORMAL,0
TEL_0397,2026-08-12 18:49:00,OT_14,reservoir_level_pct,75.463,72.0,3.463,3,NORMAL,0
TEL_0541,2026-08-12 19:15:00,OT_12,chlorine_mg_l,0.613,0.7,0.087,2,NORMAL,0
TEL_1491,2026-08-12 20:32:00,OT_01,pressure_bar,4.138,4.0,0.138,0,NORMAL,0
TEL_1472,2026-08-12 20:32:00,OT_10,pressure_bar,3.875,4.0,0.125,1,NORMAL,0
TEL_1459,2026-08-12 20:33:00,OT_03,reservoir_level_pct,83.034,72.0,11.034,2,NORMAL,0
TEL_1471,2026-08-12 22:57:00,OT_05,flow_lps,238.938,210.0,28.938,1,NORMAL,0
TEL_0270,2026-08-13 00:00:00,OT_15,reservoir_level_pct,75.645,72.0,3.645,1,NORMAL,0
TEL_0439,2026-08-13 00:52:00,OT_12,chlorine_mg_l,0.67,0.7,0.03,1,NORMAL,0
TEL_1210,2026-08-13 00:57:00,OT_05,reservoir_level_pct,62.241,72.0,9.759,1,NORMAL,0
TEL_1363,2026-08-13 01:27:00,OT_09,reservoir_level_pct,62.067,72.0,9.933,0,NORMAL,0
TEL_1336,2026-08-13 02:51:00,OT_14,chlorine_mg_l,0.754,0.7,0.054,2,NORMAL,0
TEL_1440,2026-08-13 03:18:00,OT_01,pressure_bar,4.182,4.0,0.182,1,NORMAL,0
TEL_0087,2026-08-13 04:00:00,OT_15,reservoir_level_pct,57.61,72.0,14.39,1,NORMAL,0
TEL_0871,2026-08-13 04:23:00,OT_14,pressure_bar,3.724,4.0,0.276,0,NORMAL,0
TEL_0056,2026-08-13 05:55:00,OT_15,chlorine_mg_l,0.788,0.7,0.088,1,NORMAL,0
TEL_0428,2026-08-13 06:33:00,OT_08,reservoir_level_pct,74.782,72.0,2.782,2,NORMAL,0
TEL_1463,2026-08-13 07:14:00,OT_10,chlorine_mg_l,0.579,0.7,0.121,0,NORMAL,0
TEL_0500,2026-08-13 07:43:00,OT_15,flow_lps,218.616,210.0,8.616,1,NORMAL,0
TEL_1348,2026-08-13 08:14:00,OT_09,pressure_bar,4.66,4.0,0.66,1,NORMAL,0
TEL_1039,2026-08-13 09:08:00,OT_03,flow_lps,225.036,210.0,15.036,0,NORMAL,0
TEL_1033,2026-08-13 09:32:00,OT_08,pressure_bar,3.366,4.0,0.634,1,NORMAL,0
TEL_0729,2026-08-13 09:36:00,OT_02,pressure_bar,3.726,4.0,0.274,0,NORMAL,0
TEL_0684,2026-08-13 09:45:00,OT_02,flow_lps,234.003,210.0,24.003,1,NORMAL,0
TEL_1123,2026-08-13 10:20:00,OT_15,chlorine_mg_l,0.705,0.7,0.005,1,NORMAL,0
TEL_0530,2026-08-13 10:27:00,OT_02,pressure_bar,6.635,4.0,2.635,11,ALARM,1
TEL_0891,2026-08-13 11:12:00,OT_11,reservoir_level_pct,76.392,72.0,4.392,0,NORMAL,0
TEL_0233,2026-08-13 11:58:00,OT_05,pressure_bar,4.493,4.0,0.493,0,NORMAL,0
TEL_0925,2026-08-13 14:47:00,OT_13,pressure_bar,4.646,4.0,0.646,1,NORMAL,0
TEL_0527,2026-08-13 15:22:00,OT_11,flow_lps,204.95,210.0,5.05,2,NORMAL,0
TEL_1424,2026-08-13 15:24:00,OT_13,flow_lps,268.43,210.0,58.43,0,NORMAL,0
TEL_0470,2026-08-13 15:43:00,OT_12,flow_lps,197.633,210.0,12.367,1,NORMAL,0
TEL_1142,2026-08-13 16:18:00,OT_04,reservoir_level_pct,52.843,72.0,19.157,1,NORMAL,0
TEL_0262,2026-08-13 16:25:00,OT_09,chlorine_mg_l,0.683,0.7,0.017,2,NORMAL,0
TEL_1395,2026-08-13 18:24:00,OT_06,reservoir_level_pct,58.159,72.0,13.841,1,NORMAL,0
TEL_0303,2026-08-13 18:48:00,OT_10,chlorine_mg_l,0.636,0.7,0.064,0,NORMAL,0
TEL_0464,2026-08-13 18:52:00,OT_12,pressure_bar,3.896,4.0,0.104,1,NORMAL,0
TEL_0331,2026-08-13 19:33:00,OT_13,chlorine_mg_l,0.619,0.7,0.081,0,NORMAL,0
TEL_0137,2026-08-13 19:41:00,OT_13,pressure_bar,4.249,4.0,0.249,1,NORMAL,0
TEL_1241,2026-08-13 19:43:00,OT_12,pressure_bar,4.981,4.0,0.981,1,NORMAL,0
TEL_0861,2026-08-13 20:04:00,OT_13,pressure_bar,3.414,4.0,0.586,1,NORMAL,0
TEL_0641,2026-08-13 20:39:00,OT_07,pressure_bar,3.662,4.0,0.338,1,NORMAL,0
TEL_0065,2026-08-13 20:57:00,OT_11,reservoir_level_pct,79.649,72.0,7.649,1,NORMAL,0
TEL_1062,2026-08-13 22:05:00,OT_08,reservoir_level_pct,66.082,72.0,5.918,0,NORMAL,0
TEL_0167,2026-08-13 22:39:00,OT_10,flow_lps,207.693,210.0,2.307,1,NORMAL,0
TEL_0881,2026-08-13 23:25:00,OT_12,chlorine_mg_l,0.651,0.7,0.049,3,NORMAL,0
TEL_0516,2026-08-13 23:36:00,OT_06,reservoir_level_pct,79.372,72.0,7.372,1,NORMAL,0
TEL_1279,2026-08-14 00:01:00,OT_01,pressure_bar,3.777,4.0,0.223,2,NORMAL,0
TEL_0917,2026-08-14 00:13:00,OT_13,chlorine_mg_l,0.609,0.7,0.091,0,NORMAL,0
TEL_0667,2026-08-14 00:20:00,OT_07,flow_lps,202.99,210.0,7.01,2,NORMAL,0
TEL_1353,2026-08-14 01:17:00,OT_11,flow_lps,192.671,210.0,17.329,1,NORMAL,0
TEL_1097,2026-08-14 01:27:00,OT_10,reservoir_level_pct,64.209,72.0,7.791,1,NORMAL,0
TEL_0520,2026-08-14 01:37:00,OT_12,flow_lps,197.325,210.0,12.675,0,NORMAL,0
TEL_0159,2026-08-14 02:24:00,OT_05,reservoir_level_pct,85.168,72.0,13.168,0,NORMAL,0
TEL_0465,2026-08-14 02:48:00,OT_05,pressure_bar,4.274,4.0,0.274,1,NORMAL,0
TEL_0517,2026-08-14 03:00:00,OT_02,chlorine_mg_l,0.574,0.7,0.126,1,NORMAL,0
TEL_0033,2026-08-14 05:01:00,OT_11,reservoir_level_pct,68.776,72.0,3.224,3,NORMAL,0
TEL_0143,2026-08-14 05:06:00,OT_02,pressure_bar,3.656,4.0,0.344,0,NORMAL,0
TEL_0404,2026-08-14 05:10:00,OT_13,flow_lps,183.787,210.0,26.213,0,NORMAL,0
TEL_0317,2026-08-14 05:11:00,OT_14,reservoir_level_pct,77.578,72.0,5.578,1,NORMAL,0
TEL_0069,2026-08-14 05:19:00,OT_10,flow_lps,199.735,210.0,10.265,1,NORMAL,0
TEL_0225,2026-08-14 06:03:00,OT_03,reservoir_level_pct,82.889,72.0,10.889,3,NORMAL,0
TEL_0661,2026-08-14 06:46:00,OT_09,flow_lps,229.369,210.0,19.369,0,NORMAL,0
TEL_0267,2026-08-14 07:09:00,OT_11,reservoir_level_pct,70.739,72.0,1.261,1,NORMAL,0
TEL_0406,2026-08-14 07:15:00,OT_11,chlorine_mg_l,0.634,0.7,0.066,2,NORMAL,0
TEL_1331,2026-08-14 08:38:00,OT_07,reservoir_level_pct,80.131,72.0,8.131,2,NORMAL,0
TEL_0178,2026-08-14 09:02:00,OT_04,pressure_bar,3.969,4.0,0.031,1,NORMAL,0
TEL_1452,2026-08-14 09:10:00,OT_04,chlorine_mg_l,0.794,0.7,0.094,9,ALARM,1
TEL_0673,2026-08-14 09:16:00,OT_05,pressure_bar,4.339,4.0,0.339,8,ALARM,1
TEL_0686,2026-08-14 09:40:00,OT_14,chlorine_mg_l,0.532,0.7,0.168,0,NORMAL,0
TEL_0435,2026-08-14 09:46:00,OT_08,chlorine_mg_l,0.809,0.7,0.109,1,NORMAL,0
TEL_0312,2026-08-14 09:50:00,OT_10,flow_lps,155.434,210.0,54.566,3,NORMAL,0
TEL_0356,2026-08-14 09:56:00,OT_12,pressure_bar,3.833,4.0,0.167,1,NORMAL,0
TEL_1332,2026-08-14 10:07:00,OT_09,flow_lps,188.015,210.0,21.985,1,NORMAL,0
TEL_1040,2026-08-14 10:31:00,OT_06,flow_lps,189.377,210.0,20.623,1,NORMAL,0
TEL_1360,2026-08-14 11:02:00,OT_04,chlorine_mg_l,0.653,0.7,0.047,0,NORMAL,0
TEL_1117,2026-08-14 12:24:00,OT_08,chlorine_mg_l,0.69,0.7,0.01,0,NORMAL,0
TEL_0864,2026-08-14 12:34:00,OT_06,chlorine_mg_l,0.733,0.7,0.033,1,NORMAL,0
TEL_0187,2026-08-14 12:36:00,OT_11,reservoir_level_pct,73.068,72.0,1.068,2,NORMAL,0
TEL_0597,2026-08-14 13:17:00,OT_15,pressure_bar,3.77,4.0,0.23,1,NORMAL,0
TEL_0315,2026-08-14 13:50:00,OT_15,reservoir_level_pct,78.094,72.0,6.094,0,NORMAL,0
TEL_0299,2026-08-14 13:55:00,OT_05,reservoir_level_pct,76.44,72.0,4.44,2,NORMAL,0
TEL_0256,2026-08-14 14:29:00,OT_05,chlorine_mg_l,0.702,0.7,0.002,1,NORMAL,0
TEL_0281,2026-08-14 14:29:00,OT_04,pressure_bar,5.525,4.0,1.525,8,ALARM,1
TEL_0101,2026-08-14 15:09:00,OT_13,chlorine_mg_l,0.525,0.7,0.175,5,NORMAL,0
TEL_1156,2026-08-14 16:09:00,OT_10,pressure_bar,3.986,4.0,0.014,3,NORMAL,0
TEL_0699,2026-08-14 17:22:00,OT_09,pressure_bar,4.094,4.0,0.094,1,NORMAL,0
TEL_1296,2026-08-14 17:52:00,OT_14,reservoir_level_pct,79.883,72.0,7.883,3,NORMAL,0
TEL_0142,2026-08-14 17:59:00,OT_10,reservoir_level_pct,77.727,72.0,5.727,3,NORMAL,0
TEL_0634,2026-08-14 18:07:00,OT_02,pressure_bar,4.138,4.0,0.138,1,NORMAL,0
TEL_1088,2026-08-14 20:58:00,OT_02,reservoir_level_pct,55.208,72.0,16.792,2,NORMAL,0
TEL_0798,2026-08-14 21:04:00,OT_14,reservoir_level_pct,69.236,72.0,2.764,2,NORMAL,0
TEL_0276,2026-08-14 21:07:00,OT_04,reservoir_level_pct,73.54,72.0,1.54,1,NORMAL,0
TEL_0203,2026-08-14 22:01:00,OT_14,pressure_bar,3.896,4.0,0.104,2,NORMAL,0
TEL_1350,2026-08-14 22:07:00,OT_15,reservoir_level_pct,71.777,72.0,0.223,1,NORMAL,0
TEL_0675,2026-08-14 22:20:00,OT_12,pressure_bar,4.92,4.0,0.92,5,ALARM,1
TEL_0102,2026-08-14 22:50:00,OT_02,flow_lps,220.783,210.0,10.783,0,NORMAL,0
TEL_1111,2026-08-14 23:48:00,OT_04,chlorine_mg_l,0.611,0.7,0.089,0,NORMAL,0
TEL_0930,2026-08-15 01:25:00,OT_08,reservoir_level_pct,83.035,72.0,11.035,2,NORMAL,0
TEL_0358,2026-08-15 02:24:00,OT_05,pressure_bar,4.041,4.0,0.041,1,NORMAL,0
TEL_0287,2026-08-15 02:56:00,OT_15,reservoir_level_pct,77.682,72.0,5.682,0,NORMAL,0
TEL_0879,2026-08-15 02:59:00,OT_08,chlorine_mg_l,0.795,0.7,0.095,12,ALARM,1
TEL_0302,2026-08-15 03:22:00,OT_02,flow_lps,235.736,210.0,25.736,1,NORMAL,0
TEL_0466,2026-08-15 03:30:00,OT_14,pressure_bar,4.461,4.0,0.461,1,NORMAL,0
TEL_0956,2026-08-15 04:03:00,OT_04,reservoir_level_pct,70.923,72.0,1.077,0,NORMAL,0
TEL_0098,2026-08-15 04:16:00,OT_09,pressure_bar,3.752,4.0,0.248,2,NORMAL,0
TEL_0801,2026-08-15 04:18:00,OT_03,reservoir_level_pct,102.254,72.0,30.254,8,ALARM,1
TEL_0724,2026-08-15 05:00:00,OT_04,chlorine_mg_l,0.65,0.7,0.05,2,NORMAL,0
TEL_1198,2026-08-15 05:03:00,OT_13,reservoir_level_pct,81.429,72.0,9.429,2,NORMAL,0
TEL_0857,2026-08-15 05:18:00,OT_07,chlorine_mg_l,0.713,0.7,0.013,1,NORMAL,0
TEL_0046,2026-08-15 05:29:00,OT_09,flow_lps,215.606,210.0,5.606,0,NORMAL,0
TEL_0077,2026-08-15 05:30:00,OT_09,chlorine_mg_l,0.764,0.7,0.064,1,NORMAL,0
TEL_1186,2026-08-15 06:38:00,OT_01,flow_lps,217.492,210.0,7.492,0,NORMAL,0
TEL_0528,2026-08-15 06:49:00,OT_15,chlorine_mg_l,0.764,0.7,0.064,2,NORMAL,0
TEL_1102,2026-08-15 06:53:00,OT_09,flow_lps,223.493,210.0,13.493,1,NORMAL,0
TEL_1281,2026-08-15 07:06:00,OT_02,reservoir_level_pct,72.162,72.0,0.162,3,NORMAL,0
TEL_1416,2026-08-15 07:11:00,OT_07,reservoir_level_pct,63.975,72.0,8.025,1,NORMAL,0
TEL_0914,2026-08-15 07:23:00,OT_07,reservoir_level_pct,66.869,72.0,5.131,2,NORMAL,0
TEL_1371,2026-08-15 07:35:00,OT_09,reservoir_level_pct,83.783,72.0,11.783,2,NORMAL,0
TEL_0381,2026-08-15 08:48:00,OT_11,reservoir_level_pct,69.532,72.0,2.468,0,NORMAL,0
TEL_1053,2026-08-15 09:09:00,OT_12,reservoir_level_pct,61.884,72.0,10.116,2,NORMAL,0
TEL_1244,2026-08-15 09:13:00,OT_12,chlorine_mg_l,0.733,0.7,0.033,1,NORMAL,0
TEL_0954,2026-08-15 09:19:00,OT_13,chlorine_mg_l,0.684,0.7,0.016,3,NORMAL,0
TEL_0124,2026-08-15 09:46:00,OT_06,pressure_bar,3.2,4.0,0.8,3,NORMAL,0
TEL_1456,2026-08-15 10:01:00,OT_06,reservoir_level_pct,67.413,72.0,4.587,1,NORMAL,0
TEL_0402,2026-08-15 11:37:00,OT_10,pressure_bar,2.853,4.0,1.147,0,NORMAL,0
TEL_0422,2026-08-15 11:46:00,OT_04,reservoir_level_pct,64.363,72.0,7.637,2,NORMAL,0
TEL_0494,2026-08-15 11:49:00,OT_01,flow_lps,219.501,210.0,9.501,0,NORMAL,0
TEL_0576,2026-08-15 12:08:00,OT_05,pressure_bar,4.62,4.0,0.62,2,NORMAL,0
TEL_1327,2026-08-15 13:28:00,OT_12,chlorine_mg_l,0.664,0.7,0.036,1,NORMAL,0
TEL_0421,2026-08-15 13:47:00,OT_14,chlorine_mg_l,0.622,0.7,0.078,2,NORMAL,0
TEL_0628,2026-08-15 15:09:00,OT_03,pressure_bar,4.277,4.0,0.277,1,NORMAL,0
TEL_0635,2026-08-15 15:29:00,OT_10,flow_lps,202.927,210.0,7.073,2,NORMAL,0
TEL_0017,2026-08-15 16:48:00,OT_14,chlorine_mg_l,0.738,0.7,0.038,0,NORMAL,0
TEL_0076,2026-08-15 17:03:00,OT_13,reservoir_level_pct,72.436,72.0,0.436,0,NORMAL,0
TEL_1013,2026-08-15 18:06:00,OT_03,chlorine_mg_l,0.7,0.7,0.0,1,NORMAL,0
TEL_0040,2026-08-15 18:07:00,OT_08,reservoir_level_pct,67.219,72.0,4.781,2,NORMAL,0
TEL_1339,2026-08-15 19:09:00,OT_12,chlorine_mg_l,0.797,0.7,0.097,6,ALARM,1
TEL_0395,2026-08-15 19:33:00,OT_08,flow_lps,389.182,210.0,179.182,9,ALARM,1
TEL_0670,2026-08-15 20:10:00,OT_03,pressure_bar,4.569,4.0,0.569,0,NORMAL,0
TEL_0985,2026-08-15 21:30:00,OT_07,pressure_bar,3.769,4.0,0.231,2,NORMAL,0
TEL_0650,2026-08-15 21:32:00,OT_13,reservoir_level_pct,73.813,72.0,1.813,1,NORMAL,0
TEL_0185,2026-08-15 21:47:00,OT_12,chlorine_mg_l,0.741,0.7,0.041,4,NORMAL,0
TEL_0306,2026-08-15 22:15:00,OT_04,reservoir_level_pct,76.119,72.0,4.119,1,NORMAL,0
TEL_0665,2026-08-15 23:19:00,OT_02,flow_lps,160.718,210.0,49.282,2,NORMAL,0
TEL_0594,2026-08-15 23:33:00,OT_07,flow_lps,226.818,210.0,16.818,1,NORMAL,0
TEL_1216,2026-08-15 23:51:00,OT_08,chlorine_mg_l,0.788,0.7,0.088,2,NORMAL,0
TEL_0830,2026-08-16 00:13:00,OT_04,pressure_bar,4.166,4.0,0.166,1,NORMAL,0
TEL_0418,2026-08-16 01:06:00,OT_10,pressure_bar,3.763,4.0,0.237,2,NORMAL,0
TEL_0873,2026-08-16 01:09:00,OT_07,reservoir_level_pct,77.83,72.0,5.83,0,NORMAL,0
TEL_0893,2026-08-16 01:59:00,OT_08,chlorine_mg_l,0.736,0.7,0.036,1,NORMAL,0
TEL_0483,2026-08-16 02:53:00,OT_15,flow_lps,236.134,210.0,26.134,2,NORMAL,0
TEL_0795,2026-08-16 03:02:00,OT_05,flow_lps,219.432,210.0,9.432,3,NORMAL,0
TEL_0998,2026-08-16 04:18:00,OT_07,pressure_bar,4.5,4.0,0.5,0,NORMAL,0
TEL_1314,2026-08-16 04:47:00,OT_15,reservoir_level_pct,71.806,72.0,0.194,0,NORMAL,0
TEL_0562,2026-08-16 04:58:00,OT_05,flow_lps,250.687,210.0,40.687,9,ALARM,1
TEL_1302,2026-08-16 05:32:00,OT_15,chlorine_mg_l,0.76,0.7,0.06,0,NORMAL,0
TEL_0150,2026-08-16 05:59:00,OT_13,flow_lps,287.36,210.0,77.36,10,ALARM,1
TEL_0915,2026-08-16 06:04:00,OT_04,flow_lps,223.418,210.0,13.418,0,NORMAL,0
TEL_0342,2026-08-16 06:17:00,OT_04,flow_lps,193.443,210.0,16.557,2,NORMAL,0
TEL_1419,2026-08-16 06:43:00,OT_09,chlorine_mg_l,0.615,0.7,0.085,0,NORMAL,0
TEL_0802,2026-08-16 07:28:00,OT_09,pressure_bar,3.647,4.0,0.353,3,NORMAL,0
TEL_0627,2026-08-16 07:29:00,OT_03,reservoir_level_pct,60.342,72.0,11.658,1,NORMAL,0
TEL_0841,2026-08-16 09:25:00,OT_01,pressure_bar,4.247,4.0,0.247,0,NORMAL,0
TEL_1125,2026-08-16 09:35:00,OT_12,pressure_bar,3.627,4.0,0.373,0,NORMAL,0
TEL_1050,2026-08-16 09:47:00,OT_09,chlorine_mg_l,0.81,0.7,0.11,3,NORMAL,0
TEL_0927,2026-08-16 09:50:00,OT_06,reservoir_level_pct,69.506,72.0,2.494,2,NORMAL,0
TEL_1037,2026-08-16 10:01:00,OT_06,chlorine_mg_l,0.766,0.7,0.066,2,NORMAL,0
TEL_1465,2026-08-16 10:10:00,OT_10,reservoir_level_pct,73.592,72.0,1.592,0,NORMAL,0
TEL_1377,2026-08-16 11:12:00,OT_13,pressure_bar,3.877,4.0,0.123,2,NORMAL,0
TEL_0616,2026-08-16 13:31:00,OT_10,pressure_bar,4.377,4.0,0.377,0,NORMAL,0
TEL_0337,2026-08-16 13:35:00,OT_12,flow_lps,280.411,210.0,70.411,11,ALARM,1
TEL_0010,2026-08-16 13:48:00,OT_15,chlorine_mg_l,0.848,0.7,0.148,0,NORMAL,0
TEL_1458,2026-08-16 13:56:00,OT_09,chlorine_mg_l,0.635,0.7,0.065,1,NORMAL,0
TEL_0221,2026-08-16 15:37:00,OT_12,pressure_bar,3.876,4.0,0.124,1,NORMAL,0
TEL_0532,2026-08-16 17:02:00,OT_01,reservoir_level_pct,65.927,72.0,6.073,1,NORMAL,0
TEL_0257,2026-08-16 17:56:00,OT_04,reservoir_level_pct,68.413,72.0,3.587,0,NORMAL,0
TEL_0237,2026-08-16 18:12:00,OT_09,reservoir_level_pct,64.965,72.0,7.035,1,NORMAL,0
TEL_0452,2026-08-16 18:55:00,OT_02,chlorine_mg_l,0.693,0.7,0.007,1,NORMAL,0
TEL_1305,2026-08-16 19:12:00,OT_08,flow_lps,213.887,210.0,3.887,2,NORMAL,0
TEL_1476,2026-08-16 19:36:00,OT_10,pressure_bar,3.737,4.0,0.263,0,NORMAL,0
TEL_0826,2026-08-16 19:52:00,OT_04,flow_lps,210.765,210.0,0.765,1,NORMAL,0
TEL_0453,2026-08-16 20:43:00,OT_09,pressure_bar,4.658,4.0,0.658,2,NORMAL,0
TEL_0705,2026-08-16 21:11:00,OT_02,reservoir_level_pct,84.273,72.0,12.273,2,NORMAL,0
TEL_1118,2026-08-16 22:03:00,OT_07,chlorine_mg_l,0.675,0.7,0.025,2,NORMAL,0
TEL_0744,2026-08-16 22:08:00,OT_10,flow_lps,181.922,210.0,28.078,1,NORMAL,0
TEL_1231,2026-08-16 22:12:00,OT_08,reservoir_level_pct,76.541,72.0,4.541,6,NORMAL,0
TEL_0213,2026-08-16 23:25:00,OT_11,reservoir_level_pct,63.5,72.0,8.5,2,NORMAL,0
TEL_1409,2026-08-17 00:25:00,OT_09,flow_lps,230.445,210.0,20.445,2,NORMAL,0
TEL_0814,2026-08-17 00:29:00,OT_06,flow_lps,159.318,210.0,50.682,1,NORMAL,0
TEL_0949,2026-08-17 00:40:00,OT_05,chlorine_mg_l,0.72,0.7,0.02,0,NORMAL,0
TEL_1115,2026-08-17 00:51:00,OT_01,pressure_bar,3.629,4.0,0.371,0,NORMAL,0
TEL_1041,2026-08-17 01:01:00,OT_15,reservoir_level_pct,62.512,72.0,9.488,1,NORMAL,0
TEL_0031,2026-08-17 01:35:00,OT_06,chlorine_mg_l,0.582,0.7,0.118,1,NORMAL,0
TEL_1455,2026-08-17 02:47:00,OT_12,reservoir_level_pct,64.352,72.0,7.648,0,NORMAL,0
TEL_0345,2026-08-17 03:57:00,OT_11,flow_lps,186.789,210.0,23.211,0,NORMAL,0
TEL_1329,2026-08-17 04:06:00,OT_10,reservoir_level_pct,98.661,72.0,26.661,9,ALARM,1
TEL_0407,2026-08-17 05:15:00,OT_04,pressure_bar,4.112,4.0,0.112,1,NORMAL,0
TEL_1106,2026-08-17 05:19:00,OT_07,flow_lps,185.068,210.0,24.932,0,NORMAL,0
TEL_1135,2026-08-17 05:29:00,OT_05,chlorine_mg_l,0.7,0.7,0.0,2,NORMAL,0
TEL_0321,2026-08-17 05:30:00,OT_06,flow_lps,228.945,210.0,18.945,2,NORMAL,0
TEL_0820,2026-08-17 05:30:00,OT_06,flow_lps,193.341,210.0,16.659,1,NORMAL,0
TEL_0547,2026-08-17 05:39:00,OT_05,pressure_bar,3.917,4.0,0.083,0,NORMAL,0
TEL_0265,2026-08-17 05:54:00,OT_11,pressure_bar,3.839,4.0,0.161,1,NORMAL,0
TEL_0540,2026-08-17 06:37:00,OT_13,pressure_bar,4.463,4.0,0.463,1,NORMAL,0
TEL_1074,2026-08-17 06:39:00,OT_04,chlorine_mg_l,0.767,0.7,0.067,0,NORMAL,0
TEL_1330,2026-08-17 07:19:00,OT_09,chlorine_mg_l,0.798,0.7,0.098,0,NORMAL,0
TEL_0068,2026-08-17 07:52:00,OT_06,pressure_bar,4.308,4.0,0.308,1,NORMAL,0
TEL_1233,2026-08-17 08:51:00,OT_02,pressure_bar,4.351,4.0,0.351,2,NORMAL,0
TEL_0346,2026-08-17 10:44:00,OT_08,pressure_bar,3.987,4.0,0.013,2,NORMAL,0
TEL_1460,2026-08-17 11:08:00,OT_08,flow_lps,192.869,210.0,17.131,1,NORMAL,0
TEL_1255,2026-08-17 11:12:00,OT_14,flow_lps,216.503,210.0,6.503,0,NORMAL,0
TEL_0104,2026-08-17 11:38:00,OT_11,reservoir_level_pct,68.739,72.0,3.261,1,NORMAL,0
TEL_0269,2026-08-17 12:02:00,OT_14,reservoir_level_pct,52.024,72.0,19.976,2,NORMAL,0
TEL_1451,2026-08-17 14:03:00,OT_02,chlorine_mg_l,0.804,0.7,0.104,2,NORMAL,0
TEL_0277,2026-08-17 14:08:00,OT_06,flow_lps,183.641,210.0,26.359,1,NORMAL,0
TEL_0506,2026-08-17 14:34:00,OT_13,reservoir_level_pct,62.585,72.0,9.415,0,NORMAL,0
TEL_0196,2026-08-17 15:12:00,OT_03,chlorine_mg_l,0.655,0.7,0.045,3,NORMAL,0
TEL_0849,2026-08-17 15:13:00,OT_15,flow_lps,209.711,210.0,0.289,0,NORMAL,0
TEL_1192,2026-08-17 15:34:00,OT_07,pressure_bar,4.014,4.0,0.014,3,NORMAL,0
TEL_0610,2026-08-17 16:15:00,OT_04,reservoir_level_pct,66.342,72.0,5.658,0,NORMAL,0
TEL_0565,2026-08-17 16:18:00,OT_03,pressure_bar,3.374,4.0,0.626,0,NORMAL,0
TEL_0538,2026-08-17 17:40:00,OT_08,reservoir_level_pct,79.329,72.0,7.329,1,NORMAL,0
TEL_1257,2026-08-17 19:21:00,OT_11,flow_lps,206.095,210.0,3.905,0,NORMAL,0
TEL_0789,2026-08-17 19:36:00,OT_01,flow_lps,303.404,210.0,93.404,9,ALARM,1
TEL_0683,2026-08-17 19:53:00,OT_06,chlorine_mg_l,0.702,0.7,0.002,1,NORMAL,0
TEL_0676,2026-08-17 20:32:00,OT_11,chlorine_mg_l,0.587,0.7,0.113,2,NORMAL,0
TEL_0937,2026-08-17 20:54:00,OT_03,pressure_bar,4.606,4.0,0.606,0,NORMAL,0
TEL_0709,2026-08-17 22:24:00,OT_05,reservoir_level_pct,71.747,72.0,0.253,0,NORMAL,0
TEL_0355,2026-08-17 23:16:00,OT_15,chlorine_mg_l,0.703,0.7,0.003,1,NORMAL,0
TEL_0727,2026-08-18 00:24:00,OT_09,chlorine_mg_l,0.723,0.7,0.023,1,NORMAL,0
TEL_0726,2026-08-18 00:59:00,OT_06,chlorine_mg_l,0.718,0.7,0.018,2,NORMAL,0
TEL_0108,2026-08-18 01:02:00,OT_10,reservoir_level_pct,70.472,72.0,1.528,1,NORMAL,0
TEL_0131,2026-08-18 01:03:00,OT_06,pressure_bar,4.333,4.0,0.333,2,NORMAL,0
TEL_1096,2026-08-18 02:18:00,OT_11,reservoir_level_pct,57.943,72.0,14.057,2,NORMAL,0
TEL_0764,2026-08-18 02:34:00,OT_06,flow_lps,196.701,210.0,13.299,2,NORMAL,0
TEL_0631,2026-08-18 02:57:00,OT_13,flow_lps,215.53,210.0,5.53,2,NORMAL,0
TEL_0842,2026-08-18 03:03:00,OT_02,reservoir_level_pct,69.096,72.0,2.904,0,NORMAL,0
TEL_0836,2026-08-18 04:03:00,OT_14,flow_lps,249.076,210.0,39.076,0,NORMAL,0
TEL_0507,2026-08-18 04:21:00,OT_01,pressure_bar,4.093,4.0,0.093,2,NORMAL,0
TEL_0689,2026-08-18 04:26:00,OT_15,flow_lps,192.786,210.0,17.214,5,NORMAL,0
TEL_1043,2026-08-18 05:18:00,OT_12,chlorine_mg_l,0.792,0.7,0.092,1,NORMAL,0
TEL_0416,2026-08-18 05:46:00,OT_14,pressure_bar,4.252,4.0,0.252,4,NORMAL,0
TEL_0778,2026-08-18 05:50:00,OT_01,reservoir_level_pct,67.724,72.0,4.276,0,NORMAL,0
TEL_0481,2026-08-18 06:22:00,OT_08,pressure_bar,4.272,4.0,0.272,3,NORMAL,0
TEL_1266,2026-08-18 06:29:00,OT_11,pressure_bar,3.022,4.0,0.978,6,NORMAL,0
TEL_0858,2026-08-18 06:53:00,OT_02,pressure_bar,3.466,4.0,0.534,2,NORMAL,0
TEL_0223,2026-08-18 07:07:00,OT_14,reservoir_level_pct,98.404,72.0,26.404,8,ALARM,1
TEL_0344,2026-08-18 07:20:00,OT_03,chlorine_mg_l,0.582,0.7,0.118,0,NORMAL,0
TEL_1023,2026-08-18 09:01:00,OT_15,pressure_bar,4.686,4.0,0.686,1,NORMAL,0
TEL_0002,2026-08-18 09:22:00,OT_10,reservoir_level_pct,69.177,72.0,2.823,1,NORMAL,0
TEL_0955,2026-08-18 10:36:00,OT_07,reservoir_level_pct,76.519,72.0,4.519,1,NORMAL,0
TEL_1223,2026-08-18 10:48:00,OT_08,flow_lps,226.418,210.0,16.418,4,NORMAL,0
TEL_0967,2026-08-18 11:21:00,OT_11,reservoir_level_pct,77.406,72.0,5.406,0,NORMAL,0
TEL_0522,2026-08-18 11:22:00,OT_10,pressure_bar,4.3,4.0,0.3,0,NORMAL,0
TEL_1082,2026-08-18 11:27:00,OT_13,flow_lps,248.056,210.0,38.056,0,NORMAL,0
TEL_1269,2026-08-18 11:37:00,OT_07,chlorine_mg_l,0.724,0.7,0.024,1,NORMAL,0
TEL_0349,2026-08-18 12:03:00,OT_09,chlorine_mg_l,0.486,0.7,0.214,0,NORMAL,0
TEL_1237,2026-08-18 12:34:00,OT_07,pressure_bar,4.622,4.0,0.622,1,NORMAL,0
TEL_1219,2026-08-18 13:32:00,OT_10,pressure_bar,3.699,4.0,0.301,1,NORMAL,0
TEL_0823,2026-08-18 14:11:00,OT_06,pressure_bar,4.75,4.0,0.75,4,NORMAL,0
TEL_1272,2026-08-18 15:27:00,OT_06,flow_lps,217.093,210.0,7.093,3,NORMAL,0
TEL_0243,2026-08-18 16:05:00,OT_15,reservoir_level_pct,80.131,72.0,8.131,1,NORMAL,0
TEL_1368,2026-08-18 16:09:00,OT_07,chlorine_mg_l,0.674,0.7,0.026,4,NORMAL,0
TEL_0250,2026-08-18 16:10:00,OT_01,pressure_bar,4.532,4.0,0.532,1,NORMAL,0
TEL_0370,2026-08-18 16:38:00,OT_10,flow_lps,249.262,210.0,39.262,0,NORMAL,0
TEL_0462,2026-08-18 16:47:00,OT_04,pressure_bar,4.104,4.0,0.104,2,NORMAL,0
TEL_0913,2026-08-18 17:01:00,OT_03,reservoir_level_pct,72.004,72.0,0.004,1,NORMAL,0
TEL_0797,2026-08-18 17:44:00,OT_10,pressure_bar,3.377,4.0,0.623,0,NORMAL,0
TEL_0851,2026-08-18 18:23:00,OT_12,chlorine_mg_l,0.785,0.7,0.085,0,NORMAL,0
TEL_0235,2026-08-18 18:26:00,OT_12,chlorine_mg_l,0.736,0.7,0.036,1,NORMAL,0
TEL_0020,2026-08-18 18:52:00,OT_11,reservoir_level_pct,79.978,72.0,7.978,1,NORMAL,0
TEL_0444,2026-08-18 19:13:00,OT_01,reservoir_level_pct,72.948,72.0,0.948,3,NORMAL,0
TEL_1485,2026-08-18 19:25:00,OT_15,flow_lps,180.074,210.0,29.926,1,NORMAL,0
TEL_1086,2026-08-18 19:55:00,OT_09,chlorine_mg_l,0.648,0.7,0.052,0,NORMAL,0
TEL_1226,2026-08-18 20:09:00,OT_15,pressure_bar,3.738,4.0,0.262,0,NORMAL,0
TEL_0334,2026-08-18 20:30:00,OT_13,chlorine_mg_l,0.573,0.7,0.127,1,NORMAL,0
TEL_1437,2026-08-18 20:52:00,OT_13,flow_lps,197.934,210.0,12.066,0,NORMAL,0
TEL_0782,2026-08-18 20:53:00,OT_03,pressure_bar,3.447,4.0,0.553,2,NORMAL,0
TEL_0896,2026-08-18 21:47:00,OT_07,pressure_bar,3.728,4.0,0.272,0,NORMAL,0
TEL_0322,2026-08-18 22:11:00,OT_05,flow_lps,172.753,210.0,37.247,0,NORMAL,0
TEL_0127,2026-08-18 23:10:00,OT_02,pressure_bar,3.572,4.0,0.428,2,NORMAL,0
TEL_0800,2026-08-18 23:15:00,OT_04,flow_lps,216.0,210.0,6.0,1,NORMAL,0
TEL_1390,2026-08-18 23:16:00,OT_14,flow_lps,180.764,210.0,29.236,1,NORMAL,0
TEL_0447,2026-08-18 23:58:00,OT_03,reservoir_level_pct,70.005,72.0,1.995,1,NORMAL,0
TEL_0941,2026-08-19 00:50:00,OT_05,flow_lps,268.382,210.0,58.382,1,NORMAL,0
TEL_1468,2026-08-19 01:00:00,OT_06,chlorine_mg_l,0.678,0.7,0.022,2,NORMAL,0
TEL_0377,2026-08-19 01:14:00,OT_03,pressure_bar,4.21,4.0,0.21,0,NORMAL,0
TEL_0248,2026-08-19 01:38:00,OT_11,pressure_bar,3.9,4.0,0.1,1,NORMAL,0
TEL_0288,2026-08-19 02:04:00,OT_02,chlorine_mg_l,0.91,0.7,0.21,1,NORMAL,0
TEL_0526,2026-08-19 02:47:00,OT_11,pressure_bar,3.996,4.0,0.004,0,NORMAL,0
TEL_0775,2026-08-19 03:01:00,OT_13,flow_lps,195.305,210.0,14.695,2,NORMAL,0
TEL_1246,2026-08-19 03:09:00,OT_14,flow_lps,224.149,210.0,14.149,1,NORMAL,0
TEL_1252,2026-08-19 03:15:00,OT_15,reservoir_level_pct,75.07,72.0,3.07,1,NORMAL,0
TEL_0749,2026-08-19 03:20:00,OT_01,reservoir_level_pct,60.199,72.0,11.801,0,NORMAL,0
TEL_0647,2026-08-19 04:04:00,OT_02,chlorine_mg_l,0.635,0.7,0.065,1,NORMAL,0
TEL_1298,2026-08-19 04:29:00,OT_09,flow_lps,228.206,210.0,18.206,1,NORMAL,0
TEL_0169,2026-08-19 05:20:00,OT_12,pressure_bar,3.386,4.0,0.614,1,NORMAL,0
TEL_0762,2026-08-19 05:42:00,OT_15,pressure_bar,4.408,4.0,0.408,0,NORMAL,0
TEL_1058,2026-08-19 06:09:00,OT_03,reservoir_level_pct,61.486,72.0,10.514,1,NORMAL,0
TEL_0701,2026-08-19 06:16:00,OT_02,flow_lps,212.139,210.0,2.139,1,NORMAL,0
TEL_0957,2026-08-19 06:45:00,OT_03,flow_lps,199.82,210.0,10.18,1,NORMAL,0
TEL_0630,2026-08-19 07:10:00,OT_11,chlorine_mg_l,0.727,0.7,0.027,1,NORMAL,0
TEL_0722,2026-08-19 07:27:00,OT_12,chlorine_mg_l,0.663,0.7,0.037,2,NORMAL,0
TEL_1326,2026-08-19 07:51:00,OT_10,flow_lps,243.294,210.0,33.294,1,NORMAL,0
TEL_0155,2026-08-19 07:56:00,OT_07,reservoir_level_pct,65.396,72.0,6.604,3,NORMAL,0
TEL_1321,2026-08-19 09:53:00,OT_15,pressure_bar,4.826,4.0,0.826,0,NORMAL,0
TEL_1413,2026-08-19 10:11:00,OT_01,pressure_bar,4.214,4.0,0.214,1,NORMAL,0
TEL_1293,2026-08-19 10:14:00,OT_01,reservoir_level_pct,88.153,72.0,16.153,8,ALARM,1
TEL_1067,2026-08-19 10:49:00,OT_13,flow_lps,215.799,210.0,5.799,1,NORMAL,0
TEL_0384,2026-08-19 11:00:00,OT_02,pressure_bar,3.635,4.0,0.365,3,NORMAL,0
TEL_0790,2026-08-19 11:01:00,OT_11,reservoir_level_pct,73.24,72.0,1.24,3,NORMAL,0
TEL_0678,2026-08-19 11:13:00,OT_01,pressure_bar,4.542,4.0,0.542,2,NORMAL,0
TEL_0753,2026-08-19 11:33:00,OT_04,chlorine_mg_l,0.565,0.7,0.135,2,NORMAL,0
TEL_0032,2026-08-19 12:12:00,OT_05,chlorine_mg_l,0.601,0.7,0.099,1,NORMAL,0
TEL_1051,2026-08-19 12:16:00,OT_14,reservoir_level_pct,80.29,72.0,8.29,1,NORMAL,0
TEL_1324,2026-08-19 13:44:00,OT_06,chlorine_mg_l,0.778,0.7,0.078,0,NORMAL,0
TEL_0514,2026-08-19 13:57:00,OT_15,reservoir_level_pct,66.229,72.0,5.771,1,NORMAL,0
TEL_1108,2026-08-19 13:58:00,OT_13,pressure_bar,3.902,4.0,0.098,2,NORMAL,0
TEL_0199,2026-08-19 14:24:00,OT_11,chlorine_mg_l,0.677,0.7,0.023,2,NORMAL,0
TEL_0919,2026-08-19 14:32:00,OT_06,flow_lps,234.834,210.0,24.834,0,NORMAL,0
TEL_0018,2026-08-19 14:36:00,OT_07,pressure_bar,4.007,4.0,0.007,2,NORMAL,0
TEL_0505,2026-08-19 14:46:00,OT_13,chlorine_mg_l,0.704,0.7,0.004,1,NORMAL,0
TEL_0252,2026-08-19 14:47:00,OT_10,pressure_bar,3.831,4.0,0.169,1,NORMAL,0
TEL_0759,2026-08-19 15:12:00,OT_13,pressure_bar,3.823,4.0,0.177,0,NORMAL,0
TEL_0273,2026-08-19 15:36:00,OT_07,flow_lps,185.016,210.0,24.984,0,NORMAL,0
TEL_0855,2026-08-19 15:50:00,OT_09,pressure_bar,3.908,4.0,0.092,1,NORMAL,0
TEL_0508,2026-08-19 16:08:00,OT_13,reservoir_level_pct,68.302,72.0,3.698,1,NORMAL,0
TEL_0183,2026-08-19 17:15:00,OT_11,flow_lps,220.319,210.0,10.319,0,NORMAL,0
TEL_0831,2026-08-19 18:15:00,OT_10,reservoir_level_pct,75.964,72.0,3.964,4,NORMAL,0
TEL_1262,2026-08-19 18:21:00,OT_13,reservoir_level_pct,91.169,72.0,19.169,0,NORMAL,0
TEL_1391,2026-08-19 18:30:00,OT_02,flow_lps,322.288,210.0,112.288,9,ALARM,1
TEL_1341,2026-08-19 18:42:00,OT_14,reservoir_level_pct,72.177,72.0,0.177,2,NORMAL,0
TEL_1207,2026-08-19 18:42:00,OT_05,flow_lps,301.035,210.0,91.035,12,ALARM,1
TEL_0165,2026-08-19 19:49:00,OT_02,reservoir_level_pct,78.099,72.0,6.099,1,NORMAL,0
TEL_0218,2026-08-19 20:04:00,OT_03,flow_lps,206.777,210.0,3.223,0,NORMAL,0
TEL_0264,2026-08-19 20:08:00,OT_10,chlorine_mg_l,0.645,0.7,0.055,1,NORMAL,0
TEL_1343,2026-08-19 21:05:00,OT_03,reservoir_level_pct,79.292,72.0,7.292,1,NORMAL,0
TEL_0900,2026-08-19 22:34:00,OT_14,chlorine_mg_l,0.583,0.7,0.117,1,NORMAL,0
TEL_1280,2026-08-19 23:13:00,OT_06,flow_lps,225.863,210.0,15.863,2,NORMAL,0
TEL_0808,2026-08-19 23:35:00,OT_09,chlorine_mg_l,0.738,0.7,0.038,2,NORMAL,0
TEL_0870,2026-08-19 23:56:00,OT_01,reservoir_level_pct,72.009,72.0,0.009,2,NORMAL,0
TEL_0928,2026-08-20 00:08:00,OT_14,pressure_bar,3.676,4.0,0.324,1,NORMAL,0
TEL_0751,2026-08-20 00:23:00,OT_07,reservoir_level_pct,54.199,72.0,17.801,2,NORMAL,0
TEL_0446,2026-08-20 00:30:00,OT_01,chlorine_mg_l,0.675,0.7,0.025,3,NORMAL,0
TEL_0359,2026-08-20 01:30:00,OT_08,flow_lps,183.438,210.0,26.562,0,NORMAL,0
TEL_0710,2026-08-20 02:06:00,OT_06,chlorine_mg_l,0.726,0.7,0.026,1,NORMAL,0
TEL_1047,2026-08-20 02:24:00,OT_08,pressure_bar,4.125,4.0,0.125,1,NORMAL,0
TEL_0947,2026-08-20 02:35:00,OT_12,flow_lps,218.283,210.0,8.283,3,NORMAL,0
TEL_0042,2026-08-20 04:14:00,OT_14,reservoir_level_pct,76.495,72.0,4.495,2,NORMAL,0
TEL_0107,2026-08-20 04:27:00,OT_06,flow_lps,167.299,210.0,42.701,3,NORMAL,0
TEL_0049,2026-08-20 04:49:00,OT_04,flow_lps,210.922,210.0,0.922,1,NORMAL,0
TEL_0005,2026-08-20 04:49:00,OT_15,chlorine_mg_l,0.548,0.7,0.152,0,NORMAL,0
TEL_0931,2026-08-20 04:53:00,OT_03,chlorine_mg_l,0.671,0.7,0.029,0,NORMAL,0
TEL_0733,2026-08-20 06:07:00,OT_02,flow_lps,167.718,210.0,42.282,1,NORMAL,0
TEL_1007,2026-08-20 06:08:00,OT_15,pressure_bar,4.276,4.0,0.276,2,NORMAL,0
TEL_0537,2026-08-20 06:38:00,OT_09,flow_lps,259.418,210.0,49.418,2,NORMAL,0
TEL_0045,2026-08-20 06:47:00,OT_04,pressure_bar,3.783,4.0,0.217,3,NORMAL,0
TEL_0217,2026-08-20 07:07:00,OT_09,flow_lps,201.731,210.0,8.269,0,NORMAL,0
TEL_0133,2026-08-20 07:46:00,OT_03,reservoir_level_pct,76.618,72.0,4.618,0,NORMAL,0
TEL_0645,2026-08-20 08:14:00,OT_10,chlorine_mg_l,0.703,0.7,0.003,1,NORMAL,0
TEL_1056,2026-08-20 08:29:00,OT_09,flow_lps,202.365,210.0,7.635,1,NORMAL,0
TEL_0460,2026-08-20 09:50:00,OT_05,reservoir_level_pct,64.865,72.0,7.135,2,NORMAL,0
TEL_1361,2026-08-20 11:10:00,OT_06,pressure_bar,3.45,4.0,0.55,1,NORMAL,0
TEL_0163,2026-08-20 11:14:00,OT_14,flow_lps,249.347,210.0,39.347,0,NORMAL,0
TEL_0497,2026-08-20 11:31:00,OT_10,pressure_bar,4.333,4.0,0.333,1,NORMAL,0
TEL_1148,2026-08-20 11:31:00,OT_07,reservoir_level_pct,77.019,72.0,5.019,3,NORMAL,0
TEL_0241,2026-08-20 11:51:00,OT_06,flow_lps,215.423,210.0,5.423,0,NORMAL,0
TEL_1235,2026-08-20 13:09:00,OT_12,pressure_bar,3.783,4.0,0.217,1,NORMAL,0
TEL_0995,2026-08-20 14:05:00,OT_08,chlorine_mg_l,0.821,0.7,0.121,1,NORMAL,0
TEL_0587,2026-08-20 14:39:00,OT_01,flow_lps,219.617,210.0,9.617,2,NORMAL,0
TEL_0007,2026-08-20 15:20:00,OT_08,chlorine_mg_l,0.602,0.7,0.098,3,NORMAL,0
TEL_0983,2026-08-20 15:23:00,OT_10,chlorine_mg_l,0.64,0.7,0.06,2,NORMAL,0
TEL_1351,2026-08-20 15:53:00,OT_07,chlorine_mg_l,0.736,0.7,0.036,0,NORMAL,0
TEL_1410,2026-08-20 15:57:00,OT_09,flow_lps,173.279,210.0,36.721,2,NORMAL,0
TEL_1157,2026-08-20 16:09:00,OT_01,pressure_bar,5.051,4.0,1.051,7,ALARM,1
TEL_0215,2026-08-20 16:20:00,OT_15,pressure_bar,6.547,4.0,2.547,11,ALARM,1
TEL_0974,2026-08-20 16:56:00,OT_10,chlorine_mg_l,0.507,0.7,0.193,0,NORMAL,0
TEL_1328,2026-08-20 17:07:00,OT_06,chlorine_mg_l,0.634,0.7,0.066,0,NORMAL,0
TEL_0876,2026-08-20 17:17:00,OT_12,pressure_bar,3.92,4.0,0.08,1,NORMAL,0
TEL_0220,2026-08-20 18:02:00,OT_09,chlorine_mg_l,0.759,0.7,0.059,1,NORMAL,0
TEL_1120,2026-08-20 18:19:00,OT_13,reservoir_level_pct,71.336,72.0,0.664,4,NORMAL,0
TEL_1229,2026-08-20 18:25:00,OT_06,flow_lps,214.385,210.0,4.385,1,NORMAL,0
TEL_1385,2026-08-20 18:59:00,OT_12,reservoir_level_pct,72.421,72.0,0.421,2,NORMAL,0
TEL_1415,2026-08-20 19:00:00,OT_09,chlorine_mg_l,0.808,0.7,0.108,0,NORMAL,0
TEL_0817,2026-08-20 19:07:00,OT_01,pressure_bar,4.349,4.0,0.349,2,NORMAL,0
TEL_1399,2026-08-20 19:59:00,OT_14,chlorine_mg_l,0.689,0.7,0.011,2,NORMAL,0
TEL_0047,2026-08-20 20:08:00,OT_02,reservoir_level_pct,67.759,72.0,4.241,2,NORMAL,0
TEL_0907,2026-08-20 20:41:00,OT_15,chlorine_mg_l,0.586,0.7,0.114,3,NORMAL,0
TEL_0606,2026-08-20 21:02:00,OT_14,reservoir_level_pct,95.011,72.0,23.011,3,NORMAL,0
TEL_1347,2026-08-20 21:19:00,OT_13,reservoir_level_pct,64.663,72.0,7.337,0,NORMAL,0
TEL_0613,2026-08-20 21:41:00,OT_13,reservoir_level_pct,83.037,72.0,11.037,0,NORMAL,0
TEL_0704,2026-08-20 22:22:00,OT_11,reservoir_level_pct,69.545,72.0,2.455,1,NORMAL,0
TEL_1163,2026-08-20 22:59:00,OT_15,pressure_bar,3.413,4.0,0.587,0,NORMAL,0
TEL_0558,2026-08-20 23:24:00,OT_13,chlorine_mg_l,0.783,0.7,0.083,0,NORMAL,0
TEL_0123,2026-08-20 23:42:00,OT_08,chlorine_mg_l,0.788,0.7,0.088,3,NORMAL,0
TEL_0307,2026-08-20 23:47:00,OT_06,flow_lps,200.755,210.0,9.245,3,NORMAL,0
TEL_1462,2026-08-21 01:15:00,OT_11,flow_lps,196.435,210.0,13.565,1,NORMAL,0
TEL_1084,2026-08-21 01:33:00,OT_15,flow_lps,197.52,210.0,12.48,0,NORMAL,0
TEL_0135,2026-08-21 02:15:00,OT_12,reservoir_level_pct,65.177,72.0,6.823,0,NORMAL,0
TEL_0632,2026-08-21 02:22:00,OT_04,pressure_bar,5.746,4.0,1.746,10,ALARM,1
TEL_0195,2026-08-21 04:15:00,OT_02,chlorine_mg_l,0.713,0.7,0.013,0,NORMAL,0
TEL_0164,2026-08-21 04:36:00,OT_12,pressure_bar,4.133,4.0,0.133,1,NORMAL,0
TEL_1425,2026-08-21 04:39:00,OT_10,chlorine_mg_l,0.852,0.7,0.152,0,NORMAL,0
TEL_0990,2026-08-21 05:02:00,OT_01,chlorine_mg_l,0.626,0.7,0.074,0,NORMAL,0
TEL_0933,2026-08-21 06:33:00,OT_03,chlorine_mg_l,0.676,0.7,0.024,1,NORMAL,0
TEL_0074,2026-08-21 07:13:00,OT_08,pressure_bar,3.992,4.0,0.008,2,NORMAL,0
TEL_0064,2026-08-21 08:18:00,OT_12,flow_lps,206.638,210.0,3.362,1,NORMAL,0
TEL_0904,2026-08-21 08:46:00,OT_05,pressure_bar,3.729,4.0,0.271,1,NORMAL,0
TEL_1367,2026-08-21 09:40:00,OT_15,reservoir_level_pct,64.187,72.0,7.813,0,NORMAL,0
TEL_1173,2026-08-21 09:53:00,OT_08,flow_lps,185.869,210.0,24.131,2,NORMAL,0
TEL_0866,2026-08-21 10:30:00,OT_10,pressure_bar,3.884,4.0,0.116,3,NORMAL,0
TEL_0589,2026-08-21 10:52:00,OT_10,chlorine_mg_l,0.743,0.7,0.043,1,NORMAL,0
TEL_0246,2026-08-21 11:20:00,OT_12,flow_lps,213.346,210.0,3.346,1,NORMAL,0
TEL_1379,2026-08-21 12:01:00,OT_15,reservoir_level_pct,124.514,72.0,52.514,4,ALARM,1
TEL_0379,2026-08-21 12:13:00,OT_04,reservoir_level_pct,63.182,72.0,8.818,2,NORMAL,0
TEL_1149,2026-08-21 12:31:00,OT_07,chlorine_mg_l,0.651,0.7,0.049,1,NORMAL,0
TEL_0204,2026-08-21 13:12:00,OT_13,pressure_bar,3.915,4.0,0.085,1,NORMAL,0
TEL_1070,2026-08-21 14:11:00,OT_12,reservoir_level_pct,75.371,72.0,3.371,2,NORMAL,0
TEL_0777,2026-08-21 14:30:00,OT_04,pressure_bar,4.753,4.0,0.753,4,NORMAL,0
TEL_1488,2026-08-21 14:34:00,OT_11,reservoir_level_pct,75.658,72.0,3.658,1,NORMAL,0
TEL_0570,2026-08-21 15:17:00,OT_09,pressure_bar,3.57,4.0,0.43,1,NORMAL,0
TEL_0055,2026-08-21 16:18:00,OT_03,flow_lps,235.386,210.0,25.386,2,NORMAL,0
TEL_1089,2026-08-21 16:22:00,OT_14,flow_lps,214.495,210.0,4.495,1,NORMAL,0
TEL_0682,2026-08-21 16:43:00,OT_01,reservoir_level_pct,61.352,72.0,10.648,2,NORMAL,0
TEL_1473,2026-08-21 16:49:00,OT_01,pressure_bar,3.572,4.0,0.428,3,NORMAL,0
TEL_0793,2026-08-21 16:53:00,OT_04,reservoir_level_pct,95.581,72.0,23.581,8,ALARM,1
TEL_0222,2026-08-21 17:27:00,OT_02,reservoir_level_pct,71.222,72.0,0.778,0,NORMAL,0
TEL_1191,2026-08-21 17:27:00,OT_07,flow_lps,226.91,210.0,16.91,4,NORMAL,0
TEL_1260,2026-08-21 17:38:00,OT_01,chlorine_mg_l,0.647,0.7,0.053,2,NORMAL,0
TEL_0603,2026-08-21 17:38:00,OT_07,chlorine_mg_l,0.639,0.7,0.061,3,NORMAL,0
TEL_0671,2026-08-21 18:18:00,OT_12,flow_lps,231.314,210.0,21.314,0,NORMAL,0
TEL_1042,2026-08-21 18:29:00,OT_14,chlorine_mg_l,0.846,0.7,0.146,4,NORMAL,0
TEL_0574,2026-08-21 18:45:00,OT_13,flow_lps,196.728,210.0,13.272,2,NORMAL,0
TEL_1221,2026-08-21 19:24:00,OT_05,reservoir_level_pct,87.198,72.0,15.198,0,NORMAL,0
TEL_0767,2026-08-21 19:56:00,OT_01,flow_lps,207.601,210.0,2.399,2,NORMAL,0
TEL_0962,2026-08-21 20:11:00,OT_15,flow_lps,226.665,210.0,16.665,0,NORMAL,0
TEL_0747,2026-08-21 20:45:00,OT_07,chlorine_mg_l,0.605,0.7,0.095,0,NORMAL,0
TEL_0779,2026-08-21 20:53:00,OT_05,reservoir_level_pct,82.482,72.0,10.482,2,NORMAL,0
TEL_0976,2026-08-21 21:08:00,OT_14,reservoir_level_pct,73.743,72.0,1.743,1,NORMAL,0
TEL_0382,2026-08-21 21:15:00,OT_06,flow_lps,219.241,210.0,9.241,0,NORMAL,0
TEL_0405,2026-08-21 21:24:00,OT_12,reservoir_level_pct,73.618,72.0,1.618,0,NORMAL,0
TEL_1005,2026-08-21 23:08:00,OT_05,reservoir_level_pct,65.85,72.0,6.15,1,NORMAL,0
TEL_0892,2026-08-21 23:22:00,OT_11,reservoir_level_pct,88.194,72.0,16.194,0,NORMAL,0
TEL_1012,2026-08-21 23:38:00,OT_11,reservoir_level_pct,66.33,72.0,5.67,1,NORMAL,0
TEL_1481,2026-08-21 23:53:00,OT_12,chlorine_mg_l,0.587,0.7,0.113,0,NORMAL,0
TEL_1434,2026-08-22 00:10:00,OT_14,flow_lps,183.487,210.0,26.513,0,NORMAL,0
TEL_0979,2026-08-22 00:22:00,OT_02,flow_lps,384.611,210.0,174.611,9,ALARM,1
TEL_1454,2026-08-22 00:25:00,OT_08,flow_lps,180.856,210.0,29.144,0,NORMAL,0
TEL_0805,2026-08-22 00:39:00,OT_03,chlorine_mg_l,0.616,0.7,0.084,1,NORMAL,0
TEL_0151,2026-08-22 00:59:00,OT_15,pressure_bar,3.554,4.0,0.446,2,NORMAL,0
TEL_1101,2026-08-22 01:17:00,OT_03,chlorine_mg_l,0.989,0.7,0.289,10,ALARM,1
TEL_0555,2026-08-22 02:14:00,OT_05,reservoir_level_pct,76.504,72.0,4.504,1,NORMAL,0
TEL_0427,2026-08-22 02:40:00,OT_09,reservoir_level_pct,56.962,72.0,15.038,2,NORMAL,0
TEL_0674,2026-08-22 03:16:00,OT_06,chlorine_mg_l,0.714,0.7,0.014,0,NORMAL,0
TEL_1290,2026-08-22 04:07:00,OT_13,reservoir_level_pct,66.508,72.0,5.492,0,NORMAL,0
TEL_1113,2026-08-22 04:18:00,OT_10,reservoir_level_pct,84.322,72.0,12.322,2,NORMAL,0
TEL_0971,2026-08-22 06:36:00,OT_02,reservoir_level_pct,65.189,72.0,6.811,1,NORMAL,0
TEL_0649,2026-08-22 06:48:00,OT_15,flow_lps,168.093,210.0,41.907,1,NORMAL,0
TEL_1170,2026-08-22 06:59:00,OT_07,flow_lps,156.703,210.0,53.297,2,NORMAL,0
TEL_1214,2026-08-22 08:08:00,OT_07,chlorine_mg_l,1.019,0.7,0.319,9,ALARM,1
TEL_0924,2026-08-22 08:31:00,OT_07,pressure_bar,2.718,4.0,1.282,1,NORMAL,0
TEL_0313,2026-08-22 08:48:00,OT_12,chlorine_mg_l,0.771,0.7,0.071,1,NORMAL,0
TEL_0383,2026-08-22 08:50:00,OT_15,chlorine_mg_l,0.773,0.7,0.073,1,NORMAL,0
TEL_0740,2026-08-22 08:58:00,OT_14,chlorine_mg_l,0.731,0.7,0.031,1,NORMAL,0
TEL_0816,2026-08-22 09:09:00,OT_13,flow_lps,172.506,210.0,37.494,1,NORMAL,0
TEL_1004,2026-08-22 10:01:00,OT_13,flow_lps,201.232,210.0,8.768,0,NORMAL,0
TEL_1418,2026-08-22 10:25:00,OT_07,chlorine_mg_l,0.609,0.7,0.091,1,NORMAL,0
TEL_0367,2026-08-22 10:31:00,OT_05,reservoir_level_pct,65.322,72.0,6.678,2,NORMAL,0
TEL_1478,2026-08-22 10:57:00,OT_10,flow_lps,223.226,210.0,13.226,1,NORMAL,0
TEL_0783,2026-08-22 11:11:00,OT_14,flow_lps,224.64,210.0,14.64,0,NORMAL,0
TEL_1303,2026-08-22 11:59:00,OT_13,chlorine_mg_l,0.855,0.7,0.155,1,NORMAL,0
TEL_1049,2026-08-22 12:47:00,OT_03,pressure_bar,4.119,4.0,0.119,1,NORMAL,0
TEL_0791,2026-08-22 13:14:00,OT_11,reservoir_level_pct,67.197,72.0,4.803,1,NORMAL,0
TEL_1318,2026-08-22 13:23:00,OT_06,pressure_bar,3.125,4.0,0.875,2,NORMAL,0
TEL_1277,2026-08-22 13:55:00,OT_09,chlorine_mg_l,0.72,0.7,0.02,0,NORMAL,0
TEL_0090,2026-08-22 14:03:00,OT_04,pressure_bar,4.707,4.0,0.707,0,NORMAL,0
TEL_0057,2026-08-22 16:50:00,OT_04,chlorine_mg_l,0.726,0.7,0.026,0,NORMAL,0
TEL_1119,2026-08-22 16:56:00,OT_07,reservoir_level_pct,78.026,72.0,6.026,0,NORMAL,0
TEL_0158,2026-08-22 17:30:00,OT_10,pressure_bar,3.491,4.0,0.509,0,NORMAL,0
TEL_0492,2026-08-22 18:15:00,OT_05,chlorine_mg_l,0.568,0.7,0.132,3,NORMAL,0
TEL_1026,2026-08-22 19:09:00,OT_08,pressure_bar,3.868,4.0,0.132,4,NORMAL,0
TEL_0662,2026-08-22 19:11:00,OT_11,chlorine_mg_l,0.659,0.7,0.041,1,NORMAL,0
TEL_0567,2026-08-22 19:12:00,OT_12,chlorine_mg_l,0.706,0.7,0.006,0,NORMAL,0
TEL_1217,2026-08-22 19:33:00,OT_06,chlorine_mg_l,0.618,0.7,0.082,3,NORMAL,0
TEL_1208,2026-08-22 19:35:00,OT_09,flow_lps,264.95,210.0,54.95,0,NORMAL,0
TEL_0852,2026-08-22 20:09:00,OT_03,flow_lps,207.738,210.0,2.262,3,NORMAL,0
TEL_0448,2026-08-22 20:18:00,OT_12,flow_lps,182.442,210.0,27.558,1,NORMAL,0
TEL_0578,2026-08-22 20:32:00,OT_15,pressure_bar,5.003,4.0,1.003,2,NORMAL,0
TEL_1092,2026-08-22 20:36:00,OT_06,flow_lps,211.051,210.0,1.051,1,NORMAL,0
TEL_0482,2026-08-22 21:05:00,OT_10,flow_lps,224.727,210.0,14.727,1,NORMAL,0
TEL_0148,2026-08-22 21:32:00,OT_09,reservoir_level_pct,73.895,72.0,1.895,2,NORMAL,0
TEL_1158,2026-08-22 21:43:00,OT_02,reservoir_level_pct,80.961,72.0,8.961,0,NORMAL,0
TEL_0643,2026-08-22 21:53:00,OT_08,flow_lps,257.419,210.0,47.419,2,NORMAL,0
TEL_0621,2026-08-22 21:55:00,OT_07,flow_lps,180.358,210.0,29.642,1,NORMAL,0
TEL_0950,2026-08-22 22:03:00,OT_07,pressure_bar,3.803,4.0,0.197,2,NORMAL,0
TEL_0360,2026-08-22 23:19:00,OT_01,chlorine_mg_l,0.71,0.7,0.01,3,NORMAL,0
TEL_0061,2026-08-22 23:29:00,OT_15,reservoir_level_pct,69.077,72.0,2.923,1,NORMAL,0
TEL_0211,2026-08-22 23:39:00,OT_07,pressure_bar,3.879,4.0,0.121,2,NORMAL,0
TEL_0479,2026-08-23 00:11:00,OT_07,chlorine_mg_l,0.728,0.7,0.028,0,NORMAL,0
TEL_0286,2026-08-23 00:30:00,OT_04,flow_lps,154.705,210.0,55.295,0,NORMAL,0
TEL_0472,2026-08-23 00:44:00,OT_10,chlorine_mg_l,0.589,0.7,0.111,1,NORMAL,0
TEL_1356,2026-08-23 01:49:00,OT_13,flow_lps,160.395,210.0,49.605,0,NORMAL,0
TEL_0884,2026-08-23 02:21:00,OT_15,flow_lps,248.622,210.0,38.622,5,NORMAL,0
TEL_1441,2026-08-23 03:11:00,OT_03,flow_lps,187.255,210.0,22.745,0,NORMAL,0
TEL_0026,2026-08-23 03:31:00,OT_09,flow_lps,177.006,210.0,32.994,1,NORMAL,0
TEL_0440,2026-08-23 04:08:00,OT_01,chlorine_mg_l,0.608,0.7,0.092,0,NORMAL,0
TEL_0875,2026-08-23 04:32:00,OT_03,flow_lps,192.205,210.0,17.795,0,NORMAL,0
TEL_0039,2026-08-23 04:57:00,OT_07,chlorine_mg_l,0.701,0.7,0.001,0,NORMAL,0
TEL_0029,2026-08-23 05:05:00,OT_12,pressure_bar,5.816,4.0,1.816,3,ALARM,1
TEL_0637,2026-08-23 06:03:00,OT_13,chlorine_mg_l,0.678,0.7,0.022,0,NORMAL,0
TEL_0205,2026-08-23 06:07:00,OT_07,flow_lps,190.656,210.0,19.344,1,NORMAL,0
TEL_0780,2026-08-23 06:28:00,OT_08,chlorine_mg_l,0.719,0.7,0.019,0,NORMAL,0
TEL_0624,2026-08-23 06:35:00,OT_10,pressure_bar,3.856,4.0,0.144,0,NORMAL,0
TEL_0992,2026-08-23 06:59:00,OT_06,pressure_bar,3.986,4.0,0.014,0,NORMAL,0
TEL_0162,2026-08-23 07:03:00,OT_02,reservoir_level_pct,84.787,72.0,12.787,2,NORMAL,0
TEL_0909,2026-08-23 07:49:00,OT_12,flow_lps,177.207,210.0,32.793,0,NORMAL,0
TEL_0495,2026-08-23 08:35:00,OT_15,pressure_bar,4.354,4.0,0.354,0,NORMAL,0
TEL_0129,2026-08-23 08:48:00,OT_15,reservoir_level_pct,84.404,72.0,12.404,3,NORMAL,0
TEL_0964,2026-08-23 08:49:00,OT_12,pressure_bar,3.337,4.0,0.663,1,NORMAL,0
TEL_0398,2026-08-23 09:11:00,OT_13,flow_lps,177.212,210.0,32.788,1,NORMAL,0
TEL_0948,2026-08-23 09:41:00,OT_07,flow_lps,260.072,210.0,50.072,3,NORMAL,0
TEL_0711,2026-08-23 09:53:00,OT_13,pressure_bar,4.222,4.0,0.222,4,NORMAL,0
TEL_0319,2026-08-23 10:02:00,OT_11,pressure_bar,3.431,4.0,0.569,3,NORMAL,0
TEL_1422,2026-08-23 10:20:00,OT_09,flow_lps,189.35,210.0,20.65,3,NORMAL,0
TEL_1073,2026-08-23 10:27:00,OT_04,pressure_bar,3.872,4.0,0.128,2,NORMAL,0
TEL_0736,2026-08-23 10:32:00,OT_09,chlorine_mg_l,0.599,0.7,0.101,2,NORMAL,0
TEL_0236,2026-08-23 10:45:00,OT_07,flow_lps,214.254,210.0,4.254,2,NORMAL,0
TEL_0314,2026-08-23 10:58:00,OT_13,chlorine_mg_l,0.588,0.7,0.112,1,NORMAL,0
TEL_1355,2026-08-23 11:15:00,OT_12,pressure_bar,4.696,4.0,0.696,0,NORMAL,0
TEL_0496,2026-08-23 12:02:00,OT_13,reservoir_level_pct,82.104,72.0,10.104,0,NORMAL,0
TEL_0343,2026-08-23 15:31:00,OT_11,pressure_bar,4.041,4.0,0.041,0,NORMAL,0
TEL_0809,2026-08-23 15:44:00,OT_05,pressure_bar,3.609,4.0,0.391,3,NORMAL,0
TEL_1143,2026-08-23 15:44:00,OT_12,pressure_bar,4.133,4.0,0.133,3,NORMAL,0
TEL_1197,2026-08-23 16:10:00,OT_01,reservoir_level_pct,66.011,72.0,5.989,3,NORMAL,0
TEL_1164,2026-08-23 16:44:00,OT_14,chlorine_mg_l,1.027,0.7,0.327,5,ALARM,1
TEL_0271,2026-08-23 16:49:00,OT_12,reservoir_level_pct,70.602,72.0,1.398,1,NORMAL,0
TEL_0247,2026-08-23 17:45:00,OT_14,reservoir_level_pct,70.546,72.0,1.454,2,NORMAL,0
TEL_1107,2026-08-23 17:57:00,OT_13,chlorine_mg_l,0.68,0.7,0.02,1,NORMAL,0
TEL_0177,2026-08-23 18:16:00,OT_14,pressure_bar,4.537,4.0,0.537,0,NORMAL,0
TEL_1273,2026-08-23 18:50:00,OT_08,chlorine_mg_l,0.635,0.7,0.065,0,NORMAL,0
TEL_0867,2026-08-23 18:59:00,OT_13,reservoir_level_pct,70.211,72.0,1.789,0,NORMAL,0
TEL_0280,2026-08-23 20:28:00,OT_06,flow_lps,195.751,210.0,14.249,2,NORMAL,0
TEL_0846,2026-08-23 20:47:00,OT_08,chlorine_mg_l,0.742,0.7,0.042,0,NORMAL,0
TEL_0604,2026-08-23 21:15:00,OT_14,chlorine_mg_l,0.639,0.7,0.061,1,NORMAL,0
TEL_1461,2026-08-23 21:32:00,OT_07,pressure_bar,3.571,4.0,0.429,2,NORMAL,0
TEL_1370,2026-08-23 21:40:00,OT_13,pressure_bar,4.793,4.0,0.793,4,NORMAL,0
TEL_0646,2026-08-23 22:19:00,OT_03,chlorine_mg_l,0.727,0.7,0.027,1,NORMAL,0
TEL_0615,2026-08-23 22:19:00,OT_11,pressure_bar,4.204,4.0,0.204,2,NORMAL,0
TEL_0742,2026-08-23 22:55:00,OT_06,reservoir_level_pct,69.702,72.0,2.298,0,NORMAL,0
TEL_1483,2026-08-23 22:57:00,OT_05,chlorine_mg_l,0.889,0.7,0.189,1,NORMAL,0
TEL_0692,2026-08-23 23:31:00,OT_08,reservoir_level_pct,84.316,72.0,12.316,5,NORMAL,0
TEL_0743,2026-08-24 00:25:00,OT_12,reservoir_level_pct,71.329,72.0,0.671,1,NORMAL,0
TEL_0392,2026-08-24 00:31:00,OT_01,reservoir_level_pct,50.834,72.0,21.166,2,NORMAL,0
TEL_1171,2026-08-24 00:32:00,OT_01,pressure_bar,3.505,4.0,0.495,0,NORMAL,0
TEL_0617,2026-08-24 00:44:00,OT_11,reservoir_level_pct,74.673,72.0,2.673,2,NORMAL,0
TEL_1136,2026-08-24 01:11:00,OT_12,pressure_bar,4.533,4.0,0.533,2,NORMAL,0
TEL_0754,2026-08-24 02:24:00,OT_01,pressure_bar,4.44,4.0,0.44,0,NORMAL,0
TEL_0456,2026-08-24 02:42:00,OT_05,chlorine_mg_l,0.582,0.7,0.118,1,NORMAL,0
TEL_0869,2026-08-24 03:07:00,OT_11,chlorine_mg_l,0.69,0.7,0.01,1,NORMAL,0
TEL_0152,2026-08-24 03:10:00,OT_08,reservoir_level_pct,81.797,72.0,9.797,0,NORMAL,0
TEL_0310,2026-08-24 04:00:00,OT_14,flow_lps,234.645,210.0,24.645,3,NORMAL,0
TEL_0735,2026-08-24 04:38:00,OT_11,chlorine_mg_l,0.725,0.7,0.025,1,NORMAL,0
TEL_0194,2026-08-24 05:14:00,OT_08,pressure_bar,3.958,4.0,0.042,5,NORMAL,0
TEL_0912,2026-08-24 05:25:00,OT_05,chlorine_mg_l,0.668,0.7,0.032,0,NORMAL,0
TEL_0502,2026-08-24 05:36:00,OT_10,chlorine_mg_l,0.612,0.7,0.088,2,NORMAL,0
TEL_0577,2026-08-24 05:45:00,OT_14,flow_lps,196.734,210.0,13.266,1,NORMAL,0
TEL_0420,2026-08-24 06:44:00,OT_03,reservoir_level_pct,77.704,72.0,5.704,0,NORMAL,0
TEL_0333,2026-08-24 06:54:00,OT_09,reservoir_level_pct,77.159,72.0,5.159,0,NORMAL,0
TEL_1222,2026-08-24 07:04:00,OT_05,flow_lps,210.92,210.0,0.92,1,NORMAL,0
TEL_0023,2026-08-24 07:11:00,OT_08,chlorine_mg_l,0.581,0.7,0.119,0,NORMAL,0
TEL_0607,2026-08-24 07:28:00,OT_14,chlorine_mg_l,0.625,0.7,0.075,0,NORMAL,0
TEL_1131,2026-08-24 07:39:00,OT_03,chlorine_mg_l,0.805,0.7,0.105,2,NORMAL,0
TEL_1146,2026-08-24 07:41:00,OT_13,chlorine_mg_l,0.744,0.7,0.044,0,NORMAL,0
TEL_0373,2026-08-24 07:48:00,OT_09,reservoir_level_pct,72.16,72.0,0.16,0,NORMAL,0
TEL_1147,2026-08-24 08:11:00,OT_06,flow_lps,235.959,210.0,25.959,1,NORMAL,0
TEL_1495,2026-08-24 10:32:00,OT_08,chlorine_mg_l,0.822,0.7,0.122,2,NORMAL,0
TEL_0394,2026-08-24 10:37:00,OT_10,flow_lps,235.897,210.0,25.897,1,NORMAL,0
TEL_1430,2026-08-24 10:47:00,OT_05,pressure_bar,4.028,4.0,0.028,2,NORMAL,0
TEL_1128,2026-08-24 10:49:00,OT_13,reservoir_level_pct,78.204,72.0,6.204,1,NORMAL,0
TEL_0279,2026-08-24 11:02:00,OT_02,chlorine_mg_l,0.634,0.7,0.066,2,NORMAL,0
TEL_1497,2026-08-24 11:54:00,OT_13,reservoir_level_pct,66.795,72.0,5.205,4,NORMAL,0
TEL_1048,2026-08-24 13:03:00,OT_01,flow_lps,194.752,210.0,15.248,3,NORMAL,0
TEL_1400,2026-08-24 13:08:00,OT_10,pressure_bar,3.843,4.0,0.157,1,NORMAL,0
TEL_0806,2026-08-24 13:32:00,OT_08,chlorine_mg_l,0.767,0.7,0.067,1,NORMAL,0
TEL_0175,2026-08-24 13:53:00,OT_14,pressure_bar,3.722,4.0,0.278,0,NORMAL,0
TEL_0581,2026-08-24 14:11:00,OT_07,flow_lps,199.797,210.0,10.203,0,NORMAL,0
TEL_1209,2026-08-24 14:42:00,OT_05,flow_lps,250.093,210.0,40.093,1,NORMAL,0
TEL_1030,2026-08-24 14:53:00,OT_05,flow_lps,206.76,210.0,3.24,0,NORMAL,0
TEL_0072,2026-08-24 14:57:00,OT_02,flow_lps,198.606,210.0,11.394,2,NORMAL,0
TEL_0586,2026-08-24 15:37:00,OT_10,reservoir_level_pct,78.646,72.0,6.646,0,NORMAL,0
TEL_0984,2026-08-24 16:09:00,OT_07,pressure_bar,4.185,4.0,0.185,0,NORMAL,0
TEL_0868,2026-08-24 16:46:00,OT_14,reservoir_level_pct,83.564,72.0,11.564,0,NORMAL,0
TEL_0715,2026-08-24 16:55:00,OT_02,flow_lps,205.997,210.0,4.003,0,NORMAL,0
TEL_0193,2026-08-24 17:03:00,OT_08,pressure_bar,4.303,4.0,0.303,1,NORMAL,0
TEL_1306,2026-08-24 17:47:00,OT_06,flow_lps,295.88,210.0,85.88,9,ALARM,1
TEL_0376,2026-08-24 18:12:00,OT_06,chlorine_mg_l,0.676,0.7,0.024,1,NORMAL,0
TEL_0050,2026-08-24 18:17:00,OT_13,flow_lps,178.647,210.0,31.353,1,NORMAL,0
TEL_0278,2026-08-24 18:45:00,OT_10,reservoir_level_pct,84.781,72.0,12.781,0,NORMAL,0
TEL_0024,2026-08-24 18:52:00,OT_02,pressure_bar,3.747,4.0,0.253,3,NORMAL,0
TEL_0833,2026-08-24 20:37:00,OT_15,reservoir_level_pct,95.918,72.0,23.918,1,NORMAL,0
TEL_0813,2026-08-24 21:13:00,OT_03,chlorine_mg_l,0.73,0.7,0.03,1,NORMAL,0
TEL_0859,2026-08-24 22:03:00,OT_09,chlorine_mg_l,0.68,0.7,0.02,1,NORMAL,0
TEL_0244,2026-08-24 22:15:00,OT_11,reservoir_level_pct,85.819,72.0,13.819,4,NORMAL,0
TEL_1144,2026-08-24 22:22:00,OT_05,reservoir_level_pct,66.536,72.0,5.464,2,NORMAL,0
TEL_0335,2026-08-24 22:44:00,OT_11,chlorine_mg_l,0.549,0.7,0.151,3,NORMAL,0
TEL_1312,2026-08-24 22:47:00,OT_13,chlorine_mg_l,0.695,0.7,0.005,1,NORMAL,0
TEL_1014,2026-08-24 23:12:00,OT_03,reservoir_level_pct,65.415,72.0,6.585,3,NORMAL,0
TEL_0731,2026-08-25 00:29:00,OT_11,reservoir_level_pct,61.387,72.0,10.613,1,NORMAL,0
TEL_0720,2026-08-25 01:37:00,OT_09,flow_lps,224.683,210.0,14.683,2,NORMAL,0
TEL_0951,2026-08-25 01:54:00,OT_07,chlorine_mg_l,0.635,0.7,0.065,4,NORMAL,0
TEL_0499,2026-08-25 02:10:00,OT_08,chlorine_mg_l,0.696,0.7,0.004,1,NORMAL,0
TEL_1432,2026-08-25 02:19:00,OT_03,pressure_bar,3.462,4.0,0.538,0,NORMAL,0
TEL_1407,2026-08-25 02:34:00,OT_13,chlorine_mg_l,0.655,0.7,0.045,0,NORMAL,0
TEL_0085,2026-08-25 03:54:00,OT_14,flow_lps,216.85,210.0,6.85,2,NORMAL,0
TEL_0897,2026-08-25 04:33:00,OT_07,pressure_bar,4.077,4.0,0.077,0,NORMAL,0
TEL_0533,2026-08-25 05:49:00,OT_14,flow_lps,168.54,210.0,41.46,1,NORMAL,0
TEL_0612,2026-08-25 05:50:00,OT_01,reservoir_level_pct,70.643,72.0,1.357,1,NORMAL,0
TEL_1153,2026-08-25 06:31:00,OT_11,flow_lps,258.43,210.0,48.43,0,NORMAL,0
TEL_0179,2026-08-25 07:02:00,OT_06,flow_lps,197.164,210.0,12.836,1,NORMAL,0
TEL_0571,2026-08-25 07:46:00,OT_07,chlorine_mg_l,0.69,0.7,0.01,1,NORMAL,0
TEL_0173,2026-08-25 08:31:00,OT_03,chlorine_mg_l,0.813,0.7,0.113,1,NORMAL,0
TEL_1406,2026-08-25 08:36:00,OT_09,pressure_bar,4.204,4.0,0.204,1,NORMAL,0
TEL_1265,2026-08-25 08:44:00,OT_08,flow_lps,185.391,210.0,24.609,1,NORMAL,0
TEL_1022,2026-08-25 08:55:00,OT_14,pressure_bar,3.057,4.0,0.943,3,NORMAL,0
TEL_1184,2026-08-25 08:58:00,OT_05,chlorine_mg_l,0.678,0.7,0.022,0,NORMAL,0
TEL_0554,2026-08-25 09:14:00,OT_15,chlorine_mg_l,0.767,0.7,0.067,3,NORMAL,0
TEL_0757,2026-08-25 09:49:00,OT_03,chlorine_mg_l,0.637,0.7,0.063,1,NORMAL,0
TEL_0898,2026-08-25 09:56:00,OT_14,chlorine_mg_l,0.626,0.7,0.074,2,NORMAL,0
TEL_1015,2026-08-25 11:45:00,OT_14,chlorine_mg_l,0.758,0.7,0.058,0,NORMAL,0
TEL_0626,2026-08-25 12:33:00,OT_15,flow_lps,177.654,210.0,32.346,1,NORMAL,0
TEL_0415,2026-08-25 13:10:00,OT_11,reservoir_level_pct,68.507,72.0,3.493,0,NORMAL,0
TEL_0391,2026-08-25 13:11:00,OT_14,reservoir_level_pct,81.485,72.0,9.485,3,NORMAL,0
TEL_0232,2026-08-25 14:19:00,OT_04,flow_lps,229.168,210.0,19.168,2,NORMAL,0
TEL_0639,2026-08-25 14:58:00,OT_14,chlorine_mg_l,0.686,0.7,0.014,2,NORMAL,0
TEL_1190,2026-08-25 17:11:00,OT_15,reservoir_level_pct,74.268,72.0,2.268,1,NORMAL,0
TEL_0289,2026-08-25 17:29:00,OT_04,flow_lps,240.146,210.0,30.146,0,NORMAL,0
TEL_1401,2026-08-25 18:06:00,OT_03,pressure_bar,4.457,4.0,0.457,0,NORMAL,0
TEL_0781,2026-08-25 18:21:00,OT_06,chlorine_mg_l,0.76,0.7,0.06,1,NORMAL,0
TEL_1479,2026-08-25 18:38:00,OT_03,pressure_bar,3.797,4.0,0.203,0,NORMAL,0
TEL_1183,2026-08-25 18:52:00,OT_10,flow_lps,227.18,210.0,17.18,1,NORMAL,0
TEL_1134,2026-08-25 19:10:00,OT_14,flow_lps,162.189,210.0,47.811,2,NORMAL,0
TEL_0021,2026-08-25 20:13:00,OT_06,reservoir_level_pct,74.766,72.0,2.766,0,NORMAL,0
TEL_1059,2026-08-25 20:19:00,OT_06,chlorine_mg_l,0.698,0.7,0.002,2,NORMAL,0
TEL_1393,2026-08-25 20:26:00,OT_14,pressure_bar,4.182,4.0,0.182,3,NORMAL,0
TEL_0113,2026-08-25 21:04:00,OT_02,chlorine_mg_l,0.661,0.7,0.039,2,NORMAL,0
TEL_1443,2026-08-25 21:34:00,OT_13,flow_lps,223.291,210.0,13.291,0,NORMAL,0
TEL_1411,2026-08-25 22:04:00,OT_02,chlorine_mg_l,0.735,0.7,0.035,0,NORMAL,0
TEL_0417,2026-08-25 22:12:00,OT_03,chlorine_mg_l,0.783,0.7,0.083,1,NORMAL,0
TEL_0351,2026-08-25 23:25:00,OT_05,pressure_bar,3.908,4.0,0.092,0,NORMAL,0
TEL_0936,2026-08-26 00:38:00,OT_04,reservoir_level_pct,78.331,72.0,6.331,1,NORMAL,0
TEL_1484,2026-08-26 00:42:00,OT_10,chlorine_mg_l,0.732,0.7,0.032,0,NORMAL,0
TEL_0009,2026-08-26 00:56:00,OT_04,reservoir_level_pct,70.165,72.0,1.835,0,NORMAL,0
TEL_1453,2026-08-26 01:56:00,OT_01,pressure_bar,3.607,4.0,0.393,2,NORMAL,0
TEL_1402,2026-08-26 02:01:00,OT_08,reservoir_level_pct,74.472,72.0,2.472,2,NORMAL,0
TEL_0880,2026-08-26 02:21:00,OT_01,chlorine_mg_l,0.727,0.7,0.027,2,NORMAL,0
TEL_0230,2026-08-26 02:59:00,OT_02,pressure_bar,6.573,4.0,2.573,9,ALARM,1
TEL_0291,2026-08-26 03:11:00,OT_09,pressure_bar,3.985,4.0,0.015,1,NORMAL,0
TEL_0473,2026-08-26 03:17:00,OT_14,pressure_bar,3.516,4.0,0.484,1,NORMAL,0
TEL_1346,2026-08-26 03:48:00,OT_11,chlorine_mg_l,0.647,0.7,0.053,1,NORMAL,0
TEL_0654,2026-08-26 04:14:00,OT_09,reservoir_level_pct,71.348,72.0,0.652,1,NORMAL,0
TEL_0095,2026-08-26 05:01:00,OT_04,reservoir_level_pct,74.606,72.0,2.606,1,NORMAL,0
TEL_0818,2026-08-26 05:24:00,OT_09,reservoir_level_pct,72.744,72.0,0.744,2,NORMAL,0
TEL_0786,2026-08-26 05:50:00,OT_03,chlorine_mg_l,0.649,0.7,0.051,1,NORMAL,0
TEL_0856,2026-08-26 06:01:00,OT_13,reservoir_level_pct,68.676,72.0,3.324,1,NORMAL,0
TEL_0214,2026-08-26 06:11:00,OT_10,reservoir_level_pct,64.768,72.0,7.232,1,NORMAL,0
TEL_1358,2026-08-26 06:57:00,OT_01,flow_lps,250.268,210.0,40.268,2,NORMAL,0
TEL_0737,2026-08-26 07:47:00,OT_02,flow_lps,229.123,210.0,19.123,1,NORMAL,0
TEL_1376,2026-08-26 07:55:00,OT_03,pressure_bar,3.653,4.0,0.347,0,NORMAL,0
TEL_0934,2026-08-26 09:26:00,OT_07,flow_lps,239.161,210.0,29.161,1,NORMAL,0
TEL_1394,2026-08-26 09:28:00,OT_05,flow_lps,229.212,210.0,19.212,3,NORMAL,0
TEL_0725,2026-08-26 09:41:00,OT_06,chlorine_mg_l,0.685,0.7,0.015,3,NORMAL,0
TEL_1232,2026-08-26 11:15:00,OT_07,reservoir_level_pct,81.385,72.0,9.385,2,NORMAL,0
TEL_0695,2026-08-26 11:38:00,OT_08,chlorine_mg_l,0.668,0.7,0.032,2,NORMAL,0
TEL_0803,2026-08-26 12:09:00,OT_02,flow_lps,242.158,210.0,32.158,1,NORMAL,0
TEL_1152,2026-08-26 12:26:00,OT_12,reservoir_level_pct,73.808,72.0,1.808,1,NORMAL,0
TEL_1044,2026-08-26 12:44:00,OT_13,pressure_bar,4.238,4.0,0.238,6,NORMAL,0
TEL_0110,2026-08-26 12:46:00,OT_04,reservoir_level_pct,63.445,72.0,8.555,0,NORMAL,0
TEL_1046,2026-08-26 12:49:00,OT_03,pressure_bar,3.873,4.0,0.127,2,NORMAL,0
TEL_0147,2026-08-26 13:01:00,OT_10,pressure_bar,3.943,4.0,0.057,2,NORMAL,0
TEL_0885,2026-08-26 13:13:00,OT_08,reservoir_level_pct,62.888,72.0,9.112,0,NORMAL,0
TEL_0027,2026-08-26 16:26:00,OT_03,chlorine_mg_l,0.702,0.7,0.002,1,NORMAL,0
TEL_0745,2026-08-26 17:05:00,OT_05,pressure_bar,4.364,4.0,0.364,1,NORMAL,0
TEL_0156,2026-08-26 17:09:00,OT_13,chlorine_mg_l,0.789,0.7,0.089,1,NORMAL,0
TEL_0086,2026-08-26 17:15:00,OT_03,flow_lps,236.506,210.0,26.506,2,NORMAL,0
TEL_1093,2026-08-26 17:24:00,OT_11,flow_lps,208.699,210.0,1.301,1,NORMAL,0
TEL_0835,2026-08-26 17:40:00,OT_05,chlorine_mg_l,0.66,0.7,0.04,2,NORMAL,0
TEL_0311,2026-08-26 18:00:00,OT_07,chlorine_mg_l,0.623,0.7,0.077,1,NORMAL,0
TEL_0249,2026-08-26 18:27:00,OT_14,flow_lps,169.753,210.0,40.247,3,NORMAL,0
TEL_0245,2026-08-26 19:35:00,OT_03,chlorine_mg_l,0.756,0.7,0.056,2,NORMAL,0
TEL_0890,2026-08-26 20:02:00,OT_01,pressure_bar,4.36,4.0,0.36,0,NORMAL,0
TEL_0619,2026-08-26 20:51:00,OT_12,reservoir_level_pct,53.592,72.0,18.408,0,NORMAL,0
TEL_1375,2026-08-26 21:33:00,OT_14,chlorine_mg_l,0.774,0.7,0.074,1,NORMAL,0
TEL_1000,2026-08-26 21:54:00,OT_01,reservoir_level_pct,78.046,72.0,6.046,0,NORMAL,0
TEL_0799,2026-08-26 21:56:00,OT_09,reservoir_level_pct,77.651,72.0,5.651,3,NORMAL,0
TEL_1228,2026-08-26 22:23:00,OT_07,pressure_bar,4.118,4.0,0.118,0,NORMAL,0
TEL_0486,2026-08-26 22:34:00,OT_08,pressure_bar,3.204,4.0,0.796,2,NORMAL,0
TEL_0730,2026-08-26 23:16:00,OT_13,reservoir_level_pct,70.436,72.0,1.564,2,NORMAL,0
TEL_0043,2026-08-26 23:48:00,OT_10,flow_lps,211.228,210.0,1.228,1,NORMAL,0
TEL_1388,2026-08-27 00:04:00,OT_09,chlorine_mg_l,0.737,0.7,0.037,0,NORMAL,0
TEL_0083,2026-08-27 00:47:00,OT_01,flow_lps,219.538,210.0,9.538,1,NORMAL,0
TEL_1464,2026-08-27 02:14:00,OT_08,chlorine_mg_l,0.645,0.7,0.055,1,NORMAL,0
TEL_0309,2026-08-27 03:10:00,OT_10,chlorine_mg_l,0.7,0.7,0.0,1,NORMAL,0
TEL_0906,2026-08-27 03:44:00,OT_07,pressure_bar,4.902,4.0,0.902,0,NORMAL,0
TEL_0997,2026-08-27 04:15:00,OT_09,flow_lps,263.197,210.0,53.197,0,NORMAL,0
TEL_1159,2026-08-27 04:51:00,OT_02,flow_lps,251.187,210.0,41.187,2,NORMAL,0
TEL_0071,2026-08-27 05:09:00,OT_05,pressure_bar,4.518,4.0,0.518,0,NORMAL,0
TEL_0144,2026-08-27 05:59:00,OT_05,chlorine_mg_l,0.653,0.7,0.047,2,NORMAL,0
TEL_0853,2026-08-27 07:03:00,OT_10,reservoir_level_pct,69.081,72.0,2.919,4,NORMAL,0
TEL_0354,2026-08-27 07:18:00,OT_11,flow_lps,190.198,210.0,19.802,4,NORMAL,0
TEL_0966,2026-08-27 08:42:00,OT_10,reservoir_level_pct,68.908,72.0,3.092,0,NORMAL,0
TEL_1259,2026-08-27 08:52:00,OT_04,flow_lps,193.726,210.0,16.274,3,NORMAL,0
TEL_1196,2026-08-27 09:04:00,OT_06,flow_lps,229.879,210.0,19.879,1,NORMAL,0
TEL_0940,2026-08-27 09:38:00,OT_09,reservoir_level_pct,73.361,72.0,1.361,0,NORMAL,0
TEL_0374,2026-08-27 09:47:00,OT_10,pressure_bar,3.662,4.0,0.338,4,NORMAL,0
TEL_1018,2026-08-27 10:01:00,OT_14,flow_lps,158.65,210.0,51.35,1,NORMAL,0
TEL_0648,2026-08-27 10:16:00,OT_06,chlorine_mg_l,0.674,0.7,0.026,1,NORMAL,0
TEL_1382,2026-08-27 10:37:00,OT_15,flow_lps,250.842,210.0,40.842,1,NORMAL,0
TEL_0712,2026-08-27 10:38:00,OT_04,reservoir_level_pct,68.929,72.0,3.071,2,NORMAL,0
TEL_0207,2026-08-27 10:48:00,OT_08,pressure_bar,4.64,4.0,0.64,1,NORMAL,0
TEL_0120,2026-08-27 10:51:00,OT_07,chlorine_mg_l,0.708,0.7,0.008,0,NORMAL,0
TEL_1274,2026-08-27 12:07:00,OT_08,chlorine_mg_l,0.735,0.7,0.035,1,NORMAL,0
TEL_0755,2026-08-27 12:34:00,OT_11,reservoir_level_pct,68.035,72.0,3.965,0,NORMAL,0
TEL_1002,2026-08-27 13:43:00,OT_14,chlorine_mg_l,0.812,0.7,0.112,3,NORMAL,0
TEL_0386,2026-08-27 14:17:00,OT_02,flow_lps,228.348,210.0,18.348,1,NORMAL,0
TEL_1238,2026-08-27 14:48:00,OT_04,flow_lps,232.979,210.0,22.979,2,NORMAL,0
TEL_1408,2026-08-27 15:11:00,OT_15,flow_lps,302.336,210.0,92.336,4,ALARM,1
TEL_0436,2026-08-27 15:17:00,OT_12,pressure_bar,4.173,4.0,0.173,1,NORMAL,0
TEL_0748,2026-08-27 15:47:00,OT_07,pressure_bar,4.59,4.0,0.59,1,NORMAL,0
TEL_0054,2026-08-27 15:55:00,OT_05,flow_lps,221.68,210.0,11.68,0,NORMAL,0
TEL_1392,2026-08-27 16:53:00,OT_08,chlorine_mg_l,0.683,0.7,0.017,0,NORMAL,0
TEL_1175,2026-08-27 17:01:00,OT_14,chlorine_mg_l,0.729,0.7,0.029,2,NORMAL,0
TEL_1083,2026-08-27 17:06:00,OT_10,flow_lps,192.015,210.0,17.985,0,NORMAL,0
TEL_0186,2026-08-27 18:19:00,OT_01,chlorine_mg_l,0.682,0.7,0.018,2,NORMAL,0
TEL_0353,2026-08-27 18:20:00,OT_11,chlorine_mg_l,0.788,0.7,0.088,3,NORMAL,0
TEL_0399,2026-08-27 18:52:00,OT_15,chlorine_mg_l,0.668,0.7,0.032,0,NORMAL,0
TEL_0939,2026-08-27 18:56:00,OT_05,flow_lps,323.56,210.0,113.56,4,ALARM,1
TEL_0975,2026-08-27 18:56:00,OT_09,pressure_bar,3.283,4.0,0.717,0,NORMAL,0
TEL_1008,2026-08-27 19:03:00,OT_07,pressure_bar,4.202,4.0,0.202,4,NORMAL,0
TEL_0181,2026-08-27 19:34:00,OT_13,flow_lps,241.808,210.0,31.808,2,NORMAL,0
TEL_1095,2026-08-27 19:57:00,OT_12,pressure_bar,4.478,4.0,0.478,0,NORMAL,0
TEL_0706,2026-08-27 21:10:00,OT_08,pressure_bar,3.61,4.0,0.39,0,NORMAL,0
TEL_0611,2026-08-27 21:53:00,OT_06,chlorine_mg_l,0.68,0.7,0.02,4,NORMAL,0
TEL_0721,2026-08-27 21:59:00,OT_09,reservoir_level_pct,68.56,72.0,3.44,1,NORMAL,0
TEL_0773,2026-08-27 22:27:00,OT_06,chlorine_mg_l,0.656,0.7,0.044,0,NORMAL,0
TEL_1386,2026-08-27 22:33:00,OT_03,flow_lps,227.467,210.0,17.467,2,NORMAL,0
TEL_0350,2026-08-27 22:39:00,OT_06,pressure_bar,3.863,4.0,0.137,0,NORMAL,0
TEL_0318,2026-08-27 22:56:00,OT_03,pressure_bar,3.86,4.0,0.14,3,NORMAL,0
TEL_1496,2026-08-27 23:00:00,OT_10,chlorine_mg_l,0.753,0.7,0.053,1,NORMAL,0
TEL_0198,2026-08-27 23:21:00,OT_11,reservoir_level_pct,78.998,72.0,6.998,1,NORMAL,0
TEL_0792,2026-08-28 00:35:00,OT_02,pressure_bar,3.99,4.0,0.01,1,NORMAL,0
TEL_1052,2026-08-28 01:50:00,OT_14,chlorine_mg_l,0.535,0.7,0.165,2,NORMAL,0
TEL_0752,2026-08-28 01:52:00,OT_12,flow_lps,235.202,210.0,25.202,0,NORMAL,0
TEL_0368,2026-08-28 01:57:00,OT_15,pressure_bar,3.967,4.0,0.033,0,NORMAL,0
TEL_0128,2026-08-28 02:28:00,OT_04,flow_lps,218.867,210.0,8.867,0,NORMAL,0
TEL_1220,2026-08-28 02:58:00,OT_07,chlorine_mg_l,0.634,0.7,0.066,0,NORMAL,0
TEL_1345,2026-08-28 03:26:00,OT_06,pressure_bar,3.954,4.0,0.046,1,NORMAL,0
TEL_1077,2026-08-28 06:39:00,OT_15,pressure_bar,3.877,4.0,0.123,2,NORMAL,0
TEL_1309,2026-08-28 07:03:00,OT_12,chlorine_mg_l,0.741,0.7,0.041,2,NORMAL,0
TEL_0573,2026-08-28 07:15:00,OT_14,reservoir_level_pct,76.894,72.0,4.894,1,NORMAL,0
TEL_1285,2026-08-28 07:55:00,OT_03,reservoir_level_pct,60.204,72.0,11.796,1,NORMAL,0
TEL_1477,2026-08-28 08:15:00,OT_12,pressure_bar,4.03,4.0,0.03,0,NORMAL,0
TEL_1492,2026-08-28 08:25:00,OT_05,chlorine_mg_l,0.718,0.7,0.018,1,NORMAL,0
TEL_0459,2026-08-28 09:28:00,OT_15,reservoir_level_pct,67.918,72.0,4.082,0,NORMAL,0
TEL_0542,2026-08-28 10:31:00,OT_06,flow_lps,220.22,210.0,10.22,2,NORMAL,0
TEL_0449,2026-08-28 10:48:00,OT_08,flow_lps,230.868,210.0,20.868,3,NORMAL,0
TEL_0680,2026-08-28 11:42:00,OT_02,pressure_bar,4.049,4.0,0.049,1,NORMAL,0
TEL_0006,2026-08-28 11:50:00,OT_01,chlorine_mg_l,0.674,0.7,0.026,0,NORMAL,0
TEL_0655,2026-08-28 12:37:00,OT_13,pressure_bar,4.474,4.0,0.474,2,NORMAL,0
TEL_0115,2026-08-28 13:23:00,OT_11,reservoir_level_pct,74.368,72.0,2.368,3,NORMAL,0
TEL_0414,2026-08-28 14:28:00,OT_11,pressure_bar,3.334,4.0,0.666,2,NORMAL,0
TEL_0022,2026-08-28 14:54:00,OT_07,pressure_bar,4.207,4.0,0.207,2,NORMAL,0
TEL_1027,2026-08-28 15:06:00,OT_03,reservoir_level_pct,72.195,72.0,0.195,1,NORMAL,0
TEL_1319,2026-08-28 15:51:00,OT_13,reservoir_level_pct,82.633,72.0,10.633,2,NORMAL,0
TEL_0563,2026-08-28 15:56:00,OT_15,reservoir_level_pct,73.465,72.0,1.465,1,NORMAL,0
TEL_0728,2026-08-28 16:06:00,OT_13,chlorine_mg_l,0.693,0.7,0.007,3,NORMAL,0
TEL_0339,2026-08-28 16:14:00,OT_14,pressure_bar,3.439,4.0,0.561,1,NORMAL,0
TEL_0261,2026-08-28 16:25:00,OT_09,flow_lps,204.87,210.0,5.13,3,NORMAL,0
TEL_0988,2026-08-28 16:30:00,OT_08,reservoir_level_pct,84.351,72.0,12.351,1,NORMAL,0
TEL_1090,2026-08-28 16:59:00,OT_10,pressure_bar,4.339,4.0,0.339,0,NORMAL,0
TEL_1405,2026-08-28 18:01:00,OT_11,reservoir_level_pct,74.831,72.0,2.831,0,NORMAL,0
TEL_1121,2026-08-28 18:13:00,OT_11,pressure_bar,3.791,4.0,0.209,1,NORMAL,0
TEL_0991,2026-08-28 20:34:00,OT_11,reservoir_level_pct,67.996,72.0,4.004,1,NORMAL,0
TEL_1124,2026-08-28 20:50:00,OT_04,flow_lps,264.155,210.0,54.155,2,NORMAL,0
TEL_0239,2026-08-28 21:26:00,OT_09,reservoir_level_pct,70.954,72.0,1.046,1,NORMAL,0
TEL_0810,2026-08-28 21:32:00,OT_07,reservoir_level_pct,70.748,72.0,1.252,3,NORMAL,0
TEL_1006,2026-08-28 21:46:00,OT_01,flow_lps,216.444,210.0,6.444,0,NORMAL,0
TEL_0716,2026-08-28 22:00:00,OT_02,pressure_bar,3.245,4.0,0.755,3,NORMAL,0
TEL_0485,2026-08-28 22:15:00,OT_12,reservoir_level_pct,69.331,72.0,2.669,1,NORMAL,0
TEL_1389,2026-08-28 23:47:00,OT_02,reservoir_level_pct,67.305,72.0,4.695,3,NORMAL,0
TEL_1286,2026-08-28 23:49:00,OT_02,reservoir_level_pct,60.102,72.0,11.898,0,NORMAL,0
TEL_0723,2026-08-29 00:17:00,OT_11,pressure_bar,3.115,4.0,0.885,0,NORMAL,0
TEL_1258,2026-08-29 00:21:00,OT_12,flow_lps,201.278,210.0,8.722,1,NORMAL,0
TEL_0807,2026-08-29 00:34:00,OT_14,flow_lps,199.615,210.0,10.385,2,NORMAL,0
TEL_0860,2026-08-29 00:41:00,OT_15,pressure_bar,4.483,4.0,0.483,2,NORMAL,0
TEL_0623,2026-08-29 02:42:00,OT_04,pressure_bar,4.306,4.0,0.306,1,NORMAL,0
TEL_1489,2026-08-29 02:52:00,OT_09,pressure_bar,5.078,4.0,1.078,0,NORMAL,0
TEL_0969,2026-08-29 03:01:00,OT_03,reservoir_level_pct,56.608,72.0,15.392,2,NORMAL,0
TEL_0746,2026-08-29 03:08:00,OT_15,flow_lps,218.237,210.0,8.237,2,NORMAL,0
TEL_1172,2026-08-29 03:31:00,OT_12,pressure_bar,3.815,4.0,0.185,2,NORMAL,0
TEL_0963,2026-08-29 04:18:00,OT_07,pressure_bar,4.266,4.0,0.266,2,NORMAL,0
TEL_1130,2026-08-29 05:27:00,OT_07,chlorine_mg_l,1.05,0.7,0.35,11,ALARM,1
TEL_1447,2026-08-29 05:30:00,OT_12,chlorine_mg_l,0.73,0.7,0.03,2,NORMAL,0
TEL_0837,2026-08-29 05:50:00,OT_04,chlorine_mg_l,0.636,0.7,0.064,0,NORMAL,0
TEL_0189,2026-08-29 06:01:00,OT_14,pressure_bar,4.069,4.0,0.069,0,NORMAL,0
TEL_1268,2026-08-29 06:28:00,OT_04,chlorine_mg_l,0.653,0.7,0.047,1,NORMAL,0
TEL_1276,2026-08-29 06:58:00,OT_03,pressure_bar,4.104,4.0,0.104,0,NORMAL,0
TEL_0511,2026-08-29 07:51:00,OT_02,chlorine_mg_l,0.651,0.7,0.049,2,NORMAL,0
TEL_0980,2026-08-29 08:12:00,OT_01,flow_lps,189.121,210.0,20.879,0,NORMAL,0
TEL_0411,2026-08-29 08:13:00,OT_12,reservoir_level_pct,68.385,72.0,3.615,0,NORMAL,0
TEL_0588,2026-08-29 09:16:00,OT_10,chlorine_mg_l,0.894,0.7,0.194,0,NORMAL,0
TEL_0672,2026-08-29 09:46:00,OT_07,chlorine_mg_l,0.739,0.7,0.039,1,NORMAL,0
TEL_0431,2026-08-29 09:59:00,OT_07,chlorine_mg_l,0.701,0.7,0.001,2,NORMAL,0
TEL_0041,2026-08-29 10:30:00,OT_03,chlorine_mg_l,0.672,0.7,0.028,0,NORMAL,0
TEL_1122,2026-08-29 11:10:00,OT_12,pressure_bar,4.754,4.0,0.754,2,NORMAL,0
TEL_0572,2026-08-29 11:17:00,OT_01,reservoir_level_pct,90.239,72.0,18.239,0,NORMAL,0
TEL_0362,2026-08-29 11:26:00,OT_04,pressure_bar,3.794,4.0,0.206,1,NORMAL,0
TEL_1141,2026-08-29 12:34:00,OT_11,chlorine_mg_l,0.784,0.7,0.084,1,NORMAL,0
TEL_0487,2026-08-29 13:47:00,OT_03,reservoir_level_pct,67.816,72.0,4.184,2,NORMAL,0
TEL_1275,2026-08-29 14:19:00,OT_05,flow_lps,204.361,210.0,5.639,2,NORMAL,0
TEL_0531,2026-08-29 16:40:00,OT_09,flow_lps,223.745,210.0,13.745,1,NORMAL,0
TEL_1334,2026-08-29 16:54:00,OT_08,flow_lps,180.121,210.0,29.879,1,NORMAL,0
TEL_0865,2026-08-29 17:09:00,OT_05,chlorine_mg_l,0.643,0.7,0.057,0,NORMAL,0
TEL_0390,2026-08-29 17:11:00,OT_05,reservoir_level_pct,57.645,72.0,14.355,0,NORMAL,0
TEL_0651,2026-08-29 17:21:00,OT_15,reservoir_level_pct,69.883,72.0,2.117,0,NORMAL,0
TEL_0308,2026-08-29 17:40:00,OT_11,chlorine_mg_l,0.645,0.7,0.055,2,NORMAL,0
TEL_0340,2026-08-29 17:44:00,OT_06,pressure_bar,4.836,4.0,0.836,1,NORMAL,0
TEL_0503,2026-08-29 18:10:00,OT_10,chlorine_mg_l,0.813,0.7,0.113,2,NORMAL,0
TEL_0766,2026-08-29 18:32:00,OT_01,chlorine_mg_l,0.771,0.7,0.071,1,NORMAL,0
TEL_0141,2026-08-29 18:55:00,OT_08,flow_lps,250.532,210.0,40.532,2,NORMAL,0
TEL_0157,2026-08-29 19:27:00,OT_08,chlorine_mg_l,0.762,0.7,0.062,4,NORMAL,0
TEL_0294,2026-08-29 20:35:00,OT_08,pressure_bar,3.982,4.0,0.018,0,NORMAL,0
TEL_1182,2026-08-29 22:13:00,OT_13,flow_lps,233.917,210.0,23.917,1,NORMAL,0
TEL_0821,2026-08-29 22:25:00,OT_11,flow_lps,186.491,210.0,23.509,0,NORMAL,0
TEL_1342,2026-08-29 22:59:00,OT_15,pressure_bar,4.627,4.0,0.627,3,NORMAL,0
TEL_0423,2026-08-29 23:14:00,OT_09,chlorine_mg_l,0.717,0.7,0.017,2,NORMAL,0
TEL_1193,2026-08-29 23:29:00,OT_09,flow_lps,218.206,210.0,8.206,1,NORMAL,0
TEL_1362,2026-08-30 00:38:00,OT_05,reservoir_level_pct,68.493,72.0,3.507,0,NORMAL,0
TEL_0365,2026-08-30 01:25:00,OT_11,flow_lps,233.963,210.0,23.963,1,NORMAL,0
TEL_0091,2026-08-30 01:54:00,OT_04,flow_lps,177.409,210.0,32.591,1,NORMAL,0
TEL_INC_1,2026-08-30 02:24:00,OT_04,pressure_bar,6.9,4.0,2.9000000000000004,14,ALARM,1
TEL_INC_2,2026-08-30 02:28:00,OT_04,pressure_bar,8.2,4.0,4.199999999999999,17,ALARM,1
TEL_INC_3,2026-08-30 02:32:00,OT_04,pressure_bar,2.1,4.0,1.9,20,ALARM,1
TEL_1301,2026-08-30 04:29:00,OT_02,reservoir_level_pct,68.71,72.0,3.29,1,NORMAL,0
TEL_0910,2026-08-30 05:07:00,OT_12,reservoir_level_pct,58.79,72.0,13.21,0,NORMAL,0
TEL_0750,2026-08-30 05:17:00,OT_07,flow_lps,201.192,210.0,8.808,0,NORMAL,0
TEL_0862,2026-08-30 05:22:00,OT_13,flow_lps,250.102,210.0,40.102,1,NORMAL,0
TEL_0348,2026-08-30 05:36:00,OT_13,pressure_bar,3.936,4.0,0.064,2,NORMAL,0
TEL_1085,2026-08-30 05:37:00,OT_14,chlorine_mg_l,1.096,0.7,0.396,7,ALARM,1
TEL_1189,2026-08-30 05:39:00,OT_02,flow_lps,243.505,210.0,33.505,1,NORMAL,0
TEL_0263,2026-08-30 06:30:00,OT_06,flow_lps,274.632,210.0,64.632,1,NORMAL,0
TEL_0794,2026-08-30 06:52:00,OT_15,reservoir_level_pct,70.717,72.0,1.283,2,NORMAL,0
TEL_1325,2026-08-30 07:12:00,OT_09,flow_lps,216.677,210.0,6.677,3,NORMAL,0
TEL_0828,2026-08-30 07:13:00,OT_03,chlorine_mg_l,0.697,0.7,0.003,3,NORMAL,0
TEL_0097,2026-08-30 07:19:00,OT_03,pressure_bar,3.54,4.0,0.46,3,NORMAL,0
TEL_0579,2026-08-30 07:21:00,OT_09,flow_lps,188.767,210.0,21.233,0,NORMAL,0
TEL_1036,2026-08-30 08:15:00,OT_13,pressure_bar,3.846,4.0,0.154,2,NORMAL,0
TEL_1003,2026-08-30 08:58:00,OT_07,reservoir_level_pct,77.901,72.0,5.901,0,NORMAL,0
TEL_0059,2026-08-30 08:59:00,OT_06,chlorine_mg_l,0.839,0.7,0.139,2,NORMAL,0
TEL_0484,2026-08-30 09:22:00,OT_09,flow_lps,197.421,210.0,12.579,2,NORMAL,0
TEL_0184,2026-08-30 09:34:00,OT_04,flow_lps,192.074,210.0,17.926,0,NORMAL,0
TEL_1174,2026-08-30 09:54:00,OT_02,flow_lps,207.975,210.0,2.025,0,NORMAL,0
TEL_0698,2026-08-30 10:25:00,OT_07,chlorine_mg_l,0.642,0.7,0.058,1,NORMAL,0
TEL_0105,2026-08-30 10:45:00,OT_13,flow_lps,216.361,210.0,6.361,2,NORMAL,0
TEL_0785,2026-08-30 10:51:00,OT_11,pressure_bar,3.892,4.0,0.108,2,NORMAL,0
TEL_0638,2026-08-30 11:05:00,OT_08,pressure_bar,3.775,4.0,0.225,2,NORMAL,0
TEL_1294,2026-08-30 11:30:00,OT_01,reservoir_level_pct,74.004,72.0,2.004,8,ALARM,1
TEL_0477,2026-08-30 11:41:00,OT_09,chlorine_mg_l,0.731,0.7,0.031,2,NORMAL,0
TEL_0501,2026-08-30 12:10:00,OT_04,chlorine_mg_l,0.709,0.7,0.009,2,NORMAL,0
TEL_0410,2026-08-30 12:17:00,OT_03,flow_lps,221.343,210.0,11.343,1,NORMAL,0
TEL_0691,2026-08-30 12:50:00,OT_15,chlorine_mg_l,0.819,0.7,0.119,3,NORMAL,0
TEL_0092,2026-08-30 12:54:00,OT_08,chlorine_mg_l,0.737,0.7,0.037,2,NORMAL,0
TEL_0938,2026-08-30 12:57:00,OT_05,chlorine_mg_l,0.767,0.7,0.067,2,NORMAL,0
TEL_0741,2026-08-30 13:56:00,OT_10,chlorine_mg_l,0.731,0.7,0.031,2,NORMAL,0
TEL_1381,2026-08-30 14:26:00,OT_04,reservoir_level_pct,69.282,72.0,2.718,0,NORMAL,0
TEL_0229,2026-08-30 15:43:00,OT_07,chlorine_mg_l,0.717,0.7,0.017,2,NORMAL,0
TEL_0732,2026-08-30 16:26:00,OT_06,flow_lps,187.752,210.0,22.248,0,NORMAL,0
TEL_0268,2026-08-30 17:46:00,OT_14,chlorine_mg_l,0.473,0.7,0.227,1,NORMAL,0
TEL_1271,2026-08-30 19:29:00,OT_14,chlorine_mg_l,0.842,0.7,0.142,1,NORMAL,0
TEL_0556,2026-08-30 19:42:00,OT_13,reservoir_level_pct,73.16,72.0,1.16,0,NORMAL,0
TEL_1256,2026-08-30 20:00:00,OT_08,pressure_bar,4.706,4.0,0.706,11,ALARM,1
TEL_0978,2026-08-30 20:54:00,OT_12,flow_lps,202.323,210.0,7.677,2,NORMAL,0
TEL_0103,2026-08-30 20:54:00,OT_13,chlorine_mg_l,0.838,0.7,0.138,1,NORMAL,0
TEL_0664,2026-08-30 21:30:00,OT_04,pressure_bar,4.122,4.0,0.122,2,NORMAL,0
TEL_0001,2026-08-30 21:42:00,OT_10,flow_lps,260.877,210.0,50.877,0,NORMAL,0
TEL_0171,2026-08-30 21:55:00,OT_14,pressure_bar,4.427,4.0,0.427,0,NORMAL,0
TEL_0260,2026-08-30 21:57:00,OT_08,reservoir_level_pct,76.726,72.0,4.726,0,NORMAL,0
TEL_0476,2026-08-30 22:43:00,OT_10,pressure_bar,3.845,4.0,0.155,0,NORMAL,0
TEL_0084,2026-08-30 22:47:00,OT_03,flow_lps,292.065,210.0,82.065,13,ALARM,1
TEL_0387,2026-08-30 23:02:00,OT_09,pressure_bar,3.235,4.0,0.765,2,NORMAL,0
TEL_0117,2026-08-30 23:06:00,OT_13,reservoir_level_pct,76.676,72.0,4.676,0,NORMAL,0
TEL_1335,2026-08-30 23:41:00,OT_10,pressure_bar,3.401,4.0,0.599,0,NORMAL,0
TEL_0028,2026-08-30 23:54:00,OT_13,pressure_bar,3.601,4.0,0.399,1,NORMAL,0
TEL_0192,2026-08-31 00:09:00,OT_04,chlorine_mg_l,0.713,0.7,0.013,0,NORMAL,0
TEL_1225,2026-08-31 00:11:00,OT_14,chlorine_mg_l,0.702,0.7,0.002,1,NORMAL,0
TEL_0609,2026-08-31 01:47:00,OT_09,reservoir_level_pct,88.26,72.0,16.26,0,NORMAL,0
TEL_0432,2026-08-31 02:50:00,OT_09,pressure_bar,3.466,4.0,0.534,2,NORMAL,0
TEL_1105,2026-08-31 03:36:00,OT_13,chlorine_mg_l,0.704,0.7,0.004,0,NORMAL,0
TEL_0146,2026-08-31 04:04:00,OT_13,flow_lps,208.684,210.0,1.316,0,NORMAL,0
TEL_0118,2026-08-31 05:08:00,OT_08,flow_lps,233.802,210.0,23.802,0,NORMAL,0
TEL_1466,2026-08-31 05:24:00,OT_06,chlorine_mg_l,0.73,0.7,0.03,2,NORMAL,0
TEL_0474,2026-08-31 05:43:00,OT_02,chlorine_mg_l,0.654,0.7,0.046,0,NORMAL,0
TEL_0510,2026-08-31 06:01:00,OT_05,reservoir_level_pct,111.818,72.0,39.818,12,ALARM,1
TEL_0944,2026-08-31 06:15:00,OT_01,chlorine_mg_l,0.741,0.7,0.041,1,NORMAL,0
TEL_0774,2026-08-31 07:02:00,OT_12,reservoir_level_pct,76.229,72.0,4.229,2,NORMAL,0
TEL_0062,2026-08-31 07:32:00,OT_15,chlorine_mg_l,0.631,0.7,0.069,1,NORMAL,0
TEL_0847,2026-08-31 09:26:00,OT_06,flow_lps,194.884,210.0,15.116,1,NORMAL,0
TEL_0328,2026-08-31 09:34:00,OT_03,chlorine_mg_l,0.7,0.7,0.0,1,NORMAL,0
TEL_1091,2026-08-31 09:47:00,OT_12,chlorine_mg_l,0.707,0.7,0.007,2,NORMAL,0
TEL_0946,2026-08-31 09:49:00,OT_10,pressure_bar,3.925,4.0,0.075,2,NORMAL,0
TEL_0424,2026-08-31 10:02:00,OT_04,pressure_bar,4.153,4.0,0.153,2,NORMAL,0
TEL_1438,2026-08-31 10:48:00,OT_09,flow_lps,207.371,210.0,2.629,0,NORMAL,0
TEL_0408,2026-08-31 11:03:00,OT_01,reservoir_level_pct,133.825,72.0,61.825,10,ALARM,1
TEL_0968,2026-08-31 11:33:00,OT_08,chlorine_mg_l,0.843,0.7,0.143,1,NORMAL,0
TEL_0426,2026-08-31 12:07:00,OT_12,pressure_bar,4.166,4.0,0.166,1,NORMAL,0
TEL_0848,2026-08-31 12:07:00,OT_02,chlorine_mg_l,0.822,0.7,0.122,2,NORMAL,0
TEL_0700,2026-08-31 12:17:00,OT_05,chlorine_mg_l,0.733,0.7,0.033,2,NORMAL,0
TEL_1308,2026-08-31 12:24:00,OT_13,reservoir_level_pct,72.794,72.0,0.794,1,NORMAL,0
TEL_0584,2026-08-31 12:59:00,OT_05,reservoir_level_pct,71.801,72.0,0.199,1,NORMAL,0
TEL_0166,2026-08-31 13:21:00,OT_14,flow_lps,209.805,210.0,0.195,1,NORMAL,0
TEL_0620,2026-08-31 13:33:00,OT_09,chlorine_mg_l,0.82,0.7,0.12,0,NORMAL,0
TEL_1239,2026-08-31 13:56:00,OT_12,reservoir_level_pct,67.047,72.0,4.953,1,NORMAL,0
TEL_0644,2026-08-31 14:11:00,OT_03,reservoir_level_pct,83.81,72.0,11.81,2,NORMAL,0
TEL_1001,2026-08-31 14:18:00,OT_15,pressure_bar,4.208,4.0,0.208,1,NORMAL,0
TEL_0490,2026-08-31 15:18:00,OT_09,reservoir_level_pct,66.888,72.0,5.112,1,NORMAL,0
TEL_0080,2026-08-31 16:45:00,OT_08,chlorine_mg_l,0.883,0.7,0.183,3,NORMAL,0
TEL_0238,2026-08-31 16:55:00,OT_08,flow_lps,229.606,210.0,19.606,1,NORMAL,0
TEL_0993,2026-08-31 17:12:00,OT_07,chlorine_mg_l,0.716,0.7,0.016,2,NORMAL,0
TEL_0714,2026-08-31 17:15:00,OT_11,pressure_bar,4.973,4.0,0.973,1,NORMAL,0
TEL_1372,2026-08-31 17:33:00,OT_14,flow_lps,195.319,210.0,14.681,4,NORMAL,0
TEL_1340,2026-08-31 18:27:00,OT_08,chlorine_mg_l,0.745,0.7,0.045,0,NORMAL,0
TEL_1316,2026-08-31 19:29:00,OT_13,flow_lps,217.341,210.0,7.341,1,NORMAL,0
TEL_1032,2026-08-31 20:40:00,OT_12,flow_lps,238.889,210.0,28.889,3,NORMAL,0
TEL_0697,2026-08-31 21:08:00,OT_14,flow_lps,229.673,210.0,19.673,0,NORMAL,0
TEL_0677,2026-08-31 21:08:00,OT_01,reservoir_level_pct,56.643,72.0,15.357,2,NORMAL,0
TEL_0082,2026-08-31 21:46:00,OT_01,pressure_bar,4.344,4.0,0.344,2,NORMAL,0
TEL_1060,2026-08-31 22:06:00,OT_14,chlorine_mg_l,0.626,0.7,0.074,3,NORMAL,0
TEL_0161,2026-08-31 22:08:00,OT_14,pressure_bar,4.51,4.0,0.51,4,NORMAL,0
TEL_1019,2026-08-31 22:19:00,OT_10,reservoir_level_pct,80.012,72.0,8.012,1,NORMAL,0
TEL_0804,2026-08-31 22:44:00,OT_14,pressure_bar,4.058,4.0,0.058,4,NORMAL,0
TEL_0812,2026-08-31 23:36:00,OT_08,chlorine_mg_l,0.841,0.7,0.141,1,NORMAL,0
TEL_0625,2026-08-31 23:43:00,OT_06,chlorine_mg_l,0.674,0.7,0.026,1,NORMAL,0
TEL_1448,2026-08-31 23:44:00,OT_09,pressure_bar,3.575,4.0,0.425,2,NORMAL,0
