session_id,timestamp,vendor_id,user_id,asset_id,label_suspicious,supervised_probability,anomaly_percentile,risk_score,risk_level,recommended_action
VPN_0591,2026-08-31 08:50:00,VENDOR_12,USER_12,OT_03,1,0.9826117103229762,96.3,100.0,High,Investigate and block/isolate if confirmed
VPN_0509,2026-08-31 02:54:00,VENDOR_09,USER_09,OT_14,1,0.9648619432404494,99.35,100.0,High,Investigate and block/isolate if confirmed
VPN_1167,2026-08-30 15:55:00,VENDOR_12,USER_12,OT_10,1,0.9882710201531715,92.55,100.0,High,Investigate and block/isolate if confirmed
VPN_1031,2026-08-30 08:51:00,VENDOR_04,USER_04,OT_12,1,0.9869927591554374,97.85,100.0,High,Investigate and block/isolate if confirmed
VPN_0166,2026-08-30 02:19:00,VENDOR_07,USER_07,OT_04,1,0.9817197922414721,99.0,100.0,High,Investigate and block/isolate if confirmed
VPN_0683,2026-08-30 02:16:00,VENDOR_07,USER_07,OT_04,1,0.9817197922414721,99.0,100.0,High,Investigate and block/isolate if confirmed
VPN_0846,2026-08-30 02:13:00,VENDOR_07,USER_07,OT_04,1,0.9817197922414721,99.0,100.0,High,Investigate and block/isolate if confirmed
VPN_0224,2026-08-30 02:10:00,VENDOR_07,USER_07,OT_04,1,0.9703690188782745,99.7,100.0,High,Investigate and block/isolate if confirmed
VPN_0797,2026-08-30 02:07:00,VENDOR_07,USER_07,OT_04,1,0.9703690188782745,99.7,100.0,High,Investigate and block/isolate if confirmed
VPN_0467,2026-08-30 02:04:00,VENDOR_07,USER_07,OT_04,1,0.9703690188782745,99.7,100.0,High,Investigate and block/isolate if confirmed
VPN_1675,2026-08-29 18:42:00,VENDOR_01,USER_01,OT_13,1,0.9978203348807214,93.35,100.0,High,Investigate and block/isolate if confirmed
VPN_1445,2026-08-29 09:10:00,VENDOR_06,USER_06,OT_01,1,0.9941586628881991,97.45,100.0,High,Investigate and block/isolate if confirmed
VPN_0056,2026-08-29 01:22:00,VENDOR_05,USER_05,OT_11,1,0.9579781992176015,96.05,100.0,High,Investigate and block/isolate if confirmed
VPN_1721,2026-08-28 18:35:00,VENDOR_05,USER_05,OT_05,1,0.9703718747267653,92.75,100.0,High,Investigate and block/isolate if confirmed
VPN_0150,2026-08-28 13:47:00,VENDOR_05,USER_05,OT_07,1,0.9898855090025331,92.65,100.0,High,Investigate and block/isolate if confirmed
VPN_0807,2026-08-27 23:07:00,VENDOR_10,USER_10,OT_03,1,0.9954334421327887,96.5,100.0,High,Investigate and block/isolate if confirmed
VPN_0757,2026-08-26 21:14:00,VENDOR_11,USER_11,OT_08,1,0.9835484406116815,94.2,100.0,High,Investigate and block/isolate if confirmed
VPN_0708,2026-08-01 14:56:00,VENDOR_03,USER_03,OT_03,1,0.9892213039528932,98.8,100.0,High,Investigate and block/isolate if confirmed
VPN_0392,2026-08-01 14:50:00,VENDOR_11,USER_11,OT_11,1,0.985499271356044,93.75,100.0,High,Investigate and block/isolate if confirmed
VPN_1868,2026-08-25 20:32:00,VENDOR_12,USER_12,OT_03,1,0.9930807347876288,96.85,100.0,High,Investigate and block/isolate if confirmed
VPN_0723,2026-08-25 17:54:00,VENDOR_03,USER_03,OT_09,1,0.9956979861818572,96.15,100.0,High,Investigate and block/isolate if confirmed
VPN_1685,2026-08-25 14:52:00,VENDOR_12,USER_12,OT_05,1,0.98375157765093,97.0,100.0,High,Investigate and block/isolate if confirmed
VPN_0212,2026-08-25 11:39:00,VENDOR_06,USER_06,OT_15,1,0.9934461917027073,98.2,100.0,High,Investigate and block/isolate if confirmed
VPN_0803,2026-08-25 06:36:00,VENDOR_06,USER_06,OT_06,1,0.9739481778824438,93.7,100.0,High,Investigate and block/isolate if confirmed
VPN_1572,2026-08-24 20:36:00,VENDOR_02,USER_02,OT_15,1,0.9806389671185296,100.0,100.0,High,Investigate and block/isolate if confirmed
VPN_0019,2026-08-24 20:33:00,VENDOR_09,USER_09,OT_11,1,0.9833500683142434,98.35,100.0,High,Investigate and block/isolate if confirmed
VPN_1211,2026-08-24 11:04:00,VENDOR_08,USER_08,OT_12,1,0.9969250435474856,99.3,100.0,High,Investigate and block/isolate if confirmed
VPN_0102,2026-08-23 16:59:00,VENDOR_03,USER_03,OT_15,1,0.9955576298185548,99.85,100.0,High,Investigate and block/isolate if confirmed
VPN_0828,2026-08-23 12:12:00,VENDOR_03,USER_03,OT_05,1,0.9888441511592336,94.5,100.0,High,Investigate and block/isolate if confirmed
VPN_1717,2026-08-23 11:27:00,VENDOR_09,USER_09,OT_11,1,0.983183698777008,93.1,100.0,High,Investigate and block/isolate if confirmed
VPN_0938,2026-08-23 07:42:00,VENDOR_01,USER_01,OT_02,1,0.9847308262525893,99.15,100.0,High,Investigate and block/isolate if confirmed
VPN_1510,2026-08-22 21:29:00,VENDOR_11,USER_11,OT_10,1,0.9765585368474904,96.35,100.0,High,Investigate and block/isolate if confirmed
VPN_1242,2026-08-22 00:21:00,VENDOR_03,USER_03,OT_08,1,0.9942600329883171,97.65,100.0,High,Investigate and block/isolate if confirmed
VPN_1023,2026-08-01 22:52:00,VENDOR_12,USER_12,OT_05,1,0.9932520782210048,95.2,100.0,High,Investigate and block/isolate if confirmed
VPN_1275,2026-08-21 13:53:00,VENDOR_02,USER_02,OT_01,1,0.9854985914082941,99.8,100.0,High,Investigate and block/isolate if confirmed
VPN_1992,2026-08-20 22:19:00,VENDOR_12,USER_12,OT_13,1,0.9857951209664382,97.05,100.0,High,Investigate and block/isolate if confirmed
VPN_0138,2026-08-20 21:53:00,VENDOR_11,USER_11,OT_01,1,0.8649531844771265,95.15,100.0,High,Investigate and block/isolate if confirmed
VPN_0107,2026-08-20 15:45:00,VENDOR_11,USER_11,OT_04,1,0.9956873110715596,98.7,100.0,High,Investigate and block/isolate if confirmed
VPN_1698,2026-08-20 04:25:00,VENDOR_03,USER_03,OT_01,1,0.9896680687068782,95.65,100.0,High,Investigate and block/isolate if confirmed
VPN_0887,2026-08-19 12:52:00,VENDOR_03,USER_03,OT_14,1,0.9956721344986588,98.6,100.0,High,Investigate and block/isolate if confirmed
VPN_0401,2026-08-19 12:38:00,VENDOR_03,USER_03,OT_13,1,0.9932355199179201,93.05,100.0,High,Investigate and block/isolate if confirmed
VPN_1874,2026-08-19 02:00:00,VENDOR_08,USER_08,OT_07,1,0.9938195463865205,94.95,100.0,High,Investigate and block/isolate if confirmed
VPN_1065,2026-08-18 23:53:00,VENDOR_08,USER_08,OT_03,1,0.9799309226472096,95.85,100.0,High,Investigate and block/isolate if confirmed
VPN_1181,2026-08-18 19:25:00,VENDOR_06,USER_06,OT_01,1,0.9920688908958087,96.25,100.0,High,Investigate and block/isolate if confirmed
VPN_1372,2026-08-17 18:47:00,VENDOR_07,USER_07,OT_13,1,0.9884259291815393,92.7,100.0,High,Investigate and block/isolate if confirmed
VPN_0453,2026-08-17 06:50:00,VENDOR_05,USER_05,OT_08,1,0.9736532768259628,93.0,100.0,High,Investigate and block/isolate if confirmed
VPN_0715,2026-08-16 22:32:00,VENDOR_08,USER_08,OT_04,1,0.9914659294676537,97.8,100.0,High,Investigate and block/isolate if confirmed
VPN_1355,2026-08-16 21:37:00,VENDOR_07,USER_07,OT_02,1,0.9662071497702658,97.3,100.0,High,Investigate and block/isolate if confirmed
VPN_0306,2026-08-16 20:11:00,VENDOR_06,USER_06,OT_06,1,0.9708225234602206,93.2,100.0,High,Investigate and block/isolate if confirmed
VPN_1541,2026-08-16 18:52:00,VENDOR_02,USER_02,OT_13,1,0.9967430648766995,96.75,100.0,High,Investigate and block/isolate if confirmed
VPN_1938,2026-08-02 04:07:00,VENDOR_08,USER_08,OT_06,1,0.9816597372448308,97.35,100.0,High,Investigate and block/isolate if confirmed
VPN_1597,2026-08-02 00:24:00,VENDOR_09,USER_09,OT_09,1,0.9889449499837591,99.9,100.0,High,Investigate and block/isolate if confirmed
VPN_0607,2026-08-16 13:09:00,VENDOR_11,USER_11,OT_02,1,0.9895883081892243,96.0,100.0,High,Investigate and block/isolate if confirmed
VPN_1791,2026-08-15 08:04:00,VENDOR_01,USER_01,OT_08,1,0.9889686100737064,98.1,100.0,High,Investigate and block/isolate if confirmed
VPN_1392,2026-08-14 20:25:00,VENDOR_01,USER_01,OT_14,1,0.9921399063805554,98.5,100.0,High,Investigate and block/isolate if confirmed
VPN_0092,2026-08-14 13:24:00,VENDOR_06,USER_06,OT_07,1,0.987967135080168,94.6,100.0,High,Investigate and block/isolate if confirmed
VPN_0241,2026-08-13 21:01:00,VENDOR_11,USER_11,OT_07,1,0.9837127475949575,93.45,100.0,High,Investigate and block/isolate if confirmed
VPN_1464,2026-08-13 03:50:00,VENDOR_03,USER_03,OT_12,1,0.9761317137351314,94.55,100.0,High,Investigate and block/isolate if confirmed
VPN_0281,2026-08-13 02:11:00,VENDOR_07,USER_07,OT_01,1,0.9759731921415324,94.05,100.0,High,Investigate and block/isolate if confirmed
VPN_0110,2026-08-13 01:40:00,VENDOR_04,USER_04,OT_03,1,0.9878042723359072,95.35,100.0,High,Investigate and block/isolate if confirmed
VPN_1175,2026-08-12 16:01:00,VENDOR_12,USER_12,OT_14,1,0.9985296872226809,92.4,100.0,High,Investigate and block/isolate if confirmed
VPN_1844,2026-08-12 15:56:00,VENDOR_12,USER_12,OT_06,1,0.9909570756838311,98.9,100.0,High,Investigate and block/isolate if confirmed
VPN_0327,2026-08-11 22:11:00,VENDOR_05,USER_05,OT_13,1,0.9681704742016048,97.95,100.0,High,Investigate and block/isolate if confirmed
VPN_1339,2026-08-11 13:55:00,VENDOR_10,USER_10,OT_13,1,0.995886808444209,92.2,100.0,High,Investigate and block/isolate if confirmed
VPN_0046,2026-08-11 00:47:00,VENDOR_09,USER_09,OT_10,1,0.9472957000481863,96.7,100.0,High,Investigate and block/isolate if confirmed
VPN_1033,2026-08-10 22:15:00,VENDOR_10,USER_10,OT_07,1,0.9822317322663437,93.25,100.0,High,Investigate and block/isolate if confirmed
VPN_0625,2026-08-10 20:52:00,VENDOR_04,USER_04,OT_03,1,0.9930236058857493,95.5,100.0,High,Investigate and block/isolate if confirmed
VPN_1964,2026-08-10 18:25:00,VENDOR_11,USER_11,OT_14,1,0.9980732864321573,98.4,100.0,High,Investigate and block/isolate if confirmed
VPN_1247,2026-08-10 11:13:00,VENDOR_04,USER_04,OT_04,1,0.9967033111209781,95.8,100.0,High,Investigate and block/isolate if confirmed
VPN_0878,2026-08-10 10:33:00,VENDOR_08,USER_08,OT_01,1,0.9892213260922859,95.45,100.0,High,Investigate and block/isolate if confirmed
VPN_1920,2026-08-09 23:58:00,VENDOR_01,USER_01,OT_10,1,0.9794320767020757,97.6,100.0,High,Investigate and block/isolate if confirmed
VPN_0315,2026-08-09 22:36:00,VENDOR_06,USER_06,OT_10,0,0.9261819565933064,98.3,100.0,High,Investigate and block/isolate if confirmed
VPN_1799,2026-08-09 21:40:00,VENDOR_11,USER_11,OT_05,1,0.9922676738280185,94.3,100.0,High,Investigate and block/isolate if confirmed
VPN_1469,2026-08-09 21:07:00,VENDOR_09,USER_09,OT_03,1,0.9857231979897485,93.65,100.0,High,Investigate and block/isolate if confirmed
VPN_1296,2026-08-09 15:24:00,VENDOR_08,USER_08,OT_14,1,0.9922393524147591,98.0,100.0,High,Investigate and block/isolate if confirmed
VPN_1716,2026-08-09 15:05:00,VENDOR_04,USER_04,OT_10,1,0.9849097204726271,92.5,100.0,High,Investigate and block/isolate if confirmed
VPN_0506,2026-08-09 12:38:00,VENDOR_06,USER_06,OT_15,1,0.9951857291927291,95.75,100.0,High,Investigate and block/isolate if confirmed
VPN_1554,2026-08-09 09:28:00,VENDOR_05,USER_05,OT_04,1,0.9803025958982974,96.55,100.0,High,Investigate and block/isolate if confirmed
VPN_0171,2026-08-09 09:07:00,VENDOR_03,USER_03,OT_14,1,0.9762424937370722,95.4,100.0,High,Investigate and block/isolate if confirmed
VPN_0152,2026-08-09 00:39:00,VENDOR_05,USER_05,OT_15,1,0.9469114551065502,93.5,100.0,High,Investigate and block/isolate if confirmed
VPN_0451,2026-08-08 23:19:00,VENDOR_12,USER_12,OT_06,1,0.984294904467408,96.8,100.0,High,Investigate and block/isolate if confirmed
VPN_0406,2026-08-02 12:43:00,VENDOR_10,USER_10,OT_09,1,0.9997415740489746,92.35,100.0,High,Investigate and block/isolate if confirmed
VPN_1235,2026-08-08 16:27:00,VENDOR_08,USER_08,OT_12,1,0.9950731916956335,99.95,100.0,High,Investigate and block/isolate if confirmed
VPN_0998,2026-08-08 06:19:00,VENDOR_07,USER_07,OT_06,1,0.9877138529289573,92.1,100.0,High,Investigate and block/isolate if confirmed
VPN_1095,2026-08-08 03:40:00,VENDOR_02,USER_02,OT_12,1,0.9941369138352727,98.25,100.0,High,Investigate and block/isolate if confirmed
VPN_1877,2026-08-07 17:05:00,VENDOR_11,USER_11,OT_02,1,0.9915027010955083,99.6,100.0,High,Investigate and block/isolate if confirmed
VPN_1149,2026-08-07 15:21:00,VENDOR_08,USER_08,OT_05,1,0.9704344379907797,93.15,100.0,High,Investigate and block/isolate if confirmed
VPN_0514,2026-08-07 09:50:00,VENDOR_10,USER_10,OT_09,1,0.989228872594251,93.55,100.0,High,Investigate and block/isolate if confirmed
VPN_0089,2026-08-07 06:47:00,VENDOR_01,USER_01,OT_12,1,0.9796136395878049,97.5,100.0,High,Investigate and block/isolate if confirmed
VPN_1346,2026-08-06 22:15:00,VENDOR_11,USER_11,OT_03,1,0.998696571221081,99.45,100.0,High,Investigate and block/isolate if confirmed
VPN_1690,2026-08-06 21:12:00,VENDOR_01,USER_01,OT_03,1,0.9902876894753267,94.25,100.0,High,Investigate and block/isolate if confirmed
VPN_0997,2026-08-06 00:15:00,VENDOR_01,USER_01,OT_14,1,0.9862132911827102,98.55,100.0,High,Investigate and block/isolate if confirmed
VPN_0849,2026-08-04 21:37:00,VENDOR_02,USER_02,OT_08,1,0.9827251188026491,95.7,100.0,High,Investigate and block/isolate if confirmed
VPN_1569,2026-08-04 12:47:00,VENDOR_04,USER_04,OT_13,1,0.9865151363839955,94.35,100.0,High,Investigate and block/isolate if confirmed
VPN_1576,2026-08-04 00:42:00,VENDOR_03,USER_03,OT_04,1,0.9849626805438965,95.95,100.0,High,Investigate and block/isolate if confirmed
VPN_0784,2026-08-03 17:40:00,VENDOR_02,USER_02,OT_05,1,0.9934388729499587,98.75,100.0,High,Investigate and block/isolate if confirmed
VPN_0234,2026-08-03 09:01:00,VENDOR_04,USER_04,OT_15,1,0.980074277772809,94.7,100.0,High,Investigate and block/isolate if confirmed
VPN_0774,2026-08-02 19:31:00,VENDOR_08,USER_08,OT_14,1,0.9710040016844013,96.2,100.0,High,Investigate and block/isolate if confirmed
VPN_0355,2026-08-01 03:26:00,VENDOR_05,USER_05,OT_01,1,0.9923309068304712,98.65,100.0,High,Investigate and block/isolate if confirmed
VPN_0975,2026-08-01 00:48:00,VENDOR_04,USER_04,OT_11,1,0.9703960785732004,99.2,100.0,High,Investigate and block/isolate if confirmed
VPN_0722,2026-08-06 00:02:00,VENDOR_10,USER_10,OT_02,1,0.9679185080533211,93.8,99.8,High,Investigate and block/isolate if confirmed
VPN_0210,2026-08-29 00:07:00,VENDOR_12,USER_12,OT_04,1,0.9458241929064081,95.25,99.8,High,Investigate and block/isolate if confirmed
VPN_1143,2026-08-24 22:24:00,VENDOR_06,USER_06,OT_15,1,0.962540569349216,94.65,99.7,High,Investigate and block/isolate if confirmed
VPN_0827,2026-08-19 16:51:00,VENDOR_04,USER_04,OT_02,1,0.9867585943272498,95.1,99.2,High,Investigate and block/isolate if confirmed
VPN_1601,2026-08-02 09:29:00,VENDOR_07,USER_07,OT_01,1,0.9860990889213627,94.75,99.0,High,Investigate and block/isolate if confirmed
VPN_0238,2026-08-27 06:11:00,VENDOR_11,USER_11,OT_10,1,0.9467149066698943,99.55,98.8,High,Investigate and block/isolate if confirmed
VPN_1356,2026-08-04 09:19:00,VENDOR_04,USER_04,OT_11,1,0.9641969174810421,95.9,98.0,High,Investigate and block/isolate if confirmed
VPN_0527,2026-08-19 19:00:00,VENDOR_03,USER_03,OT_12,1,0.994645750740831,99.25,97.5,High,Investigate and block/isolate if confirmed
VPN_1386,2026-08-18 12:27:00,VENDOR_01,USER_01,OT_12,1,0.9310967591269083,95.6,97.0,High,Investigate and block/isolate if confirmed
VPN_0767,2026-08-14 18:06:00,VENDOR_08,USER_08,OT_13,1,0.9820288583565545,96.65,96.2,High,Investigate and block/isolate if confirmed
VPN_1271,2026-08-28 12:04:00,VENDOR_09,USER_09,OT_05,1,0.9304848094120612,95.3,95.9,High,Investigate and block/isolate if confirmed
VPN_1765,2026-08-05 10:21:00,VENDOR_09,USER_09,OT_07,1,0.9869058520397568,93.3,95.8,High,Investigate and block/isolate if confirmed
VPN_0133,2026-08-31 15:36:00,VENDOR_07,USER_07,OT_10,1,0.8954968454103549,93.85,95.6,High,Investigate and block/isolate if confirmed
VPN_1186,2026-08-17 20:22:00,VENDOR_09,USER_09,OT_09,1,0.9710281800095604,92.3,94.6,High,Investigate and block/isolate if confirmed
VPN_1113,2026-08-24 12:23:00,VENDOR_05,USER_05,OT_10,1,0.9653804905152468,92.8,94.4,High,Investigate and block/isolate if confirmed
VPN_1448,2026-08-04 17:28:00,VENDOR_09,USER_09,OT_10,1,0.8722199375413838,94.45,94.4,High,Investigate and block/isolate if confirmed
VPN_0968,2026-08-25 07:15:00,VENDOR_09,USER_09,OT_11,1,0.9654622855885993,92.85,94.4,High,Investigate and block/isolate if confirmed
VPN_0982,2026-08-01 16:07:00,VENDOR_07,USER_07,OT_12,1,0.9621054101746943,92.95,94.3,High,Investigate and block/isolate if confirmed
VPN_0116,2026-08-27 15:03:00,VENDOR_11,USER_11,OT_12,1,0.9741380633416536,98.05,94.1,High,Investigate and block/isolate if confirmed
VPN_0649,2026-08-28 07:53:00,VENDOR_05,USER_05,OT_06,1,0.9423635047296984,97.4,94.1,High,Investigate and block/isolate if confirmed
VPN_1553,2026-08-18 19:50:00,VENDOR_10,USER_10,OT_06,1,0.9682398150970596,99.1,94.0,High,Investigate and block/isolate if confirmed
VPN_0055,2026-08-02 15:50:00,VENDOR_08,USER_08,OT_07,1,0.9755480228266211,97.15,94.0,High,Investigate and block/isolate if confirmed
VPN_1153,2026-08-28 20:49:00,VENDOR_09,USER_09,OT_12,1,0.838307565684012,99.5,93.5,High,Investigate and block/isolate if confirmed
VPN_0874,2026-08-15 09:51:00,VENDOR_09,USER_09,OT_10,1,0.9652910808371264,97.9,93.5,High,Investigate and block/isolate if confirmed
VPN_1081,2026-08-15 06:05:00,VENDOR_08,USER_08,OT_14,1,0.9747694046939925,95.05,93.4,High,Investigate and block/isolate if confirmed
VPN_1390,2026-08-09 12:41:00,VENDOR_06,USER_06,OT_03,1,0.966958042575533,96.4,93.3,High,Investigate and block/isolate if confirmed
VPN_1264,2026-08-02 14:49:00,VENDOR_02,USER_02,OT_01,1,0.9699758770346689,96.9,92.6,High,Investigate and block/isolate if confirmed
VPN_0534,2026-08-07 20:21:00,VENDOR_01,USER_01,OT_13,1,0.8115105961315023,97.7,92.6,High,Investigate and block/isolate if confirmed
VPN_1631,2026-08-07 22:31:00,VENDOR_06,USER_06,OT_01,1,0.9545227394773566,95.0,92.3,High,Investigate and block/isolate if confirmed
VPN_0494,2026-08-11 02:16:00,VENDOR_11,USER_11,OT_10,1,0.8318552134042511,98.15,91.8,High,Investigate and block/isolate if confirmed
VPN_1205,2026-08-29 22:59:00,VENDOR_06,USER_06,OT_15,1,0.9355465948669579,95.55,91.3,High,Investigate and block/isolate if confirmed
VPN_1318,2026-08-10 11:15:00,VENDOR_03,USER_03,OT_01,1,0.96179118834279,96.45,91.0,High,Investigate and block/isolate if confirmed
VPN_0595,2026-08-29 10:09:00,VENDOR_05,USER_05,OT_06,1,0.9252061634578125,96.1,90.8,High,Investigate and block/isolate if confirmed
VPN_0953,2026-08-14 23:11:00,VENDOR_10,USER_10,OT_15,1,0.9638500331314828,99.4,90.8,High,Investigate and block/isolate if confirmed
VPN_1199,2026-08-18 08:59:00,VENDOR_07,USER_07,OT_13,0,0.897939389316177,94.15,90.8,High,Investigate and block/isolate if confirmed
VPN_1959,2026-08-23 21:01:00,VENDOR_02,USER_02,OT_05,1,0.9262484433423145,94.85,90.6,High,Investigate and block/isolate if confirmed
VPN_0931,2026-08-06 12:03:00,VENDOR_12,USER_12,OT_01,1,0.9355881159116076,94.0,89.9,High,Investigate and block/isolate if confirmed
VPN_0598,2026-08-25 20:17:00,VENDOR_05,USER_05,OT_04,1,0.9196816528296655,93.6,89.9,High,Investigate and block/isolate if confirmed
VPN_1946,2026-08-29 13:21:00,VENDOR_10,USER_10,OT_11,1,0.9405427226366112,98.45,89.2,High,Investigate and block/isolate if confirmed
VPN_0897,2026-08-16 22:43:00,VENDOR_06,USER_06,OT_07,1,0.7775776925455845,94.8,89.0,High,Investigate and block/isolate if confirmed
VPN_1097,2026-08-03 11:47:00,VENDOR_12,USER_12,OT_14,1,0.9396282138763699,97.55,89.0,High,Investigate and block/isolate if confirmed
VPN_0326,2026-08-24 09:38:00,VENDOR_12,USER_12,OT_01,1,0.7746615581860924,93.95,88.6,High,Investigate and block/isolate if confirmed
VPN_0192,2026-08-19 01:27:00,VENDOR_09,USER_09,OT_11,1,0.7962489061397696,96.6,86.4,High,Investigate and block/isolate if confirmed
VPN_1887,2026-08-06 13:39:00,VENDOR_05,USER_05,OT_12,1,0.8880532591696241,97.25,85.9,High,Investigate and block/isolate if confirmed
VPN_1115,2026-08-10 07:41:00,VENDOR_04,USER_04,OT_06,1,0.8629722120529237,97.75,84.6,High,Investigate and block/isolate if confirmed
VPN_1530,2026-08-03 19:18:00,VENDOR_12,USER_12,OT_08,1,0.9443580678236515,93.9,83.4,High,Investigate and block/isolate if confirmed
VPN_0626,2026-08-01 12:34:00,VENDOR_01,USER_01,OT_13,1,0.8116948512514022,94.9,82.0,High,Investigate and block/isolate if confirmed
VPN_1913,2026-08-21 09:46:00,VENDOR_08,USER_08,OT_04,1,0.6602430205154869,96.95,80.6,High,Investigate and block/isolate if confirmed
VPN_0989,2026-08-25 11:26:00,VENDOR_05,USER_05,OT_10,1,0.8628652583983499,97.1,79.4,High,Investigate and block/isolate if confirmed
VPN_1085,2026-08-03 08:07:00,VENDOR_01,USER_01,OT_11,0,0.8176024903061592,98.85,74.2,High,Investigate and block/isolate if confirmed
VPN_1226,2026-08-08 23:12:00,VENDOR_04,USER_04,OT_03,0,0.47467066882969705,91.5,73.7,High,Investigate and block/isolate if confirmed
VPN_0852,2026-08-23 06:50:00,VENDOR_02,USER_02,OT_15,1,0.6245026257220938,94.1,71.9,High,Investigate and block/isolate if confirmed
VPN_1010,2026-08-16 10:59:00,VENDOR_05,USER_05,OT_04,0,0.7773389178855615,97.2,71.5,High,Investigate and block/isolate if confirmed
VPN_0903,2026-08-13 09:32:00,VENDOR_07,USER_07,OT_13,0,0.6685163404375006,94.4,69.5,Medium,Monitor and verify vendor
VPN_1785,2026-08-23 22:00:00,VENDOR_03,USER_03,OT_13,0,0.3747241524494975,92.15,68.0,Medium,Monitor and verify vendor
VPN_1019,2026-08-17 01:49:00,VENDOR_06,USER_06,OT_06,0,0.5421855912618203,91.75,67.6,Medium,Monitor and verify vendor
VPN_1584,2026-08-09 21:33:00,VENDOR_06,USER_06,OT_01,0,0.651564816794697,83.25,64.1,Medium,Monitor and verify vendor
VPN_1391,2026-08-24 21:36:00,VENDOR_02,USER_02,OT_08,0,0.23922420004576317,92.05,60.1,Medium,Monitor and verify vendor
VPN_0917,2026-08-22 04:12:00,VENDOR_05,USER_05,OT_10,0,0.278926683175974,92.25,59.5,Medium,Monitor and verify vendor
VPN_1700,2026-08-31 01:33:00,VENDOR_11,USER_11,OT_10,0,0.5288166885185083,92.9,59.1,Medium,Monitor and verify vendor
VPN_1269,2026-08-20 00:46:00,VENDOR_07,USER_07,OT_15,0,0.39071131527486225,91.4,58.8,Medium,Monitor and verify vendor
VPN_1879,2026-08-02 02:57:00,VENDOR_11,USER_11,OT_11,0,0.309798734774912,88.35,55.4,Medium,Monitor and verify vendor
VPN_1273,2026-08-02 01:00:00,VENDOR_07,USER_07,OT_02,0,0.38433213483061024,89.4,55.0,Medium,Monitor and verify vendor
VPN_0176,2026-08-04 22:53:00,VENDOR_07,USER_07,OT_13,0,0.27752029411217943,89.75,53.8,Medium,Monitor and verify vendor
VPN_0640,2026-08-02 02:01:00,VENDOR_03,USER_03,OT_15,0,0.2715074506029552,89.6,53.5,Medium,Monitor and verify vendor
VPN_1349,2026-08-27 04:25:00,VENDOR_01,USER_01,OT_08,0,0.2635252195024812,88.55,52.8,Medium,Monitor and verify vendor
VPN_0086,2026-08-18 01:16:00,VENDOR_03,USER_03,OT_10,0,0.413425966804752,91.05,52.0,Medium,Monitor and verify vendor
VPN_0912,2026-08-14 14:20:00,VENDOR_10,USER_10,OT_07,0,0.23324070432124655,92.0,51.8,Medium,Monitor and verify vendor
VPN_0153,2026-08-07 11:40:00,VENDOR_05,USER_05,OT_03,0,0.5956133917527964,77.8,51.7,Medium,Monitor and verify vendor
VPN_1671,2026-08-06 22:04:00,VENDOR_06,USER_06,OT_07,0,0.22993788030341844,90.4,51.2,Medium,Monitor and verify vendor
VPN_1427,2026-08-28 21:23:00,VENDOR_01,USER_01,OT_10,0,0.3869972430638404,91.35,50.5,Medium,Monitor and verify vendor
VPN_0492,2026-08-22 20:58:00,VENDOR_04,USER_04,OT_05,1,0.46272392762677483,70.95,50.4,Medium,Monitor and verify vendor
VPN_1536,2026-08-20 02:12:00,VENDOR_01,USER_01,OT_14,0,0.4237337248002747,79.35,50.0,Medium,Monitor and verify vendor
VPN_1066,2026-08-09 05:57:00,VENDOR_10,USER_10,OT_01,0,0.2536458043772625,87.35,49.9,Medium,Monitor and verify vendor
VPN_0844,2026-08-03 00:24:00,VENDOR_11,USER_11,OT_12,0,0.42504184540866496,78.35,49.9,Medium,Monitor and verify vendor
VPN_0555,2026-08-30 20:36:00,VENDOR_04,USER_04,OT_15,0,0.20073372997945044,89.95,49.4,Medium,Monitor and verify vendor
VPN_0502,2026-08-13 11:52:00,VENDOR_08,USER_08,OT_05,0,0.33220943485528426,91.3,49.4,Medium,Monitor and verify vendor
VPN_0624,2026-08-27 20:47:00,VENDOR_12,USER_12,OT_07,0,0.13035189668218453,91.55,48.7,Medium,Monitor and verify vendor
VPN_0882,2026-08-27 04:57:00,VENDOR_08,USER_08,OT_04,0,0.18560762513037454,89.7,48.5,Medium,Monitor and verify vendor
VPN_0596,2026-08-27 04:51:00,VENDOR_08,USER_08,OT_10,0,0.385071560911889,80.3,48.0,Medium,Monitor and verify vendor
VPN_1761,2026-08-14 02:59:00,VENDOR_02,USER_02,OT_04,0,0.17993858435203866,87.8,47.8,Medium,Monitor and verify vendor
VPN_1917,2026-08-30 00:36:00,VENDOR_12,USER_12,OT_13,0,0.37955918559339485,80.85,47.8,Medium,Monitor and verify vendor
VPN_1660,2026-08-28 11:43:00,VENDOR_06,USER_06,OT_08,0,0.21585875548511177,91.45,47.6,Medium,Monitor and verify vendor
VPN_0578,2026-08-29 22:00:00,VENDOR_11,USER_11,OT_04,0,0.2145589106316346,86.25,47.4,Medium,Monitor and verify vendor
VPN_0354,2026-08-16 00:44:00,VENDOR_10,USER_10,OT_13,0,0.16400599225858464,89.9,47.3,Medium,Monitor and verify vendor
VPN_1834,2026-08-14 12:36:00,VENDOR_12,USER_12,OT_10,0,0.2333390862971389,92.45,46.9,Medium,Monitor and verify vendor
VPN_0099,2026-08-25 05:43:00,VENDOR_07,USER_07,OT_04,0,0.18750625303967788,90.25,46.7,Medium,Monitor and verify vendor
VPN_1781,2026-08-20 21:31:00,VENDOR_03,USER_03,OT_01,0,0.1978814487180218,87.45,46.7,Medium,Monitor and verify vendor
VPN_1851,2026-08-14 08:25:00,VENDOR_01,USER_01,OT_13,0,0.1980481382796497,91.7,46.7,Medium,Monitor and verify vendor
VPN_0707,2026-08-08 23:52:00,VENDOR_04,USER_04,OT_03,0,0.2341730320656135,90.5,46.5,Medium,Monitor and verify vendor
VPN_0962,2026-08-26 22:10:00,VENDOR_10,USER_10,OT_08,0,0.23057871167346206,89.8,46.1,Medium,Monitor and verify vendor
VPN_0783,2026-08-23 22:33:00,VENDOR_02,USER_02,OT_03,1,0.3847392444804649,71.95,46.1,Medium,Monitor and verify vendor
VPN_1468,2026-08-31 16:44:00,VENDOR_08,USER_08,OT_12,0,0.35432137130329805,93.4,46.1,Medium,Monitor and verify vendor
VPN_0246,2026-08-07 20:15:00,VENDOR_04,USER_04,OT_07,0,0.15053053604338099,86.9,45.8,Medium,Monitor and verify vendor
VPN_0462,2026-08-17 05:35:00,VENDOR_04,USER_04,OT_11,0,0.16486464888788785,90.85,45.5,Medium,Monitor and verify vendor
VPN_0611,2026-08-24 02:33:00,VENDOR_09,USER_09,OT_01,0,0.13341931151167796,88.2,45.1,Medium,Monitor and verify vendor
VPN_1720,2026-08-11 00:48:00,VENDOR_11,USER_11,OT_08,0,0.13784870502214,86.05,44.9,Medium,Monitor and verify vendor
VPN_1072,2026-08-22 21:46:00,VENDOR_11,USER_11,OT_02,0,0.1467936913655818,92.6,44.9,Medium,Monitor and verify vendor
VPN_0379,2026-08-12 01:52:00,VENDOR_05,USER_05,OT_05,0,0.12090050505882537,89.15,44.6,Medium,Monitor and verify vendor
VPN_1138,2026-08-07 22:55:00,VENDOR_03,USER_03,OT_06,0,0.12104766494565256,88.9,44.6,Medium,Monitor and verify vendor
VPN_0696,2026-08-04 00:32:00,VENDOR_03,USER_03,OT_02,0,0.15610505432076557,88.4,44.5,Medium,Monitor and verify vendor
VPN_0985,2026-08-25 23:45:00,VENDOR_06,USER_06,OT_06,0,0.1270554944136459,86.6,44.4,Medium,Monitor and verify vendor
VPN_0647,2026-08-10 08:51:00,VENDOR_04,USER_04,OT_14,0,0.24711835685436653,88.95,43.9,Medium,Monitor and verify vendor
VPN_1397,2026-08-15 01:18:00,VENDOR_02,USER_02,OT_08,0,0.3421729463856282,72.45,43.8,Medium,Monitor and verify vendor
VPN_0866,2026-08-18 22:01:00,VENDOR_11,USER_11,OT_06,0,0.19666737421459046,87.9,43.7,Medium,Monitor and verify vendor
VPN_0181,2026-08-02 04:12:00,VENDOR_03,USER_03,OT_07,0,0.19727873304599572,85.2,43.2,Medium,Monitor and verify vendor
VPN_0423,2026-08-26 03:33:00,VENDOR_01,USER_01,OT_11,0,0.3257918074074473,74.3,43.2,Medium,Monitor and verify vendor
VPN_0521,2026-08-28 13:05:00,VENDOR_06,USER_06,OT_15,0,0.2334178276153439,88.45,43.0,Medium,Monitor and verify vendor
VPN_0895,2026-08-30 19:34:00,VENDOR_06,USER_06,OT_10,0,0.17040731570255524,91.65,43.0,Medium,Monitor and verify vendor
VPN_0035,2026-08-08 01:16:00,VENDOR_04,USER_04,OT_02,0,0.14951122567095443,83.15,43.0,Medium,Monitor and verify vendor
VPN_1285,2026-08-10 04:16:00,VENDOR_08,USER_08,OT_02,0,0.12252940428261992,89.1,42.7,Medium,Monitor and verify vendor
VPN_0558,2026-08-07 00:29:00,VENDOR_01,USER_01,OT_15,0,0.1400309705549948,83.8,42.6,Medium,Monitor and verify vendor
VPN_0213,2026-08-10 21:03:00,VENDOR_07,USER_07,OT_14,0,0.110313360687292,91.15,42.5,Medium,Monitor and verify vendor
VPN_1144,2026-08-18 02:20:00,VENDOR_06,USER_06,OT_08,0,0.1558153369716819,91.9,42.3,Medium,Monitor and verify vendor
VPN_1193,2026-08-27 01:25:00,VENDOR_04,USER_04,OT_10,0,0.2741974405364028,81.45,41.8,Medium,Monitor and verify vendor
VPN_0188,2026-08-02 01:28:00,VENDOR_03,USER_03,OT_06,0,0.15321694865895447,89.45,41.6,Medium,Monitor and verify vendor
VPN_0340,2026-08-06 04:10:00,VENDOR_11,USER_11,OT_06,0,0.11858818744997869,85.1,41.6,Medium,Monitor and verify vendor
VPN_0802,2026-08-12 11:40:00,VENDOR_08,USER_08,OT_02,0,0.2084224590608589,87.7,41.4,Medium,Monitor and verify vendor
VPN_0356,2026-08-16 01:48:00,VENDOR_03,USER_03,OT_07,0,0.1179466203066919,84.5,41.4,Medium,Monitor and verify vendor
VPN_0830,2026-08-19 03:45:00,VENDOR_04,USER_04,OT_03,0,0.171407711086839,83.65,41.3,Medium,Monitor and verify vendor
VPN_0014,2026-08-31 04:22:00,VENDOR_04,USER_04,OT_09,0,0.13885063396082156,91.85,41.3,Medium,Monitor and verify vendor
VPN_0829,2026-08-29 22:35:00,VENDOR_09,USER_09,OT_06,0,0.08592179260302847,91.8,41.2,Medium,Monitor and verify vendor
VPN_0094,2026-08-21 05:55:00,VENDOR_05,USER_05,OT_13,0,0.10016178243494103,86.1,40.8,Medium,Monitor and verify vendor
VPN_1471,2026-08-14 01:46:00,VENDOR_01,USER_01,OT_05,0,0.08855646513396666,88.7,40.7,Medium,Monitor and verify vendor
VPN_0434,2026-08-12 05:43:00,VENDOR_11,USER_11,OT_09,0,0.11098699148859953,82.35,40.6,Medium,Monitor and verify vendor
VPN_1060,2026-08-08 18:53:00,VENDOR_08,USER_08,OT_07,0,0.34558280405982345,91.25,40.1,Medium,Monitor and verify vendor
VPN_0245,2026-08-28 22:36:00,VENDOR_02,USER_02,OT_01,0,0.20533712713979307,90.35,39.8,Low,Allow with normal monitoring
VPN_0032,2026-08-29 20:41:00,VENDOR_07,USER_07,OT_10,0,0.233936720916937,82.2,39.7,Low,Allow with normal monitoring
VPN_0564,2026-08-22 05:40:00,VENDOR_01,USER_01,OT_02,0,0.08826964188218786,84.6,39.7,Low,Allow with normal monitoring
VPN_1507,2026-08-07 21:10:00,VENDOR_10,USER_10,OT_11,1,0.2913134798173992,67.15,39.7,Low,Allow with normal monitoring
VPN_1141,2026-08-13 23:01:00,VENDOR_11,USER_11,OT_12,0,0.07139341298532147,88.6,39.6,Low,Allow with normal monitoring
VPN_0550,2026-08-10 21:25:00,VENDOR_10,USER_10,OT_04,0,0.2584276556991149,75.25,39.5,Low,Allow with normal monitoring
VPN_0143,2026-08-19 07:51:00,VENDOR_09,USER_09,OT_11,0,0.24650081225042583,91.2,39.4,Low,Allow with normal monitoring
VPN_0586,2026-08-12 14:22:00,VENDOR_06,USER_06,OT_13,0,0.2115904150131533,87.0,39.4,Low,Allow with normal monitoring
VPN_0197,2026-08-10 02:37:00,VENDOR_03,USER_03,OT_03,0,0.20351075469483826,88.85,39.4,Low,Allow with normal monitoring
VPN_1329,2026-08-25 05:54:00,VENDOR_05,USER_05,OT_08,0,0.19910905979828675,89.5,39.2,Low,Allow with normal monitoring
VPN_0769,2026-08-08 20:53:00,VENDOR_10,USER_10,OT_12,0,0.08250610412192312,83.85,39.2,Low,Allow with normal monitoring
VPN_0879,2026-08-27 02:08:00,VENDOR_08,USER_08,OT_02,0,0.12034878578245818,87.4,39.2,Low,Allow with normal monitoring
VPN_0456,2026-08-30 08:09:00,VENDOR_10,USER_10,OT_10,0,0.20329006424974602,88.3,39.2,Low,Allow with normal monitoring
VPN_1692,2026-08-04 23:19:00,VENDOR_04,USER_04,OT_09,0,0.08690334725905428,82.7,39.2,Low,Allow with normal monitoring
VPN_1284,2026-08-17 12:27:00,VENDOR_10,USER_10,OT_10,0,0.24364295538518707,77.15,39.1,Low,Allow with normal monitoring
VPN_0029,2026-08-14 22:50:00,VENDOR_11,USER_11,OT_09,0,0.18626210164861157,91.95,39.0,Low,Allow with normal monitoring
VPN_0141,2026-08-27 05:35:00,VENDOR_09,USER_09,OT_05,0,0.07985669680220032,83.2,38.9,Low,Allow with normal monitoring
VPN_1446,2026-08-24 21:52:00,VENDOR_02,USER_02,OT_07,0,0.07752836022859684,83.45,38.9,Low,Allow with normal monitoring
VPN_1783,2026-08-16 15:42:00,VENDOR_02,USER_02,OT_11,0,0.27002423122541525,83.1,38.9,Low,Allow with normal monitoring
VPN_1843,2026-08-17 07:03:00,VENDOR_12,USER_12,OT_08,0,0.16621854370116992,87.3,38.8,Low,Allow with normal monitoring
VPN_0184,2026-08-16 23:58:00,VENDOR_02,USER_02,OT_07,0,0.18530331063768055,91.1,38.8,Low,Allow with normal monitoring
VPN_0168,2026-08-22 05:06:00,VENDOR_03,USER_03,OT_02,0,0.1241850540471683,83.75,38.6,Low,Allow with normal monitoring
VPN_1839,2026-08-29 01:24:00,VENDOR_04,USER_04,OT_04,1,0.3378545811976584,49.65,38.5,Low,Allow with normal monitoring
VPN_0162,2026-08-05 04:10:00,VENDOR_02,USER_02,OT_04,0,0.10598050401690641,87.25,38.3,Low,Allow with normal monitoring
VPN_1063,2026-08-04 20:38:00,VENDOR_05,USER_05,OT_05,0,0.10300444964917735,87.2,38.2,Low,Allow with normal monitoring
VPN_1185,2026-08-08 15:44:00,VENDOR_07,USER_07,OT_04,0,0.23046732453925545,90.2,38.2,Low,Allow with normal monitoring
VPN_0835,2026-08-12 22:11:00,VENDOR_09,USER_09,OT_02,0,0.10505915951399886,86.75,38.2,Low,Allow with normal monitoring
VPN_0424,2026-08-24 20:46:00,VENDOR_10,USER_10,OT_11,0,0.23387103359015426,75.0,38.1,Low,Allow with normal monitoring
VPN_0383,2026-08-03 21:39:00,VENDOR_03,USER_03,OT_06,0,0.2215152358225367,78.45,38.1,Low,Allow with normal monitoring
VPN_1290,2026-08-30 21:35:00,VENDOR_09,USER_09,OT_09,0,0.08522722316539687,89.65,37.7,Low,Allow with normal monitoring
VPN_1575,2026-08-12 23:24:00,VENDOR_04,USER_04,OT_11,0,0.10560248720426571,84.0,37.6,Low,Allow with normal monitoring
VPN_0449,2026-08-02 22:11:00,VENDOR_06,USER_06,OT_10,0,0.22162579989478742,76.3,37.6,Low,Allow with normal monitoring
VPN_0665,2026-08-07 18:30:00,VENDOR_02,USER_02,OT_02,0,0.18646900652222895,85.0,37.5,Low,Allow with normal monitoring
VPN_1328,2026-08-02 14:30:00,VENDOR_02,USER_02,OT_07,0,0.14770800051418528,85.9,37.5,Low,Allow with normal monitoring
VPN_1710,2026-08-29 14:46:00,VENDOR_06,USER_06,OT_11,0,0.2149823392255283,90.3,37.3,Low,Allow with normal monitoring
VPN_1564,2026-08-14 17:04:00,VENDOR_11,USER_11,OT_15,0,0.1303698013426469,89.55,37.3,Low,Allow with normal monitoring
VPN_1864,2026-08-11 15:07:00,VENDOR_02,USER_02,OT_03,0,0.23490036759155586,84.45,37.2,Low,Allow with normal monitoring
VPN_0943,2026-08-08 05:39:00,VENDOR_06,USER_06,OT_08,0,0.16531701317959527,88.75,37.1,Low,Allow with normal monitoring
VPN_0414,2026-08-13 05:45:00,VENDOR_11,USER_11,OT_02,0,0.08390518291486755,87.55,37.1,Low,Allow with normal monitoring
VPN_0227,2026-08-23 04:39:00,VENDOR_02,USER_02,OT_06,0,0.09173703612556311,84.95,37.0,Low,Allow with normal monitoring
VPN_1041,2026-08-05 04:31:00,VENDOR_11,USER_11,OT_03,0,0.09678976342610555,81.95,36.6,Low,Allow with normal monitoring
VPN_1512,2026-08-02 03:20:00,VENDOR_04,USER_04,OT_13,0,0.19408036896914937,78.8,36.6,Low,Allow with normal monitoring
VPN_0947,2026-08-12 03:20:00,VENDOR_05,USER_05,OT_04,0,0.07887558888677491,86.45,36.6,Low,Allow with normal monitoring
VPN_0298,2026-08-29 20:41:00,VENDOR_10,USER_10,OT_04,0,0.21552078585161027,72.85,36.5,Low,Allow with normal monitoring
VPN_1465,2026-08-26 18:38:00,VENDOR_11,USER_11,OT_01,0,0.11022668847477017,91.6,36.5,Low,Allow with normal monitoring
VPN_0307,2026-08-26 04:30:00,VENDOR_08,USER_08,OT_12,0,0.07756999240605161,85.3,36.3,Low,Allow with normal monitoring
VPN_1679,2026-08-04 05:08:00,VENDOR_08,USER_08,OT_10,0,0.14584094005761067,89.85,36.2,Low,Allow with normal monitoring
VPN_0958,2026-08-04 06:35:00,VENDOR_06,USER_06,OT_01,0,0.12829422896251355,85.15,36.2,Low,Allow with normal monitoring
VPN_0059,2026-08-16 12:51:00,VENDOR_06,USER_06,OT_08,1,0.44784462511898016,45.55,36.0,Low,Allow with normal monitoring
VPN_1616,2026-08-22 09:39:00,VENDOR_10,USER_10,OT_09,0,0.23258020720424896,79.6,36.0,Low,Allow with normal monitoring
VPN_1947,2026-08-19 23:26:00,VENDOR_08,USER_08,OT_05,0,0.0821356583741515,82.95,36.0,Low,Allow with normal monitoring
VPN_0935,2026-08-14 01:42:00,VENDOR_05,USER_05,OT_13,0,0.08649696580554062,81.35,35.9,Low,Allow with normal monitoring
VPN_0147,2026-08-05 05:30:00,VENDOR_11,USER_11,OT_13,0,0.062284012836096074,87.05,35.8,Low,Allow with normal monitoring
VPN_0233,2026-08-02 00:19:00,VENDOR_01,USER_01,OT_06,0,0.0667584960764142,85.85,35.8,Low,Allow with normal monitoring
VPN_1173,2026-08-27 02:35:00,VENDOR_04,USER_04,OT_09,0,0.08092625709000865,82.4,35.8,Low,Allow with normal monitoring
VPN_0160,2026-08-26 17:55:00,VENDOR_02,USER_02,OT_05,0,0.21556519364230103,82.05,35.6,Low,Allow with normal monitoring
VPN_0076,2026-08-18 15:56:00,VENDOR_01,USER_01,OT_07,0,0.334903705658317,73.25,35.5,Low,Allow with normal monitoring
VPN_0686,2026-08-09 02:52:00,VENDOR_02,USER_02,OT_11,0,0.1889214110631031,74.75,35.4,Low,Allow with normal monitoring
VPN_1857,2026-08-20 04:57:00,VENDOR_07,USER_07,OT_14,0,0.2042973170232955,70.55,35.4,Low,Allow with normal monitoring
VPN_1436,2026-08-11 05:27:00,VENDOR_11,USER_11,OT_08,0,0.12690162785398246,90.9,35.4,Low,Allow with normal monitoring
VPN_0311,2026-08-17 04:04:00,VENDOR_05,USER_05,OT_11,0,0.12874277794553105,90.55,35.4,Low,Allow with normal monitoring
VPN_0323,2026-08-19 07:03:00,VENDOR_02,USER_02,OT_05,0,0.10704210756506624,86.8,35.3,Low,Allow with normal monitoring
VPN_0930,2026-08-02 09:11:00,VENDOR_08,USER_08,OT_10,0,0.11036253703956193,85.25,35.2,Low,Allow with normal monitoring
VPN_1933,2026-08-24 14:55:00,VENDOR_05,USER_05,OT_15,0,0.1078414187748756,86.3,35.2,Low,Allow with normal monitoring
VPN_1739,2026-08-27 18:31:00,VENDOR_01,USER_01,OT_15,0,0.2007635016629372,84.4,35.2,Low,Allow with normal monitoring
VPN_0865,2026-08-02 21:43:00,VENDOR_03,USER_03,OT_05,0,0.17755878020406188,76.4,35.1,Low,Allow with normal monitoring
VPN_1381,2026-08-01 01:18:00,VENDOR_05,USER_05,OT_11,0,0.17892052184381282,75.85,35.1,Low,Allow with normal monitoring
VPN_1000,2026-08-11 16:24:00,VENDOR_11,USER_11,OT_10,0,0.21658463645343337,79.65,35.1,Low,Allow with normal monitoring
VPN_1827,2026-08-09 13:21:00,VENDOR_03,USER_03,OT_12,0,0.10718425857646632,85.35,35.0,Low,Allow with normal monitoring
VPN_1408,2026-08-14 07:08:00,VENDOR_06,USER_06,OT_06,0,0.10923367137860798,83.9,34.8,Low,Allow with normal monitoring
VPN_1813,2026-08-03 20:57:00,VENDOR_09,USER_09,OT_06,0,0.0593905623437175,83.3,34.8,Low,Allow with normal monitoring
VPN_0380,2026-08-31 04:51:00,VENDOR_01,USER_01,OT_12,0,0.17031051467831143,76.85,34.8,Low,Allow with normal monitoring
VPN_1075,2026-08-20 18:20:00,VENDOR_11,USER_11,OT_14,0,0.10342813518609464,85.05,34.7,Low,Allow with normal monitoring
VPN_1230,2026-08-08 01:51:00,VENDOR_04,USER_04,OT_04,0,0.2657364230513908,51.35,34.7,Low,Allow with normal monitoring
VPN_0603,2026-08-13 06:45:00,VENDOR_12,USER_12,OT_05,0,0.08686656573411514,89.25,34.7,Low,Allow with normal monitoring
VPN_0539,2026-08-29 20:41:00,VENDOR_11,USER_11,OT_08,0,0.16209343058456613,78.65,34.7,Low,Allow with normal monitoring
VPN_1342,2026-08-19 00:33:00,VENDOR_02,USER_02,OT_07,0,0.15735259705794705,79.25,34.6,Low,Allow with normal monitoring
VPN_1460,2026-08-19 03:45:00,VENDOR_09,USER_09,OT_11,0,0.15952661030975782,78.9,34.6,Low,Allow with normal monitoring
VPN_0615,2026-08-08 02:46:00,VENDOR_04,USER_04,OT_10,0,0.06787922358813964,80.45,34.6,Low,Allow with normal monitoring
VPN_1384,2026-08-09 20:13:00,VENDOR_10,USER_10,OT_08,0,0.18250857872253756,72.65,34.6,Low,Allow with normal monitoring
VPN_1658,2026-08-28 07:26:00,VENDOR_02,USER_02,OT_06,0,0.18926177565944577,84.7,34.6,Low,Allow with normal monitoring
VPN_1371,2026-08-15 02:09:00,VENDOR_06,USER_06,OT_05,0,0.060622489418191844,81.65,34.5,Low,Allow with normal monitoring
VPN_1434,2026-08-04 03:48:00,VENDOR_06,USER_06,OT_03,0,0.1623063245865284,77.6,34.5,Low,Allow with normal monitoring
VPN_1829,2026-08-16 23:47:00,VENDOR_07,USER_07,OT_03,0,0.16809783421536378,76.25,34.5,Low,Allow with normal monitoring
VPN_0690,2026-08-05 02:33:00,VENDOR_02,USER_02,OT_02,0,0.16608311442356888,76.7,34.5,Low,Allow with normal monitoring
VPN_0235,2026-08-07 14:19:00,VENDOR_05,USER_05,OT_01,0,0.12127077937178847,88.1,34.4,Low,Allow with normal monitoring
VPN_0445,2026-08-23 02:11:00,VENDOR_02,USER_02,OT_03,0,0.15777110694452082,78.25,34.4,Low,Allow with normal monitoring
VPN_0179,2026-08-27 22:47:00,VENDOR_07,USER_07,OT_09,0,0.12984779540750813,85.7,34.4,Low,Allow with normal monitoring
VPN_0043,2026-08-20 19:02:00,VENDOR_05,USER_05,OT_07,0,0.12482577800664671,87.15,34.4,Low,Allow with normal monitoring
VPN_1253,2026-08-22 11:05:00,VENDOR_03,USER_03,OT_15,0,0.11885645079761546,88.8,34.4,Low,Allow with normal monitoring
VPN_0658,2026-08-19 00:58:00,VENDOR_02,USER_02,OT_03,0,0.1128059349873329,90.1,34.4,Low,Allow with normal monitoring
VPN_0286,2026-08-02 03:35:00,VENDOR_03,USER_03,OT_12,0,0.05887234197579883,81.5,34.3,Low,Allow with normal monitoring
VPN_1458,2026-08-27 11:43:00,VENDOR_04,USER_04,OT_03,0,0.10006095818450753,84.25,34.3,Low,Allow with normal monitoring
VPN_1423,2026-08-16 05:32:00,VENDOR_07,USER_07,OT_09,1,0.35515705582229784,25.65,34.2,Low,Allow with normal monitoring
VPN_1855,2026-08-05 05:09:00,VENDOR_11,USER_11,OT_04,0,0.15269967691464575,78.85,34.2,Low,Allow with normal monitoring
VPN_1401,2026-08-02 08:18:00,VENDOR_10,USER_10,OT_13,0,0.0891396257846529,85.95,34.1,Low,Allow with normal monitoring
VPN_1092,2026-08-29 22:43:00,VENDOR_02,USER_02,OT_09,0,0.11234207836614261,89.2,34.1,Low,Allow with normal monitoring
VPN_1756,2026-08-05 15:48:00,VENDOR_09,USER_09,OT_06,0,0.09207508768372762,84.35,33.9,Low,Allow with normal monitoring
VPN_1359,2026-08-25 14:40:00,VENDOR_09,USER_09,OT_03,0,0.12779324358245547,83.95,33.9,Low,Allow with normal monitoring
VPN_1487,2026-08-28 23:48:00,VENDOR_04,USER_04,OT_13,0,0.04684499231901962,82.3,33.8,Low,Allow with normal monitoring
VPN_0860,2026-08-06 02:31:00,VENDOR_08,USER_08,OT_06,0,0.14219810479585177,79.95,33.8,Low,Allow with normal monitoring
VPN_1529,2026-08-01 00:03:00,VENDOR_02,USER_02,OT_12,0,0.16282005877011027,73.9,33.7,Low,Allow with normal monitoring
VPN_0242,2026-08-24 08:42:00,VENDOR_04,USER_04,OT_13,0,0.10785018901125186,88.25,33.7,Low,Allow with normal monitoring
VPN_0854,2026-08-18 19:11:00,VENDOR_05,USER_05,OT_03,0,0.1136158254247362,86.5,33.6,Low,Allow with normal monitoring
VPN_0283,2026-08-04 07:18:00,VENDOR_12,USER_12,OT_15,0,0.08495394569338884,84.85,33.6,Low,Allow with normal monitoring
VPN_0320,2026-08-29 21:11:00,VENDOR_02,USER_02,OT_10,0,0.17312398407590637,70.9,33.6,Low,Allow with normal monitoring
VPN_1280,2026-08-21 09:09:00,VENDOR_05,USER_05,OT_01,0,0.08086464207567329,85.5,33.5,Low,Allow with normal monitoring
VPN_0668,2026-08-09 06:11:00,VENDOR_04,USER_04,OT_15,0,0.10585418788568617,87.65,33.4,Low,Allow with normal monitoring
VPN_0666,2026-08-29 08:51:00,VENDOR_12,USER_12,OT_06,0,0.09327603535148435,90.7,33.4,Low,Allow with normal monitoring
VPN_1056,2026-08-23 03:28:00,VENDOR_03,USER_03,OT_08,0,0.18172678188635802,67.3,33.3,Low,Allow with normal monitoring
VPN_0836,2026-08-03 00:04:00,VENDOR_12,USER_12,OT_11,0,0.14483929148656002,76.75,33.3,Low,Allow with normal monitoring
VPN_1948,2026-08-29 15:46:00,VENDOR_07,USER_07,OT_01,0,0.10885692535856602,85.65,33.2,Low,Allow with normal monitoring
VPN_1030,2026-08-09 02:24:00,VENDOR_12,USER_12,OT_04,0,0.09564069815672813,88.65,33.1,Low,Allow with normal monitoring
VPN_0920,2026-08-06 02:00:00,VENDOR_09,USER_09,OT_07,0,0.09716397985443224,88.15,33.0,Low,Allow with normal monitoring
VPN_1498,2026-08-06 02:50:00,VENDOR_07,USER_07,OT_06,0,0.15674353139871025,72.15,33.0,Low,Allow with normal monitoring
VPN_0016,2026-08-20 01:52:00,VENDOR_02,USER_02,OT_06,0,0.1693581332330775,69.2,33.0,Low,Allow with normal monitoring
VPN_1770,2026-08-19 02:27:00,VENDOR_09,USER_09,OT_06,0,0.14401530310193664,75.5,33.0,Low,Allow with normal monitoring
VPN_0714,2026-08-15 22:58:00,VENDOR_04,USER_04,OT_03,0,0.1694733181938459,68.7,32.9,Low,Allow with normal monitoring
VPN_0932,2026-08-16 21:33:00,VENDOR_04,USER_04,OT_02,0,0.1371561153737331,76.95,32.9,Low,Allow with normal monitoring
VPN_0433,2026-08-02 05:04:00,VENDOR_04,USER_04,OT_04,0,0.10614975372733045,84.8,32.8,Low,Allow with normal monitoring
VPN_1352,2026-08-01 23:24:00,VENDOR_06,USER_06,OT_09,0,0.13644877440813216,76.9,32.8,Low,Allow with normal monitoring
VPN_0939,2026-08-09 11:21:00,VENDOR_01,USER_01,OT_15,0,0.07372862803744927,84.1,32.8,Low,Allow with normal monitoring
VPN_0716,2026-08-17 16:35:00,VENDOR_01,USER_01,OT_07,0,0.08537994188682999,90.05,32.8,Low,Allow with normal monitoring
VPN_1473,2026-08-15 00:55:00,VENDOR_07,USER_07,OT_09,0,0.23545655287578487,50.05,32.7,Low,Allow with normal monitoring
VPN_0266,2026-08-21 11:39:00,VENDOR_08,USER_08,OT_04,0,0.17625568863582483,79.5,32.7,Low,Allow with normal monitoring
VPN_1515,2026-08-30 04:28:00,VENDOR_07,USER_07,OT_10,0,0.15386618104451705,71.4,32.6,Low,Allow with normal monitoring
VPN_0834,2026-08-25 14:18:00,VENDOR_04,USER_04,OT_03,0,0.1175238568404528,81.05,32.6,Low,Allow with normal monitoring
VPN_0676,2026-08-21 21:57:00,VENDOR_12,USER_12,OT_05,0,0.1477940304136638,72.95,32.6,Low,Allow with normal monitoring
VPN_1688,2026-08-04 05:22:00,VENDOR_06,USER_06,OT_09,0,0.12740971111208843,77.9,32.5,Low,Allow with normal monitoring
VPN_0103,2026-08-14 08:17:00,VENDOR_08,USER_08,OT_01,0,0.21304316724564332,90.75,32.3,Low,Allow with normal monitoring
VPN_1292,2026-08-31 15:30:00,VENDOR_10,USER_10,OT_08,0,0.10181627406550595,83.5,32.3,Low,Allow with normal monitoring
VPN_1998,2026-08-03 13:03:00,VENDOR_02,USER_02,OT_04,0,0.0949820560962028,84.9,32.2,Low,Allow with normal monitoring
VPN_1463,2026-08-27 00:22:00,VENDOR_02,USER_02,OT_06,0,0.1795482432395023,62.75,32.2,Low,Allow with normal monitoring
VPN_0350,2026-08-25 19:33:00,VENDOR_07,USER_07,OT_10,0,0.09634228810133669,84.05,32.1,Low,Allow with normal monitoring
VPN_0480,2026-08-17 23:44:00,VENDOR_01,USER_01,OT_14,0,0.11042127994481324,80.55,32.1,Low,Allow with normal monitoring
VPN_0777,2026-08-19 05:15:00,VENDOR_05,USER_05,OT_14,0,0.12308790005711492,76.6,32.0,Low,Allow with normal monitoring
VPN_1049,2026-08-03 01:23:00,VENDOR_12,USER_12,OT_08,0,0.08960824342157715,85.45,32.0,Low,Allow with normal monitoring
VPN_0659,2026-08-17 21:15:00,VENDOR_08,USER_08,OT_08,0,0.14237074260617347,71.3,31.9,Low,Allow with normal monitoring
VPN_0489,2026-08-06 14:52:00,VENDOR_04,USER_04,OT_07,0,0.07758200993608132,88.05,31.9,Low,Allow with normal monitoring
VPN_1769,2026-08-17 05:50:00,VENDOR_11,USER_11,OT_03,0,0.12148690713738644,76.45,31.9,Low,Allow with normal monitoring
VPN_1117,2026-08-20 01:42:00,VENDOR_06,USER_06,OT_10,0,0.12494706418089682,75.75,31.9,Low,Allow with normal monitoring
VPN_0073,2026-08-22 06:53:00,VENDOR_08,USER_08,OT_01,0,0.10470806859542361,81.15,31.9,Low,Allow with normal monitoring
VPN_0612,2026-08-14 21:58:00,VENDOR_07,USER_07,OT_15,0,0.07873149053906683,87.75,31.9,Low,Allow with normal monitoring
VPN_0236,2026-08-12 19:19:00,VENDOR_06,USER_06,OT_08,0,0.10534069169347143,80.9,31.9,Low,Allow with normal monitoring
VPN_1571,2026-08-24 22:18:00,VENDOR_09,USER_09,OT_03,1,0.06698727180824347,90.65,31.8,Low,Allow with normal monitoring
VPN_0079,2026-08-09 03:59:00,VENDOR_02,USER_02,OT_13,0,0.07011443391490187,89.35,31.7,Low,Allow with normal monitoring
VPN_0519,2026-08-27 05:20:00,VENDOR_05,USER_05,OT_11,0,0.12495026235541508,74.6,31.7,Low,Allow with normal monitoring
VPN_1538,2026-08-01 21:48:00,VENDOR_02,USER_02,OT_06,0,0.1378637390837702,71.15,31.6,Low,Allow with normal monitoring
VPN_1122,2026-08-01 15:03:00,VENDOR_03,USER_03,OT_01,0,0.09065431957994717,83.0,31.5,Low,Allow with normal monitoring
VPN_0274,2026-08-04 22:59:00,VENDOR_08,USER_08,OT_04,0,0.1286743280549079,73.05,31.5,Low,Allow with normal monitoring
VPN_0252,2026-08-01 22:34:00,VENDOR_04,USER_04,OT_06,0,0.1380529020670988,70.05,31.4,Low,Allow with normal monitoring
VPN_1902,2026-08-02 18:48:00,VENDOR_09,USER_09,OT_10,0,0.07353104221916641,87.1,31.4,Low,Allow with normal monitoring
VPN_1028,2026-08-02 05:24:00,VENDOR_12,USER_12,OT_08,0,0.12059256199636735,74.2,31.3,Low,Allow with normal monitoring
VPN_0486,2026-08-05 03:02:00,VENDOR_06,USER_06,OT_03,0,0.12444389839627855,73.15,31.3,Low,Allow with normal monitoring
VPN_1591,2026-08-10 01:15:00,VENDOR_10,USER_10,OT_15,0,0.11629345517656393,75.45,31.3,Low,Allow with normal monitoring
VPN_1937,2026-08-15 12:23:00,VENDOR_05,USER_05,OT_10,0,0.0948699828853348,81.1,31.3,Low,Allow with normal monitoring
VPN_1558,2026-08-24 23:50:00,VENDOR_04,USER_04,OT_14,0,0.1322084898867924,70.65,31.2,Low,Allow with normal monitoring
VPN_1559,2026-08-26 05:45:00,VENDOR_05,USER_05,OT_10,0,0.06861373307612154,87.5,31.2,Low,Allow with normal monitoring
VPN_1966,2026-08-01 10:00:00,VENDOR_04,USER_04,OT_04,0,0.19412300745496638,90.6,31.2,Low,Allow with normal monitoring
VPN_1655,2026-08-14 01:19:00,VENDOR_01,USER_01,OT_11,0,0.12682280066220458,71.85,31.2,Low,Allow with normal monitoring
VPN_1067,2026-08-07 11:12:00,VENDOR_06,USER_06,OT_14,0,0.14865234832172872,79.85,31.2,Low,Allow with normal monitoring
VPN_1840,2026-08-07 03:05:00,VENDOR_12,USER_12,OT_05,0,0.069109556015213,86.85,31.1,Low,Allow with normal monitoring
VPN_0695,2026-08-25 20:33:00,VENDOR_04,USER_04,OT_03,0,0.13937185027351986,68.05,31.1,Low,Allow with normal monitoring
VPN_1979,2026-08-16 08:40:00,VENDOR_09,USER_09,OT_04,0,0.09012350761313599,80.6,31.0,Low,Allow with normal monitoring
VPN_1155,2026-08-04 05:37:00,VENDOR_02,USER_02,OT_12,0,0.1383548296410099,68.0,31.0,Low,Allow with normal monitoring
VPN_1288,2026-08-17 11:39:00,VENDOR_08,USER_08,OT_13,0,0.08581488870054141,81.8,31.0,Low,Allow with normal monitoring
VPN_0746,2026-08-27 07:05:00,VENDOR_07,USER_07,OT_01,0,0.09039394351351196,80.35,30.9,Low,Allow with normal monitoring
VPN_1897,2026-08-06 01:07:00,VENDOR_11,USER_11,OT_06,0,0.10660466448720823,76.05,30.9,Low,Allow with normal monitoring
VPN_1807,2026-08-03 22:33:00,VENDOR_08,USER_08,OT_02,0,0.1188034482699273,72.4,30.8,Low,Allow with normal monitoring
VPN_0049,2026-08-20 10:22:00,VENDOR_12,USER_12,OT_15,0,0.2318846128860521,78.95,30.8,Low,Allow with normal monitoring
VPN_0904,2026-08-25 04:30:00,VENDOR_02,USER_02,OT_08,0,0.16250104132387605,60.35,30.7,Low,Allow with normal monitoring
VPN_1287,2026-08-16 14:48:00,VENDOR_12,USER_12,OT_14,0,0.07913393273555899,82.1,30.7,Low,Allow with normal monitoring
VPN_0608,2026-08-08 02:31:00,VENDOR_07,USER_07,OT_04,0,0.14390868284950117,65.45,30.7,Low,Allow with normal monitoring
VPN_1426,2026-08-09 17:34:00,VENDOR_10,USER_10,OT_14,0,0.07439334038361764,82.9,30.6,Low,Allow with normal monitoring
VPN_0517,2026-08-02 03:25:00,VENDOR_01,USER_01,OT_07,0,0.05434280345744916,88.0,30.5,Low,Allow with normal monitoring
VPN_1729,2026-08-25 01:40:00,VENDOR_11,USER_11,OT_08,0,0.14174209903382728,65.05,30.5,Low,Allow with normal monitoring
VPN_1393,2026-08-23 18:41:00,VENDOR_08,USER_08,OT_14,0,0.07985358131187782,80.8,30.4,Low,Allow with normal monitoring
VPN_0482,2026-08-21 10:25:00,VENDOR_10,USER_10,OT_01,0,0.07267549123028777,82.45,30.4,Low,Allow with normal monitoring
VPN_1624,2026-08-16 02:53:00,VENDOR_07,USER_07,OT_05,0,0.11654842372763377,71.25,30.4,Low,Allow with normal monitoring
VPN_0131,2026-08-25 00:30:00,VENDOR_10,USER_10,OT_03,0,0.1598526237176233,59.85,30.4,Low,Allow with normal monitoring
VPN_1826,2026-08-14 22:03:00,VENDOR_01,USER_01,OT_13,0,0.06524754342503193,84.65,30.4,Low,Allow with normal monitoring
VPN_0680,2026-08-04 22:30:00,VENDOR_09,USER_09,OT_05,0,0.043209250483397826,90.45,30.4,Low,Allow with normal monitoring
VPN_0753,2026-08-25 23:36:00,VENDOR_09,USER_09,OT_08,0,0.1502375812433217,61.7,30.3,Low,Allow with normal monitoring
VPN_0739,2026-08-20 02:22:00,VENDOR_02,USER_02,OT_10,0,0.0539255754368254,86.95,30.3,Low,Allow with normal monitoring
VPN_0876,2026-08-24 21:51:00,VENDOR_11,USER_11,OT_05,0,0.11808957214063542,70.25,30.3,Low,Allow with normal monitoring
VPN_1524,2026-08-04 14:19:00,VENDOR_10,USER_10,OT_05,0,0.07101417866563778,82.75,30.3,Low,Allow with normal monitoring
VPN_1935,2026-08-05 21:10:00,VENDOR_08,USER_08,OT_11,0,0.11144265892651117,71.9,30.3,Low,Allow with normal monitoring
VPN_1514,2026-08-29 02:31:00,VENDOR_02,USER_02,OT_11,0,0.1335189364864872,65.55,30.2,Low,Allow with normal monitoring
VPN_0726,2026-08-26 22:44:00,VENDOR_10,USER_10,OT_03,0,0.1956442811584683,49.2,30.2,Low,Allow with normal monitoring
VPN_0466,2026-08-17 14:10:00,VENDOR_10,USER_10,OT_01,0,0.07448206763382348,80.95,30.1,Low,Allow with normal monitoring
VPN_1595,2026-08-06 23:07:00,VENDOR_08,USER_08,OT_05,0,0.10606368831823218,72.7,30.1,Low,Allow with normal monitoring
VPN_0941,2026-08-03 01:18:00,VENDOR_03,USER_03,OT_06,0,0.10484601012960737,72.6,30.1,Low,Allow with normal monitoring
VPN_1178,2026-08-11 21:51:00,VENDOR_11,USER_11,OT_13,0,0.0588479293403843,84.55,30.0,Low,Allow with normal monitoring
VPN_0724,2026-08-05 22:33:00,VENDOR_07,USER_07,OT_02,0,0.1257877972978447,66.8,30.0,Low,Allow with normal monitoring
VPN_1421,2026-08-07 23:15:00,VENDOR_01,USER_01,OT_07,0,0.11006940016812514,70.85,30.0,Low,Allow with normal monitoring
VPN_1532,2026-08-01 05:25:00,VENDOR_09,USER_09,OT_04,0,0.11130552211219484,70.8,30.0,Low,Allow with normal monitoring
VPN_1814,2026-08-13 11:04:00,VENDOR_10,USER_10,OT_13,0,0.2189858714491477,78.55,30.0,Low,Allow with normal monitoring
VPN_0349,2026-08-09 09:41:00,VENDOR_07,USER_07,OT_06,0,0.073246390428791,80.65,30.0,Low,Allow with normal monitoring
VPN_1889,2026-08-27 03:29:00,VENDOR_07,USER_07,OT_11,0,0.11846356668871122,68.95,30.0,Low,Allow with normal monitoring
VPN_0127,2026-08-14 03:23:00,VENDOR_01,USER_01,OT_10,0,0.05411775544939845,85.55,30.0,Low,Allow with normal monitoring
VPN_0250,2026-08-31 09:42:00,VENDOR_10,USER_10,OT_12,0,0.06737484507461272,81.75,29.9,Low,Allow with normal monitoring
VPN_1338,2026-08-11 04:43:00,VENDOR_07,USER_07,OT_12,0,0.10298750307123247,72.55,29.9,Low,Allow with normal monitoring
VPN_0621,2026-08-11 00:36:00,VENDOR_10,USER_10,OT_03,0,0.1175519446668482,68.25,29.8,Low,Allow with normal monitoring
VPN_1521,2026-08-27 01:51:00,VENDOR_06,USER_06,OT_14,0,0.09448973066607089,74.0,29.8,Low,Allow with normal monitoring
VPN_1758,2026-08-27 21:29:00,VENDOR_01,USER_01,OT_12,0,0.11262254356858059,68.75,29.7,Low,Allow with normal monitoring
VPN_1382,2026-08-28 11:18:00,VENDOR_09,USER_09,OT_10,0,0.06617721909146321,81.0,29.7,Low,Allow with normal monitoring
VPN_0091,2026-08-25 05:50:00,VENDOR_10,USER_10,OT_01,0,0.05675588334145568,83.6,29.7,Low,Allow with normal monitoring
VPN_1495,2026-08-25 03:36:00,VENDOR_05,USER_05,OT_08,0,0.11020788598139253,69.75,29.7,Low,Allow with normal monitoring
VPN_1767,2026-08-23 16:48:00,VENDOR_12,USER_12,OT_07,0,0.05659712504014085,83.7,29.7,Low,Allow with normal monitoring
VPN_0397,2026-08-01 13:21:00,VENDOR_09,USER_09,OT_06,0,0.05600543001368143,82.85,29.5,Low,Allow with normal monitoring
VPN_1642,2026-08-16 21:33:00,VENDOR_04,USER_04,OT_05,0,0.1121989054946234,68.15,29.5,Low,Allow with normal monitoring
VPN_0205,2026-08-11 02:50:00,VENDOR_06,USER_06,OT_12,0,0.09716750444262938,72.25,29.5,Low,Allow with normal monitoring
VPN_0495,2026-08-06 00:38:00,VENDOR_06,USER_06,OT_02,1,0.2476325450998094,32.05,29.4,Low,Allow with normal monitoring
VPN_0599,2026-08-14 16:15:00,VENDOR_06,USER_06,OT_07,0,0.05841022692041557,81.4,29.3,Low,Allow with normal monitoring
VPN_0657,2026-08-03 15:25:00,VENDOR_05,USER_05,OT_07,0,0.19402684682579163,81.9,29.3,Low,Allow with normal monitoring
VPN_1916,2026-08-09 07:00:00,VENDOR_12,USER_12,OT_12,0,0.0585740654998477,81.6,29.3,Low,Allow with normal monitoring
VPN_0918,2026-08-01 04:04:00,VENDOR_11,USER_11,OT_02,0,0.09499856838601624,72.0,29.3,Low,Allow with normal monitoring
VPN_0704,2026-08-24 16:40:00,VENDOR_04,USER_04,OT_02,0,0.0604096462145108,80.75,29.3,Low,Allow with normal monitoring
VPN_0764,2026-08-08 15:58:00,VENDOR_01,USER_01,OT_11,0,0.11483959077622623,79.9,29.2,Low,Allow with normal monitoring
VPN_0503,2026-08-04 16:59:00,VENDOR_02,USER_02,OT_05,0,0.061770958186505354,80.05,29.2,Low,Allow with normal monitoring
VPN_0744,2026-08-20 08:09:00,VENDOR_05,USER_05,OT_04,0,0.11533540729854158,79.1,29.1,Low,Allow with normal monitoring
VPN_0267,2026-08-22 05:36:00,VENDOR_06,USER_06,OT_11,0,0.11729469530783986,64.9,29.1,Low,Allow with normal monitoring
VPN_1350,2026-08-14 23:30:00,VENDOR_04,USER_04,OT_01,0,0.09306209446286293,71.45,29.1,Low,Allow with normal monitoring
VPN_1330,2026-08-04 20:29:00,VENDOR_09,USER_09,OT_14,0,0.03836416549586671,85.75,29.1,Low,Allow with normal monitoring
VPN_0020,2026-08-31 07:47:00,VENDOR_07,USER_07,OT_01,0,0.11318035560031076,79.4,29.0,Low,Allow with normal monitoring
VPN_1404,2026-08-05 00:14:00,VENDOR_02,USER_02,OT_10,0,0.07720777282598007,74.95,29.0,Low,Allow with normal monitoring
VPN_0630,2026-08-22 19:16:00,VENDOR_12,USER_12,OT_09,0,0.0563022168385101,80.7,29.0,Low,Allow with normal monitoring
VPN_1025,2026-08-16 00:33:00,VENDOR_07,USER_07,OT_01,0,0.08995170265732831,71.6,29.0,Low,Allow with normal monitoring
VPN_0812,2026-08-02 01:31:00,VENDOR_03,USER_03,OT_04,0,0.0813104803643294,73.95,29.0,Low,Allow with normal monitoring
VPN_1836,2026-08-10 15:22:00,VENDOR_02,USER_02,OT_04,1,0.2126394363544105,75.6,29.0,Low,Allow with normal monitoring
VPN_1071,2026-08-27 23:31:00,VENDOR_12,USER_12,OT_11,0,0.08994635485875134,71.8,29.0,Low,Allow with normal monitoring
VPN_0697,2026-08-15 03:42:00,VENDOR_01,USER_01,OT_01,0,0.07445995079181195,75.95,29.0,Low,Allow with normal monitoring
VPN_0173,2026-08-08 11:19:00,VENDOR_11,USER_11,OT_03,0,0.20517434044458338,77.65,29.0,Low,Allow with normal monitoring
VPN_1184,2026-08-14 19:46:00,VENDOR_04,USER_04,OT_06,0,0.11373233316436858,79.2,29.0,Low,Allow with normal monitoring
VPN_0818,2026-08-26 05:23:00,VENDOR_07,USER_07,OT_11,0,0.11152304107032837,65.6,28.9,Low,Allow with normal monitoring
VPN_1713,2026-08-15 20:56:00,VENDOR_11,USER_11,OT_14,0,0.09430410653190958,69.95,28.9,Low,Allow with normal monitoring
VPN_0261,2026-08-12 13:44:00,VENDOR_07,USER_07,OT_13,0,0.107030571137573,80.2,28.9,Low,Allow with normal monitoring
VPN_1901,2026-08-29 02:08:00,VENDOR_11,USER_11,OT_11,1,0.2572798377455282,27.05,28.9,Low,Allow with normal monitoring
VPN_1302,2026-08-01 05:01:00,VENDOR_03,USER_03,OT_08,0,0.1116457570835777,65.7,28.9,Low,Allow with normal monitoring
VPN_0584,2026-08-12 00:10:00,VENDOR_06,USER_06,OT_15,0,0.0925230222904557,70.6,28.9,Low,Allow with normal monitoring
VPN_0587,2026-08-22 10:15:00,VENDOR_06,USER_06,OT_06,0,0.09975306992125867,82.15,28.9,Low,Allow with normal monitoring
VPN_0129,2026-08-23 01:17:00,VENDOR_06,USER_06,OT_11,0,0.13111473494620726,60.25,28.9,Low,Allow with normal monitoring
VPN_1914,2026-08-14 22:47:00,VENDOR_10,USER_10,OT_11,0,0.12719348666363164,61.2,28.8,Low,Allow with normal monitoring
VPN_1368,2026-08-27 00:10:00,VENDOR_08,USER_08,OT_05,0,0.07965916870040708,73.65,28.8,Low,Allow with normal monitoring
VPN_1788,2026-08-30 15:38:00,VENDOR_10,USER_10,OT_05,0,0.15241342958254542,90.95,28.8,Low,Allow with normal monitoring
VPN_1501,2026-08-12 02:55:00,VENDOR_04,USER_04,OT_13,0,0.1315638253933661,59.55,28.7,Low,Allow with normal monitoring
VPN_0582,2026-08-18 01:13:00,VENDOR_04,USER_04,OT_13,0,0.07797394276724015,73.55,28.7,Low,Allow with normal monitoring
VPN_1838,2026-08-29 02:13:00,VENDOR_11,USER_11,OT_02,0,0.1071083998262282,65.75,28.7,Low,Allow with normal monitoring
VPN_1016,2026-08-08 22:39:00,VENDOR_02,USER_02,OT_10,0,0.16407318390366707,50.45,28.6,Low,Allow with normal monitoring
VPN_0977,2026-08-21 21:40:00,VENDOR_06,USER_06,OT_06,0,0.16322232296285583,50.6,28.6,Low,Allow with normal monitoring
VPN_0972,2026-08-31 10:58:00,VENDOR_10,USER_10,OT_05,0,0.04745588487797624,81.2,28.6,Low,Allow with normal monitoring
VPN_1806,2026-08-12 03:00:00,VENDOR_03,USER_03,OT_12,0,0.08038311645632874,72.5,28.6,Low,Allow with normal monitoring
VPN_0415,2026-08-25 03:18:00,VENDOR_09,USER_09,OT_02,0,0.07745578075405331,72.75,28.5,Low,Allow with normal monitoring
VPN_1409,2026-08-22 05:55:00,VENDOR_07,USER_07,OT_09,0,0.18332918642598522,44.78,28.5,Low,Allow with normal monitoring
VPN_0730,2026-08-25 23:47:00,VENDOR_10,USER_10,OT_04,0,0.1335415186041977,57.55,28.4,Low,Allow with normal monitoring
VPN_0660,2026-08-30 04:16:00,VENDOR_03,USER_03,OT_09,0,0.09701850900714327,67.05,28.4,Low,Allow with normal monitoring
VPN_1222,2026-08-31 04:35:00,VENDOR_05,USER_05,OT_09,0,0.10104296488281454,66.15,28.4,Low,Allow with normal monitoring
VPN_0552,2026-08-03 09:30:00,VENDOR_10,USER_10,OT_04,0,0.09919173029600793,79.75,28.3,Low,Allow with normal monitoring
VPN_0779,2026-08-28 12:51:00,VENDOR_12,USER_12,OT_04,0,0.09349755795241675,81.25,28.3,Low,Allow with normal monitoring
VPN_0667,2026-08-18 02:27:00,VENDOR_04,USER_04,OT_13,0,0.1385184676137661,55.7,28.3,Low,Allow with normal monitoring
VPN_0332,2026-08-30 04:14:00,VENDOR_05,USER_05,OT_02,0,0.0985032142859819,66.05,28.2,Low,Allow with normal monitoring
VPN_1099,2026-08-29 23:56:00,VENDOR_04,USER_04,OT_11,0,0.11607338269046202,61.0,28.2,Low,Allow with normal monitoring
VPN_1209,2026-08-10 00:48:00,VENDOR_05,USER_05,OT_03,0,0.09280077996994161,67.5,28.2,Low,Allow with normal monitoring
VPN_0342,2026-08-05 02:46:00,VENDOR_11,USER_11,OT_06,0,0.06949171666998029,73.45,28.2,Low,Allow with normal monitoring
VPN_0028,2026-08-11 23:25:00,VENDOR_11,USER_11,OT_04,0,0.14262042686600074,53.95,28.1,Low,Allow with normal monitoring
VPN_0275,2026-08-28 06:38:00,VENDOR_11,USER_11,OT_03,0,0.0614087486856207,89.0,28.1,Low,Allow with normal monitoring
VPN_1702,2026-08-08 19:49:00,VENDOR_05,USER_05,OT_07,0,0.07154061255384533,86.0,28.1,Low,Allow with normal monitoring
VPN_1456,2026-08-08 19:05:00,VENDOR_06,USER_06,OT_12,0,0.06989464713122351,86.7,28.1,Low,Allow with normal monitoring
VPN_0130,2026-08-02 23:06:00,VENDOR_11,USER_11,OT_01,0,0.0948652426633911,66.25,28.1,Low,Allow with normal monitoring
VPN_0861,2026-08-15 02:14:00,VENDOR_09,USER_09,OT_04,0,0.06862412146569426,72.8,28.0,Low,Allow with normal monitoring
VPN_1313,2026-08-25 01:03:00,VENDOR_11,USER_11,OT_07,0,0.06500543505023765,73.35,27.9,Low,Allow with normal monitoring
VPN_0308,2026-08-26 18:06:00,VENDOR_02,USER_02,OT_06,1,0.37993600500645847,26.45,27.9,Low,Allow with normal monitoring
VPN_1321,2026-08-20 23:17:00,VENDOR_09,USER_09,OT_09,0,0.06299590258755229,73.8,27.9,Low,Allow with normal monitoring
VPN_0522,2026-08-22 15:03:00,VENDOR_07,USER_07,OT_02,0,0.08140098208608572,82.65,27.9,Low,Allow with normal monitoring
VPN_0636,2026-08-19 00:53:00,VENDOR_04,USER_04,OT_12,0,0.07556656426743126,70.75,27.9,Low,Allow with normal monitoring
VPN_1775,2026-08-15 01:04:00,VENDOR_04,USER_04,OT_04,0,0.1034146229384517,62.9,27.8,Low,Allow with normal monitoring
VPN_1822,2026-08-30 22:44:00,VENDOR_05,USER_05,OT_12,0,0.06327813319976992,73.3,27.8,Low,Allow with normal monitoring
VPN_0253,2026-08-06 20:52:00,VENDOR_11,USER_11,OT_11,0,0.09946418485448241,63.55,27.7,Low,Allow with normal monitoring
VPN_0439,2026-08-24 05:09:00,VENDOR_08,USER_08,OT_01,0,0.07344755700608398,70.3,27.7,Low,Allow with normal monitoring
VPN_0954,2026-08-07 00:54:00,VENDOR_09,USER_09,OT_07,0,0.08158663680114929,67.9,27.7,Low,Allow with normal monitoring
VPN_1544,2026-08-27 03:34:00,VENDOR_08,USER_08,OT_08,0,0.13332562835180034,54.5,27.7,Low,Allow with normal monitoring
VPN_0986,2026-08-08 03:33:00,VENDOR_08,USER_08,OT_11,0,0.11443699022674303,58.95,27.6,Low,Allow with normal monitoring
VPN_1555,2026-08-18 09:03:00,VENDOR_05,USER_05,OT_04,0,0.08864564081218176,79.15,27.6,Low,Allow with normal monitoring
VPN_1475,2026-08-25 15:57:00,VENDOR_09,USER_09,OT_03,0,0.08499190661359211,80.15,27.6,Low,Allow with normal monitoring
VPN_1871,2026-08-03 23:11:00,VENDOR_04,USER_04,OT_08,0,0.058235162510471124,73.6,27.6,Low,Allow with normal monitoring
VPN_1322,2026-08-03 16:35:00,VENDOR_03,USER_03,OT_15,0,0.1886075504695,75.55,27.6,Low,Allow with normal monitoring
VPN_0458,2026-08-10 03:36:00,VENDOR_06,USER_06,OT_13,0,0.07973465648891288,67.7,27.5,Low,Allow with normal monitoring
VPN_0352,2026-08-29 07:21:00,VENDOR_12,USER_12,OT_04,0,0.09405192243311435,77.25,27.5,Low,Allow with normal monitoring
VPN_0776,2026-08-24 15:51:00,VENDOR_04,USER_04,OT_03,0,0.0944492733913338,77.4,27.5,Low,Allow with normal monitoring
VPN_0204,2026-08-03 04:54:00,VENDOR_04,USER_04,OT_04,0,0.10829177392111734,60.3,27.5,Low,Allow with normal monitoring
VPN_0487,2026-08-16 02:26:00,VENDOR_11,USER_11,OT_03,0,0.07025328598449503,69.55,27.4,Low,Allow with normal monitoring
VPN_1203,2026-08-28 00:27:00,VENDOR_09,USER_09,OT_14,0,0.05753492124580555,72.9,27.4,Low,Allow with normal monitoring
VPN_0892,2026-08-01 23:37:00,VENDOR_02,USER_02,OT_02,0,0.18815290743453777,38.8,27.4,Low,Allow with normal monitoring
VPN_1782,2026-08-21 00:42:00,VENDOR_01,USER_01,OT_12,0,0.0997692695614937,61.85,27.4,Low,Allow with normal monitoring
VPN_0994,2026-08-22 16:24:00,VENDOR_08,USER_08,OT_11,0,0.09013201768318041,78.2,27.4,Low,Allow with normal monitoring
VPN_1100,2026-08-02 00:24:00,VENDOR_06,USER_06,OT_03,0,0.0951359356286793,63.15,27.4,Low,Allow with normal monitoring
VPN_1833,2026-08-31 08:31:00,VENDOR_07,USER_07,OT_15,0,0.08845856113859006,78.6,27.4,Low,Allow with normal monitoring
VPN_0843,2026-08-08 04:24:00,VENDOR_01,USER_01,OT_06,0,0.06478272586575119,70.7,27.3,Low,Allow with normal monitoring
VPN_1856,2026-08-27 04:03:00,VENDOR_08,USER_08,OT_06,0,0.06114005264645189,71.55,27.3,Low,Allow with normal monitoring
VPN_1725,2026-08-13 04:09:00,VENDOR_01,USER_01,OT_09,0,0.07754742701411328,67.1,27.3,Low,Allow with normal monitoring
VPN_0411,2026-08-18 17:07:00,VENDOR_05,USER_05,OT_09,0,0.06108962021789568,85.4,27.3,Low,Allow with normal monitoring
VPN_1128,2026-08-05 15:25:00,VENDOR_07,USER_07,OT_13,0,0.08252621809824609,79.8,27.3,Low,Allow with normal monitoring
VPN_0289,2026-08-29 01:16:00,VENDOR_12,USER_12,OT_12,0,0.06970589108736068,69.15,27.3,Low,Allow with normal monitoring
VPN_0548,2026-08-01 22:12:00,VENDOR_07,USER_07,OT_08,0,0.09411573086182395,63.05,27.3,Low,Allow with normal monitoring
VPN_0316,2026-08-01 06:37:00,VENDOR_03,USER_03,OT_09,0,0.0834609737994548,78.75,27.2,Low,Allow with normal monitoring
VPN_1220,2026-08-17 17:47:00,VENDOR_12,USER_12,OT_04,0,0.08690881955902552,78.0,27.2,Low,Allow with normal monitoring
VPN_0479,2026-08-26 02:38:00,VENDOR_05,USER_05,OT_02,0,0.07287410253111155,68.2,27.2,Low,Allow with normal monitoring
VPN_0436,2026-08-24 23:29:00,VENDOR_11,USER_11,OT_06,0,0.07973726942717498,66.4,27.2,Low,Allow with normal monitoring
VPN_1123,2026-08-22 23:40:00,VENDOR_03,USER_03,OT_08,0,0.06070982201585526,71.05,27.2,Low,Allow with normal monitoring
VPN_1665,2026-08-08 20:39:00,VENDOR_03,USER_03,OT_08,0,0.08962825546032274,63.4,27.1,Low,Allow with normal monitoring
VPN_0100,2026-08-08 21:51:00,VENDOR_01,USER_01,OT_03,0,0.08476572325540793,64.65,27.1,Low,Allow with normal monitoring
VPN_0277,2026-08-11 22:18:00,VENDOR_03,USER_03,OT_11,0,0.12065220360698628,55.05,27.1,Low,Allow with normal monitoring
VPN_0071,2026-08-06 20:22:00,VENDOR_08,USER_08,OT_10,0,0.0719947400040519,67.85,27.1,Low,Allow with normal monitoring
VPN_1009,2026-08-25 04:15:00,VENDOR_10,USER_10,OT_08,0,0.12078929815248649,54.9,27.1,Low,Allow with normal monitoring
VPN_1950,2026-08-03 14:11:00,VENDOR_05,USER_05,OT_13,0,0.0839809640380177,78.5,27.1,Low,Allow with normal monitoring
VPN_1706,2026-08-26 12:20:00,VENDOR_05,USER_05,OT_15,0,0.06866036902007236,82.5,27.1,Low,Allow with normal monitoring
VPN_1268,2026-08-24 00:30:00,VENDOR_11,USER_11,OT_09,0,0.11778823896509885,55.35,27.0,Low,Allow with normal monitoring
VPN_1502,2026-08-30 02:41:00,VENDOR_02,USER_02,OT_11,0,0.16643173369997455,42.38,27.0,Low,Allow with normal monitoring
VPN_1592,2026-08-20 14:33:00,VENDOR_10,USER_10,OT_12,0,0.07013915503320288,81.3,27.0,Low,Allow with normal monitoring
VPN_1763,2026-08-12 21:57:00,VENDOR_02,USER_02,OT_04,0,0.08959179626586353,62.55,27.0,Low,Allow with normal monitoring
VPN_0163,2026-08-08 00:26:00,VENDOR_09,USER_09,OT_03,0,0.08719043375847327,63.25,27.0,Low,Allow with normal monitoring
VPN_0905,2026-08-20 02:20:00,VENDOR_11,USER_11,OT_01,0,0.1087944761467304,57.85,27.0,Low,Allow with normal monitoring
VPN_0575,2026-08-25 21:25:00,VENDOR_09,USER_09,OT_01,0,0.08548687538322179,64.05,27.0,Low,Allow with normal monitoring
VPN_0220,2026-08-25 21:32:00,VENDOR_04,USER_04,OT_14,0,0.1206264969891818,54.08,26.9,Low,Allow with normal monitoring
VPN_0313,2026-08-20 19:15:00,VENDOR_10,USER_10,OT_01,0,0.17334808738152266,76.5,26.9,Low,Allow with normal monitoring
VPN_1383,2026-08-11 19:54:00,VENDOR_11,USER_11,OT_08,0,0.20393961480587997,68.3,26.9,Low,Allow with normal monitoring
VPN_1229,2026-08-16 02:03:00,VENDOR_10,USER_10,OT_02,0,0.11057830003180176,56.6,26.9,Low,Allow with normal monitoring
VPN_1703,2026-08-11 04:37:00,VENDOR_09,USER_09,OT_12,0,0.06997823621966248,67.45,26.9,Low,Allow with normal monitoring
VPN_0768,2026-08-28 03:37:00,VENDOR_02,USER_02,OT_08,0,0.0751478446608173,66.2,26.9,Low,Allow with normal monitoring
VPN_1140,2026-08-29 02:31:00,VENDOR_01,USER_01,OT_02,0,0.0859236180664903,62.95,26.8,Low,Allow with normal monitoring
VPN_1973,2026-08-03 20:34:00,VENDOR_01,USER_01,OT_02,0,0.07644080085904587,65.1,26.8,Low,Allow with normal monitoring
VPN_0483,2026-08-06 20:47:00,VENDOR_03,USER_03,OT_14,0,0.056996931320377746,70.45,26.8,Low,Allow with normal monitoring
VPN_1777,2026-08-01 01:11:00,VENDOR_04,USER_04,OT_07,0,0.09936972846866945,59.2,26.8,Low,Allow with normal monitoring
VPN_0164,2026-08-21 21:33:00,VENDOR_01,USER_01,OT_09,0,0.09862361676362205,59.4,26.8,Low,Allow with normal monitoring
VPN_0529,2026-08-18 20:58:00,VENDOR_09,USER_09,OT_05,0,0.09683942768073091,59.5,26.7,Low,Allow with normal monitoring
VPN_0003,2026-08-06 13:00:00,VENDOR_02,USER_02,OT_10,0,0.07287840844718393,79.55,26.7,Low,Allow with normal monitoring
VPN_1305,2026-08-22 13:38:00,VENDOR_09,USER_09,OT_10,0,0.07251024746665051,79.3,26.7,Low,Allow with normal monitoring
VPN_1261,2026-08-12 07:04:00,VENDOR_06,USER_06,OT_08,0,0.18694487525456374,72.05,26.7,Low,Allow with normal monitoring
VPN_1443,2026-08-11 15:11:00,VENDOR_03,USER_03,OT_14,0,0.06984331838513999,80.0,26.7,Low,Allow with normal monitoring
VPN_1533,2026-08-15 00:54:00,VENDOR_02,USER_02,OT_15,0,0.07886968586832317,64.25,26.7,Low,Allow with normal monitoring
VPN_1109,2026-08-15 11:41:00,VENDOR_08,USER_08,OT_12,0,0.06973482434767748,80.25,26.7,Low,Allow with normal monitoring
VPN_0693,2026-08-10 15:07:00,VENDOR_10,USER_10,OT_04,1,0.40772059620656215,13.65,26.7,Low,Allow with normal monitoring
VPN_1428,2026-08-30 23:02:00,VENDOR_05,USER_05,OT_10,0,0.11201347422775035,55.45,26.7,Low,Allow with normal monitoring
VPN_1817,2026-08-19 22:18:00,VENDOR_09,USER_09,OT_15,0,0.04163130217765921,73.5,26.6,Low,Allow with normal monitoring
VPN_1052,2026-08-11 05:02:00,VENDOR_04,USER_04,OT_04,0,0.08041988725943613,63.5,26.6,Low,Allow with normal monitoring
VPN_0674,2026-08-01 23:07:00,VENDOR_06,USER_06,OT_02,0,0.1240269471772524,51.85,26.6,Low,Allow with normal monitoring
VPN_0648,2026-08-19 00:03:00,VENDOR_01,USER_01,OT_13,0,0.09313188534017364,60.15,26.6,Low,Allow with normal monitoring
VPN_1044,2026-08-02 21:10:00,VENDOR_06,USER_06,OT_09,0,0.09148009577418087,60.55,26.6,Low,Allow with normal monitoring
VPN_1177,2026-08-11 21:53:00,VENDOR_12,USER_12,OT_03,0,0.08963824104995297,61.1,26.6,Low,Allow with normal monitoring
VPN_0896,2026-08-16 01:48:00,VENDOR_05,USER_05,OT_08,0,0.0846941784489583,62.1,26.6,Low,Allow with normal monitoring
VPN_0221,2026-08-22 21:38:00,VENDOR_03,USER_03,OT_06,0,0.06156008355776631,68.1,26.6,Low,Allow with normal monitoring
VPN_1693,2026-08-19 12:34:00,VENDOR_06,USER_06,OT_01,0,0.06660433028342902,80.5,26.6,Low,Allow with normal monitoring
VPN_1416,2026-08-12 08:13:00,VENDOR_10,USER_10,OT_06,0,0.11574143197554558,90.15,26.5,Low,Allow with normal monitoring
VPN_1231,2026-08-12 01:14:00,VENDOR_11,USER_11,OT_11,0,0.16570652653781187,40.6,26.5,Low,Allow with normal monitoring
VPN_0095,2026-08-16 08:14:00,VENDOR_04,USER_04,OT_05,0,0.0686956422880369,79.7,26.5,Low,Allow with normal monitoring
VPN_1388,2026-08-04 03:58:00,VENDOR_09,USER_09,OT_11,0,0.08171831235372352,62.42,26.5,Low,Allow with normal monitoring
VPN_1982,2026-08-25 22:03:00,VENDOR_05,USER_05,OT_09,0,0.07999370688441469,63.1,26.5,Low,Allow with normal monitoring
VPN_1956,2026-08-26 00:26:00,VENDOR_07,USER_07,OT_09,0,0.18328089496210584,35.95,26.5,Low,Allow with normal monitoring
VPN_0365,2026-08-07 00:03:00,VENDOR_08,USER_08,OT_05,0,0.059115613994984155,68.45,26.5,Low,Allow with normal monitoring
VPN_1789,2026-08-08 04:14:00,VENDOR_09,USER_09,OT_03,0,0.06761621244916433,66.35,26.5,Low,Allow with normal monitoring
VPN_1034,2026-08-25 04:49:00,VENDOR_12,USER_12,OT_06,0,0.05291905681332577,69.7,26.4,Low,Allow with normal monitoring
VPN_1403,2026-08-24 01:48:00,VENDOR_06,USER_06,OT_08,0,0.1646246149314805,40.45,26.4,Low,Allow with normal monitoring
VPN_0249,2026-08-05 01:25:00,VENDOR_05,USER_05,OT_12,0,0.05497508544309626,69.0,26.4,Low,Allow with normal monitoring
VPN_0906,2026-08-08 22:07:00,VENDOR_01,USER_01,OT_03,0,0.1210346544264126,51.9,26.4,Low,Allow with normal monitoring
VPN_1240,2026-08-04 04:36:00,VENDOR_10,USER_10,OT_02,0,0.10503455062560695,56.15,26.4,Low,Allow with normal monitoring
VPN_0706,2026-08-21 04:04:00,VENDOR_10,USER_10,OT_02,0,0.06979782085265256,64.95,26.3,Low,Allow with normal monitoring
VPN_1376,2026-08-17 19:17:00,VENDOR_12,USER_12,OT_06,0,0.16693230584150956,75.7,26.3,Low,Allow with normal monitoring
VPN_0755,2026-08-12 23:35:00,VENDOR_05,USER_05,OT_13,0,0.07689094689379893,62.85,26.3,Low,Allow with normal monitoring
VPN_1650,2026-08-28 23:48:00,VENDOR_10,USER_10,OT_12,0,0.12955066555237152,49.15,26.3,Low,Allow with normal monitoring
VPN_1212,2026-08-18 05:55:00,VENDOR_07,USER_07,OT_02,0,0.10189619308642,56.25,26.3,Low,Allow with normal monitoring
VPN_0182,2026-08-23 07:50:00,VENDOR_05,USER_05,OT_04,0,0.16391943703527584,75.8,26.2,Low,Allow with normal monitoring
VPN_1215,2026-08-21 04:45:00,VENDOR_08,USER_08,OT_13,0,0.14305954408947022,45.2,26.2,Low,Allow with normal monitoring
VPN_1691,2026-08-13 21:44:00,VENDOR_07,USER_07,OT_08,0,0.06887316175341615,64.4,26.2,Low,Allow with normal monitoring
VPN_0635,2026-08-27 10:13:00,VENDOR_05,USER_05,OT_10,0,0.06534262775135506,79.0,26.2,Low,Allow with normal monitoring
VPN_1815,2026-08-08 13:21:00,VENDOR_10,USER_10,OT_05,0,0.10725227739081114,91.0,26.2,Low,Allow with normal monitoring
VPN_0330,2026-08-24 11:07:00,VENDOR_01,USER_01,OT_02,0,0.06782012637723575,78.1,26.1,Low,Allow with normal monitoring
VPN_0293,2026-08-10 02:04:00,VENDOR_08,USER_08,OT_01,0,0.06847115097047636,64.15,26.1,Low,Allow with normal monitoring
VPN_1425,2026-08-06 03:29:00,VENDOR_06,USER_06,OT_03,0,0.09810414241521838,56.3,26.1,Low,Allow with normal monitoring
VPN_1968,2026-08-19 17:34:00,VENDOR_11,USER_11,OT_05,0,0.10809145852709225,90.0,26.1,Low,Allow with normal monitoring
VPN_0426,2026-08-13 22:55:00,VENDOR_07,USER_07,OT_05,0,0.06650630315818519,64.55,26.1,Low,Allow with normal monitoring
VPN_1323,2026-08-01 13:02:00,VENDOR_03,USER_03,OT_12,0,0.16821852188397962,74.4,26.1,Low,Allow with normal monitoring
VPN_1848,2026-08-01 08:23:00,VENDOR_09,USER_09,OT_03,0,0.06355451271013988,79.05,26.1,Low,Allow with normal monitoring
VPN_1696,2026-08-27 01:05:00,VENDOR_07,USER_07,OT_14,0,0.11286540522126055,52.1,26.0,Low,Allow with normal monitoring
VPN_1936,2026-08-23 20:33:00,VENDOR_04,USER_04,OT_04,0,0.14225538049607298,44.4,26.0,Low,Allow with normal monitoring
VPN_1535,2026-08-15 10:24:00,VENDOR_03,USER_03,OT_02,0,0.06539156863851972,78.05,26.0,Low,Allow with normal monitoring
VPN_0712,2026-08-06 14:05:00,VENDOR_02,USER_02,OT_03,0,0.16332730641670598,74.9,26.0,Low,Allow with normal monitoring
VPN_0979,2026-08-11 08:23:00,VENDOR_10,USER_10,OT_08,0,0.1814826966281443,70.5,26.0,Low,Allow with normal monitoring
VPN_0940,2026-08-04 19:07:00,VENDOR_10,USER_10,OT_03,0,0.16582876126801252,74.55,26.0,Low,Allow with normal monitoring
VPN_1931,2026-08-11 02:35:00,VENDOR_07,USER_07,OT_06,0,0.10698664264193071,53.5,26.0,Low,Allow with normal monitoring
VPN_0592,2026-08-02 21:22:00,VENDOR_02,USER_02,OT_01,0,0.09192977001843718,57.5,26.0,Low,Allow with normal monitoring
VPN_0232,2026-08-14 03:25:00,VENDOR_11,USER_11,OT_02,0,0.06588100901783543,64.2,25.9,Low,Allow with normal monitoring
VPN_0120,2026-08-09 16:52:00,VENDOR_01,USER_01,OT_04,0,0.18281889582457095,69.4,25.9,Low,Allow with normal monitoring
VPN_1882,2026-08-01 00:01:00,VENDOR_09,USER_09,OT_04,0,0.06341539185193029,64.5,25.9,Low,Allow with normal monitoring
VPN_0512,2026-08-14 21:16:00,VENDOR_05,USER_05,OT_12,0,0.09765561576067212,55.55,25.9,Low,Allow with normal monitoring
VPN_1742,2026-08-26 01:45:00,VENDOR_12,USER_12,OT_09,0,0.10516304983944334,53.85,25.9,Low,Allow with normal monitoring
VPN_1210,2026-08-25 22:44:00,VENDOR_03,USER_03,OT_07,0,0.07935728519415408,60.48,25.9,Low,Allow with normal monitoring
VPN_1637,2026-08-08 19:05:00,VENDOR_02,USER_02,OT_01,0,0.19460260452210168,66.65,25.9,Low,Allow with normal monitoring
VPN_1332,2026-08-19 21:05:00,VENDOR_09,USER_09,OT_14,0,0.09169539105036786,57.25,25.9,Low,Allow with normal monitoring
VPN_1705,2026-08-25 08:09:00,VENDOR_11,USER_11,OT_01,0,0.06439306356426201,78.15,25.9,Low,Allow with normal monitoring
VPN_1364,2026-08-11 23:59:00,VENDOR_09,USER_09,OT_08,0,0.09409410909978523,56.0,25.8,Low,Allow with normal monitoring
VPN_1899,2026-08-12 10:13:00,VENDOR_01,USER_01,OT_10,0,0.15363192006035628,76.8,25.8,Low,Allow with normal monitoring
VPN_0185,2026-08-19 01:58:00,VENDOR_01,USER_01,OT_01,0,0.04376389919725954,69.25,25.8,Low,Allow with normal monitoring
VPN_0408,2026-08-01 21:56:00,VENDOR_03,USER_03,OT_13,0,0.06129639867975839,64.75,25.8,Low,Allow with normal monitoring
VPN_1810,2026-08-15 14:16:00,VENDOR_08,USER_08,OT_05,0,0.04431602768910697,83.05,25.8,Low,Allow with normal monitoring
VPN_0214,2026-08-24 00:26:00,VENDOR_11,USER_11,OT_13,0,0.10855391968845217,52.2,25.8,Low,Allow with normal monitoring
VPN_0284,2026-08-16 01:32:00,VENDOR_11,USER_11,OT_11,0,0.16047071189618914,38.6,25.8,Low,Allow with normal monitoring
VPN_1664,2026-08-12 22:20:00,VENDOR_02,USER_02,OT_02,0,0.15865082396358363,39.15,25.8,Low,Allow with normal monitoring
VPN_1452,2026-08-14 23:17:00,VENDOR_06,USER_06,OT_02,0,0.07407477402222301,60.7,25.7,Low,Allow with normal monitoring
VPN_0022,2026-08-07 01:30:00,VENDOR_03,USER_03,OT_13,0,0.048038376100479036,67.8,25.7,Low,Allow with normal monitoring
VPN_0605,2026-08-08 00:50:00,VENDOR_09,USER_09,OT_13,0,0.0769244514531574,59.95,25.7,Low,Allow with normal monitoring
VPN_1668,2026-08-17 05:45:00,VENDOR_06,USER_06,OT_05,0,0.044916880458158774,68.65,25.7,Low,Allow with normal monitoring
VPN_1499,2026-08-22 03:48:00,VENDOR_05,USER_05,OT_09,0,0.0829229290456441,58.7,25.7,Low,Allow with normal monitoring
VPN_1985,2026-08-07 03:06:00,VENDOR_01,USER_01,OT_10,0,0.041403763818358225,69.05,25.6,Low,Allow with normal monitoring
VPN_0853,2026-08-27 23:26:00,VENDOR_09,USER_09,OT_11,0,0.14796874081808398,41.05,25.6,Low,Allow with normal monitoring
VPN_0871,2026-08-25 19:49:00,VENDOR_01,USER_01,OT_15,0,0.05637413120002517,78.7,25.6,Low,Allow with normal monitoring
VPN_0038,2026-08-24 17:16:00,VENDOR_11,USER_11,OT_05,0,0.04366115534085448,82.25,25.6,Low,Allow with normal monitoring
VPN_1941,2026-08-12 02:03:00,VENDOR_05,USER_05,OT_14,0,0.06818068264645365,61.9,25.6,Low,Allow with normal monitoring
VPN_1944,2026-08-17 02:17:00,VENDOR_09,USER_09,OT_09,0,0.06855654086432326,61.8,25.6,Low,Allow with normal monitoring
VPN_1518,2026-08-03 20:07:00,VENDOR_06,USER_06,OT_06,0,0.06778864390543932,62.0,25.6,Low,Allow with normal monitoring
VPN_1531,2026-08-23 16:48:00,VENDOR_05,USER_05,OT_07,0,0.058543117983711875,77.95,25.5,Low,Allow with normal monitoring
VPN_1961,2026-08-24 22:28:00,VENDOR_01,USER_01,OT_10,0,0.1004285175915338,53.25,25.5,Low,Allow with normal monitoring
VPN_0560,2026-08-12 18:42:00,VENDOR_03,USER_03,OT_05,0,0.058347381269533774,77.75,25.5,Low,Allow with normal monitoring
VPN_0756,2026-08-12 05:16:00,VENDOR_09,USER_09,OT_15,0,0.0840476356048619,57.4,25.5,Low,Allow with normal monitoring
VPN_0752,2026-08-20 04:36:00,VENDOR_09,USER_09,OT_12,0,0.054787660994567895,65.2,25.5,Low,Allow with normal monitoring
VPN_1906,2026-08-17 20:42:00,VENDOR_03,USER_03,OT_15,0,0.09735291669709133,53.9,25.5,Low,Allow with normal monitoring
VPN_1004,2026-08-06 12:18:00,VENDOR_04,USER_04,OT_02,0,0.05748342980217888,77.7,25.4,Low,Allow with normal monitoring
VPN_1126,2026-08-05 05:38:00,VENDOR_07,USER_07,OT_06,0,0.1275836271581658,45.45,25.4,Low,Allow with normal monitoring
VPN_1300,2026-08-26 02:02:00,VENDOR_01,USER_01,OT_06,0,0.08456184393578636,57.0,25.4,Low,Allow with normal monitoring
VPN_0368,2026-08-26 15:31:00,VENDOR_05,USER_05,OT_08,1,0.33753716025390007,26.65,25.4,Low,Allow with normal monitoring
VPN_1635,2026-08-25 21:12:00,VENDOR_03,USER_03,OT_15,0,0.05639196177191085,64.45,25.4,Low,Allow with normal monitoring
VPN_1406,2026-08-20 02:49:00,VENDOR_10,USER_10,OT_06,0,0.1500813507703406,39.4,25.4,Low,Allow with normal monitoring
VPN_0856,2026-08-10 04:49:00,VENDOR_08,USER_08,OT_13,1,0.1678442332523287,34.5,25.3,Low,Allow with normal monitoring
VPN_0543,2026-08-18 13:41:00,VENDOR_04,USER_04,OT_08,0,0.1471840276484116,76.35,25.3,Low,Allow with normal monitoring
VPN_1037,2026-08-30 00:05:00,VENDOR_10,USER_10,OT_07,0,0.0682159543856966,60.85,25.3,Low,Allow with normal monitoring
VPN_0811,2026-08-31 03:06:00,VENDOR_11,USER_11,OT_06,0,0.09442063830625434,53.55,25.3,Low,Allow with normal monitoring
VPN_1534,2026-08-17 22:42:00,VENDOR_11,USER_11,OT_08,0,0.0689106530328566,60.48,25.3,Low,Allow with normal monitoring
VPN_0353,2026-08-21 20:51:00,VENDOR_10,USER_10,OT_13,0,0.06519072617301797,61.65,25.3,Low,Allow with normal monitoring
VPN_1598,2026-08-09 04:50:00,VENDOR_06,USER_06,OT_06,0,0.1432975146634656,41.05,25.3,Low,Allow with normal monitoring
VPN_1832,2026-08-25 03:14:00,VENDOR_09,USER_09,OT_08,0,0.041934205359902374,67.65,25.3,Low,Allow with normal monitoring
VPN_0508,2026-08-19 20:25:00,VENDOR_06,USER_06,OT_10,0,0.07745331506450057,58.1,25.3,Low,Allow with normal monitoring
VPN_0255,2026-08-07 19:04:00,VENDOR_05,USER_05,OT_08,0,0.17684187983533586,68.35,25.3,Low,Allow with normal monitoring
VPN_1396,2026-08-03 07:55:00,VENDOR_06,USER_06,OT_13,0,0.05639386121233042,77.55,25.3,Low,Allow with normal monitoring
VPN_1001,2026-08-30 04:15:00,VENDOR_08,USER_08,OT_12,0,0.08271597386747606,56.95,25.3,Low,Allow with normal monitoring
VPN_1188,2026-08-28 06:20:00,VENDOR_06,USER_06,OT_04,0,0.17431494057236768,68.5,25.2,Low,Allow with normal monitoring
VPN_0105,2026-08-18 13:37:00,VENDOR_02,USER_02,OT_04,0,0.19051848698651166,64.3,25.2,Low,Allow with normal monitoring
VPN_1997,2026-08-18 05:51:00,VENDOR_01,USER_01,OT_12,0,0.040318471164528656,67.6,25.2,Low,Allow with normal monitoring
VPN_0544,2026-08-26 01:40:00,VENDOR_11,USER_11,OT_11,0,0.19214202053647547,27.75,25.2,Low,Allow with normal monitoring
VPN_1306,2026-08-01 02:47:00,VENDOR_09,USER_09,OT_14,0,0.09772361367119929,52.4,25.2,Low,Allow with normal monitoring
VPN_0183,2026-08-28 12:11:00,VENDOR_12,USER_12,OT_08,0,0.25304734578892063,47.62,25.2,Low,Allow with normal monitoring
VPN_1449,2026-08-30 23:46:00,VENDOR_09,USER_09,OT_01,0,0.09013143930197925,54.08,25.1,Low,Allow with normal monitoring
VPN_1610,2026-08-09 09:32:00,VENDOR_06,USER_06,OT_05,0,0.045540028526798705,79.45,25.1,Low,Allow with normal monitoring
VPN_1082,2026-08-28 20:57:00,VENDOR_11,USER_11,OT_05,0,0.07296299869409162,58.35,25.1,Low,Allow with normal monitoring
VPN_1194,2026-08-18 20:20:00,VENDOR_01,USER_01,OT_08,0,0.05302654901133567,63.85,25.1,Low,Allow with normal monitoring
VPN_1136,2026-08-30 20:50:00,VENDOR_07,USER_07,OT_11,0,0.13710602210830783,41.22,25.0,Low,Allow with normal monitoring
VPN_0062,2026-08-05 02:29:00,VENDOR_01,USER_01,OT_10,0,0.08103657009804616,56.05,25.0,Low,Allow with normal monitoring
VPN_1989,2026-08-07 06:55:00,VENDOR_08,USER_08,OT_15,0,0.10497805411510001,86.15,25.0,Low,Allow with normal monitoring
VPN_0688,2026-08-18 05:52:00,VENDOR_10,USER_10,OT_13,0,0.0733706132596966,57.75,25.0,Low,Allow with normal monitoring
VPN_0576,2026-08-17 18:06:00,VENDOR_05,USER_05,OT_08,0,0.1519478408637227,73.4,25.0,Low,Allow with normal monitoring
VPN_0123,2026-08-18 03:06:00,VENDOR_08,USER_08,OT_15,0,0.09553308382998757,52.3,25.0,Low,Allow with normal monitoring
VPN_0965,2026-08-27 05:11:00,VENDOR_07,USER_07,OT_03,0,0.11428548928966986,46.7,24.9,Low,Allow with normal monitoring
VPN_1894,2026-08-08 03:47:00,VENDOR_09,USER_09,OT_04,0,0.05458849045298426,62.5,24.9,Low,Allow with normal monitoring
VPN_1073,2026-08-29 21:31:00,VENDOR_10,USER_10,OT_13,0,0.06876309049967909,58.65,24.9,Low,Allow with normal monitoring
VPN_1375,2026-08-21 21:36:00,VENDOR_09,USER_09,OT_10,0,0.03148735070932717,68.55,24.9,Low,Allow with normal monitoring
VPN_1656,2026-08-14 05:13:00,VENDOR_09,USER_09,OT_14,0,0.08330749101104729,54.8,24.9,Low,Allow with normal monitoring
VPN_0209,2026-08-27 05:04:00,VENDOR_04,USER_04,OT_13,0,0.11753888652345486,45.35,24.8,Low,Allow with normal monitoring
VPN_1145,2026-08-02 11:28:00,VENDOR_01,USER_01,OT_13,0,0.13859673350548413,76.2,24.8,Low,Allow with normal monitoring
VPN_1812,2026-08-22 00:20:00,VENDOR_11,USER_11,OT_10,0,0.10141465194274116,49.7,24.8,Low,Allow with normal monitoring
VPN_0384,2026-08-11 05:01:00,VENDOR_11,USER_11,OT_14,0,0.044083313438701976,64.8,24.8,Low,Allow with normal monitoring
VPN_1949,2026-08-18 05:46:00,VENDOR_03,USER_03,OT_08,0,0.10737620975847481,48.1,24.8,Low,Allow with normal monitoring
VPN_0577,2026-08-21 18:48:00,VENDOR_07,USER_07,OT_11,0,0.15112458518343208,73.1,24.8,Low,Allow with normal monitoring
VPN_0778,2026-08-03 23:31:00,VENDOR_06,USER_06,OT_03,0,0.12700599382912658,42.9,24.8,Low,Allow with normal monitoring
VPN_1241,2026-08-04 22:49:00,VENDOR_10,USER_10,OT_13,0,0.0692242434371688,57.95,24.8,Low,Allow with normal monitoring
VPN_0538,2026-08-16 05:41:00,VENDOR_09,USER_09,OT_03,0,0.05152080141167885,63.0,24.8,Low,Allow with normal monitoring
VPN_0810,2026-08-26 22:50:00,VENDOR_07,USER_07,OT_13,0,0.12381707605168048,43.4,24.7,Low,Allow with normal monitoring
VPN_1248,2026-08-25 02:53:00,VENDOR_09,USER_09,OT_06,0,0.03906928414354993,65.4,24.7,Low,Allow with normal monitoring
VPN_0808,2026-08-09 02:45:00,VENDOR_06,USER_06,OT_06,0,0.08092727074764249,54.25,24.6,Low,Allow with normal monitoring
VPN_0321,2026-08-01 23:07:00,VENDOR_12,USER_12,OT_12,0,0.06484622226770112,58.2,24.6,Low,Allow with normal monitoring
VPN_1348,2026-08-26 01:47:00,VENDOR_08,USER_08,OT_09,0,0.10124615145549219,48.8,24.6,Low,Allow with normal monitoring
VPN_1367,2026-08-28 07:27:00,VENDOR_12,USER_12,OT_02,0,0.04008521997770725,78.3,24.6,Low,Allow with normal monitoring
VPN_0082,2026-08-29 04:54:00,VENDOR_03,USER_03,OT_13,0,0.06494211588206447,58.4,24.6,Low,Allow with normal monitoring
VPN_0278,2026-08-19 12:34:00,VENDOR_04,USER_04,OT_15,0,0.045131792984548426,77.35,24.6,Low,Allow with normal monitoring
VPN_1286,2026-08-22 23:18:00,VENDOR_10,USER_10,OT_10,0,0.056263408383973215,60.4,24.6,Low,Allow with normal monitoring
VPN_0282,2026-08-27 09:46:00,VENDOR_06,USER_06,OT_15,0,0.043912834689297006,77.3,24.6,Low,Allow with normal monitoring
VPN_0469,2026-08-06 04:34:00,VENDOR_08,USER_08,OT_13,0,0.12795372398365007,41.15,24.5,Low,Allow with normal monitoring
VPN_1923,2026-08-21 02:22:00,VENDOR_02,USER_02,OT_06,0,0.10946145655840336,46.0,24.5,Low,Allow with normal monitoring
VPN_0798,2026-08-30 19:38:00,VENDOR_04,USER_04,OT_11,0,0.08438901132091882,89.3,24.5,Low,Allow with normal monitoring
VPN_0006,2026-08-23 02:15:00,VENDOR_02,USER_02,OT_13,0,0.12928691740420145,41.05,24.5,Low,Allow with normal monitoring
VPN_1780,2026-08-02 01:10:00,VENDOR_05,USER_05,OT_10,0,0.051592510095682234,61.3,24.5,Low,Allow with normal monitoring
VPN_1024,2026-08-31 03:54:00,VENDOR_07,USER_07,OT_03,0,0.129042452347715,40.95,24.5,Low,Allow with normal monitoring
VPN_1147,2026-08-21 19:31:00,VENDOR_04,USER_04,OT_02,0,0.03917194744492962,78.4,24.5,Low,Allow with normal monitoring
VPN_1800,2026-08-19 18:41:00,VENDOR_01,USER_01,OT_01,0,0.1330965409987078,76.15,24.5,Low,Allow with normal monitoring
VPN_1600,2026-08-30 05:11:00,VENDOR_09,USER_09,OT_13,0,0.04700568810713643,62.42,24.5,Low,Allow with normal monitoring
VPN_0201,2026-08-15 09:24:00,VENDOR_03,USER_03,OT_05,0,0.03869285423180096,77.85,24.4,Low,Allow with normal monitoring
VPN_1169,2026-08-20 02:10:00,VENDOR_07,USER_07,OT_14,0,0.10422310049146469,47.18,24.4,Low,Allow with normal monitoring
VPN_1206,2026-08-24 07:15:00,VENDOR_11,USER_11,OT_15,0,0.11619594495265641,80.1,24.4,Low,Allow with normal monitoring
VPN_0511,2026-08-12 22:17:00,VENDOR_10,USER_10,OT_11,0,0.14106154569070098,37.25,24.4,Low,Allow with normal monitoring
VPN_0652,2026-08-01 00:27:00,VENDOR_03,USER_03,OT_12,0,0.07071666854504068,55.4,24.3,Low,Allow with normal monitoring
VPN_1943,2026-08-31 04:17:00,VENDOR_09,USER_09,OT_05,0,0.0475639864124364,61.5,24.3,Low,Allow with normal monitoring
VPN_1718,2026-08-06 22:56:00,VENDOR_03,USER_03,OT_03,0,0.16644010373465498,30.25,24.3,Low,Allow with normal monitoring
VPN_1418,2026-08-17 04:51:00,VENDOR_01,USER_01,OT_07,0,0.035511231516707216,64.7,24.3,Low,Allow with normal monitoring
VPN_1059,2026-08-01 00:21:00,VENDOR_03,USER_03,OT_12,0,0.07071666854504068,55.5,24.3,Low,Allow with normal monitoring
VPN_0850,2026-08-17 05:20:00,VENDOR_11,USER_11,OT_02,0,0.11230359961406532,44.7,24.3,Low,Allow with normal monitoring
VPN_1797,2026-08-08 23:11:00,VENDOR_02,USER_02,OT_02,0,0.11804752636227736,42.8,24.3,Low,Allow with normal monitoring
VPN_0429,2026-08-15 19:00:00,VENDOR_08,USER_08,OT_15,0,0.1339095125411653,74.8,24.2,Low,Allow with normal monitoring
VPN_0747,2026-08-14 01:30:00,VENDOR_05,USER_05,OT_11,0,0.14281849356950055,36.1,24.2,Low,Allow with normal monitoring
VPN_0813,2026-08-27 00:39:00,VENDOR_07,USER_07,OT_05,0,0.1047400061807826,46.05,24.2,Low,Allow with normal monitoring
VPN_0292,2026-08-26 09:02:00,VENDOR_11,USER_11,OT_13,0,0.13294572383578823,75.15,24.2,Low,Allow with normal monitoring
VPN_1711,2026-08-02 13:34:00,VENDOR_02,USER_02,OT_12,0,0.09760511859307122,84.15,24.2,Low,Allow with normal monitoring
VPN_0606,2026-08-19 02:28:00,VENDOR_05,USER_05,OT_05,0,0.06086418019176671,57.65,24.2,Low,Allow with normal monitoring
VPN_1183,2026-08-28 02:23:00,VENDOR_05,USER_05,OT_09,0,0.1021321459084387,46.85,24.2,Low,Allow with normal monitoring
VPN_0540,2026-08-07 05:13:00,VENDOR_09,USER_09,OT_12,0,0.03542888428253628,63.9,24.1,Low,Allow with normal monitoring
VPN_1865,2026-08-07 01:25:00,VENDOR_05,USER_05,OT_15,0,0.06898478066734398,55.15,24.1,Low,Allow with normal monitoring
VPN_1134,2026-08-03 22:49:00,VENDOR_10,USER_10,OT_06,0,0.0723818585338857,54.0,24.1,Low,Allow with normal monitoring
VPN_0869,2026-08-14 15:55:00,VENDOR_05,USER_05,OT_03,0,0.08820297556523995,86.4,24.1,Low,Allow with normal monitoring
VPN_1179,2026-08-09 15:39:00,VENDOR_09,USER_09,OT_02,0,0.1223485247506357,77.45,24.1,Low,Allow with normal monitoring
VPN_1331,2026-08-25 09:14:00,VENDOR_05,USER_05,OT_03,0,0.0902702685329701,85.8,24.1,Low,Allow with normal monitoring
VPN_1759,2026-08-07 19:46:00,VENDOR_04,USER_04,OT_13,0,0.035862080636293904,77.5,24.1,Low,Allow with normal monitoring
VPN_0559,2026-08-31 01:37:00,VENDOR_08,USER_08,OT_09,0,0.0995882432314188,46.25,24.0,Low,Allow with normal monitoring
VPN_1626,2026-08-04 04:31:00,VENDOR_06,USER_06,OT_07,0,0.09704827306162628,46.95,24.0,Low,Allow with normal monitoring
VPN_0915,2026-08-22 02:49:00,VENDOR_01,USER_01,OT_09,0,0.0874101815233001,49.6,24.0,Low,Allow with normal monitoring
VPN_1162,2026-08-30 22:51:00,VENDOR_05,USER_05,OT_03,0,0.10557504418692686,45.1,24.0,Low,Allow with normal monitoring
VPN_1599,2026-08-19 11:47:00,VENDOR_07,USER_07,OT_04,0,0.15209856414812076,69.1,24.0,Low,Allow with normal monitoring
VPN_0934,2026-08-13 06:26:00,VENDOR_11,USER_11,OT_14,0,0.15641915636858308,67.95,24.0,Low,Allow with normal monitoring
VPN_0661,2026-08-30 02:29:00,VENDOR_12,USER_12,OT_04,0,0.0549499056114355,58.05,24.0,Low,Allow with normal monitoring
VPN_0034,2026-08-20 19:59:00,VENDOR_07,USER_07,OT_08,0,0.24066108486029986,45.7,24.0,Low,Allow with normal monitoring
VPN_0669,2026-08-20 21:44:00,VENDOR_03,USER_03,OT_13,0,0.08458681291776785,49.85,23.9,Low,Allow with normal monitoring
VPN_0259,2026-08-12 06:25:00,VENDOR_10,USER_10,OT_13,0,0.1079149117722758,80.4,23.9,Low,Allow with normal monitoring
VPN_1639,2026-08-21 00:22:00,VENDOR_09,USER_09,OT_04,0,0.09443032380073846,47.35,23.9,Low,Allow with normal monitoring
VPN_1519,2026-08-04 04:46:00,VENDOR_03,USER_03,OT_12,0,0.04204037499378948,61.4,23.9,Low,Allow with normal monitoring
VPN_1629,2026-08-12 21:39:00,VENDOR_10,USER_10,OT_09,0,0.08535833128968097,49.75,23.9,Low,Allow with normal monitoring
VPN_1924,2026-08-16 14:54:00,VENDOR_09,USER_09,OT_01,0,0.12436823130774372,75.4,23.8,Low,Allow with normal monitoring
VPN_1608,2026-08-04 12:09:00,VENDOR_01,USER_01,OT_04,0,0.08285782249673143,86.2,23.8,Low,Allow with normal monitoring
VPN_1398,2026-08-28 05:43:00,VENDOR_12,USER_12,OT_13,0,0.051565742991657865,58.15,23.8,Low,Allow with normal monitoring
VPN_0025,2026-08-21 22:01:00,VENDOR_09,USER_09,OT_01,0,0.03161854041653344,63.65,23.8,Low,Allow with normal monitoring
VPN_1927,2026-08-30 15:06:00,VENDOR_06,USER_06,OT_03,0,0.16382491075621677,64.85,23.8,Low,Allow with normal monitoring
VPN_1320,2026-08-25 06:53:00,VENDOR_05,USER_05,OT_04,0,0.12151542032916865,76.0,23.8,Low,Allow with normal monitoring
VPN_0448,2026-08-27 02:31:00,VENDOR_07,USER_07,OT_15,0,0.11147795019225588,42.38,23.8,Low,Allow with normal monitoring
VPN_0567,2026-08-27 14:21:00,VENDOR_08,USER_08,OT_04,0,0.08501243671049705,85.6,23.8,Low,Allow with normal monitoring
VPN_1741,2026-08-02 23:44:00,VENDOR_11,USER_11,OT_01,0,0.04745540542965321,59.25,23.8,Low,Allow with normal monitoring
VPN_1258,2026-08-11 03:08:00,VENDOR_05,USER_05,OT_10,0,0.037679446328953585,61.45,23.7,Low,Allow with normal monitoring
VPN_1678,2026-08-22 00:56:00,VENDOR_08,USER_08,OT_10,0,0.09774148329267121,45.75,23.7,Low,Allow with normal monitoring
VPN_1537,2026-08-02 14:56:00,VENDOR_11,USER_11,OT_15,0,0.12032761948404633,76.1,23.7,Low,Allow with normal monitoring
VPN_0771,2026-08-05 21:14:00,VENDOR_03,USER_03,OT_07,0,0.11873045686608806,39.9,23.7,Low,Allow with normal monitoring
VPN_0546,2026-08-17 00:39:00,VENDOR_04,USER_04,OT_05,0,0.10567823066729795,43.3,23.7,Low,Allow with normal monitoring
VPN_0377,2026-08-04 23:38:00,VENDOR_07,USER_07,OT_08,0,0.080969086118852,50.0,23.7,Low,Allow with normal monitoring
VPN_1233,2026-08-29 04:06:00,VENDOR_03,USER_03,OT_13,0,0.07959692785131976,50.55,23.7,Low,Allow with normal monitoring
VPN_1298,2026-08-01 03:32:00,VENDOR_12,USER_12,OT_07,0,0.03600639582127043,61.95,23.7,Low,Allow with normal monitoring
VPN_1792,2026-08-27 02:44:00,VENDOR_12,USER_12,OT_13,0,0.0728187679774739,51.95,23.7,Low,Allow with normal monitoring
VPN_1962,2026-08-30 22:37:00,VENDOR_10,USER_10,OT_04,0,0.16178361934743518,28.65,23.7,Low,Allow with normal monitoring
VPN_1786,2026-08-02 20:00:00,VENDOR_04,USER_04,OT_03,0,0.12323009275955013,38.5,23.6,Low,Allow with normal monitoring
VPN_0304,2026-08-08 09:14:00,VENDOR_11,USER_11,OT_01,0,0.12180599061591116,75.05,23.6,Low,Allow with normal monitoring
VPN_1216,2026-08-13 09:38:00,VENDOR_07,USER_07,OT_01,0,0.08715718775499003,84.2,23.6,Low,Allow with normal monitoring
VPN_0045,2026-08-07 03:19:00,VENDOR_04,USER_04,OT_09,0,0.10684862057077961,42.6,23.6,Low,Allow with normal monitoring
VPN_0276,2026-08-13 10:38:00,VENDOR_05,USER_05,OT_03,0,0.1236378604118366,74.85,23.6,Low,Allow with normal monitoring
VPN_0460,2026-08-12 14:48:00,VENDOR_05,USER_05,OT_04,0,0.15420504865204313,66.5,23.6,Low,Allow with normal monitoring
VPN_1517,2026-08-13 19:35:00,VENDOR_03,USER_03,OT_09,0,0.08578049425075235,84.3,23.5,Low,Allow with normal monitoring
VPN_0450,2026-08-23 01:08:00,VENDOR_02,USER_02,OT_14,0,0.0682019077854898,52.35,23.5,Low,Allow with normal monitoring
VPN_1919,2026-08-10 21:48:00,VENDOR_11,USER_11,OT_13,0,0.058560267531160975,54.45,23.4,Low,Allow with normal monitoring
VPN_0370,2026-08-14 18:12:00,VENDOR_03,USER_03,OT_14,0,0.11050119922584661,77.1,23.4,Low,Allow with normal monitoring
VPN_0664,2026-08-08 17:05:00,VENDOR_11,USER_11,OT_05,0,0.0568221354580086,90.8,23.3,Low,Allow with normal monitoring
VPN_1929,2026-08-15 15:38:00,VENDOR_10,USER_10,OT_07,0,0.12659402022944982,72.35,23.3,Low,Allow with normal monitoring
VPN_0367,2026-08-10 20:16:00,VENDOR_03,USER_03,OT_11,0,0.11357564508731202,39.45,23.3,Low,Allow with normal monitoring
VPN_0226,2026-08-16 01:03:00,VENDOR_08,USER_08,OT_06,0,0.08775042837867285,46.3,23.3,Low,Allow with normal monitoring
VPN_0271,2026-08-27 04:34:00,VENDOR_11,USER_11,OT_03,0,0.08739783015126801,46.35,23.3,Low,Allow with normal monitoring
VPN_1876,2026-08-21 11:01:00,VENDOR_04,USER_04,OT_11,0,0.12001112345407328,74.35,23.3,Low,Allow with normal monitoring
VPN_1146,2026-08-27 21:19:00,VENDOR_02,USER_02,OT_06,0,0.12242099433700575,37.4,23.3,Low,Allow with normal monitoring
VPN_0067,2026-08-21 01:01:00,VENDOR_05,USER_05,OT_12,0,0.06013137997937852,53.65,23.3,Low,Allow with normal monitoring
VPN_0590,2026-08-07 04:13:00,VENDOR_04,USER_04,OT_01,0,0.039156699855637425,59.3,23.3,Low,Allow with normal monitoring
VPN_1860,2026-08-29 14:38:00,VENDOR_02,USER_02,OT_12,0,0.14790709012074477,66.75,23.3,Low,Allow with normal monitoring
VPN_0643,2026-08-14 05:13:00,VENDOR_04,USER_04,OT_02,0,0.06848293673721817,51.0,23.2,Low,Allow with normal monitoring
VPN_1232,2026-08-28 00:22:00,VENDOR_08,USER_08,OT_05,0,0.09180915457903735,44.78,23.2,Low,Allow with normal monitoring
VPN_0619,2026-08-04 11:16:00,VENDOR_08,USER_08,OT_11,0,0.0840145311619972,83.4,23.2,Low,Allow with normal monitoring
VPN_0080,2026-08-01 18:50:00,VENDOR_05,USER_05,OT_04,0,0.22319420324551578,46.75,23.2,Low,Allow with normal monitoring
VPN_0741,2026-08-27 03:00:00,VENDOR_02,USER_02,OT_12,0,0.06848208528512562,51.25,23.2,Low,Allow with normal monitoring
VPN_1794,2026-08-26 09:15:00,VENDOR_10,USER_10,OT_03,0,0.06072799201095002,89.05,23.1,Low,Allow with normal monitoring
VPN_0248,2026-08-22 23:31:00,VENDOR_10,USER_10,OT_09,0,0.07366712409857852,49.05,23.1,Low,Allow with normal monitoring
VPN_0322,2026-08-02 04:59:00,VENDOR_05,USER_05,OT_05,0,0.06299071882206869,52.15,23.1,Low,Allow with normal monitoring
VPN_1513,2026-08-28 07:58:00,VENDOR_12,USER_12,OT_12,0,0.06869285414954682,86.65,23.0,Low,Allow with normal monitoring
VPN_0566,2026-08-25 04:35:00,VENDOR_12,USER_12,OT_11,0,0.11764496155286083,37.05,23.0,Low,Allow with normal monitoring
VPN_1316,2026-08-14 02:39:00,VENDOR_09,USER_09,OT_09,0,0.0797087078056823,47.18,23.0,Low,Allow with normal monitoring
VPN_0493,2026-08-01 19:20:00,VENDOR_03,USER_03,OT_07,0,0.10361288927005341,77.2,23.0,Low,Allow with normal monitoring
VPN_1493,2026-08-19 22:38:00,VENDOR_09,USER_09,OT_01,0,0.037187361365997304,58.45,23.0,Low,Allow with normal monitoring
VPN_0780,2026-08-10 03:19:00,VENDOR_10,USER_10,OT_11,0,0.1046242599471619,40.8,23.0,Low,Allow with normal monitoring
VPN_1131,2026-08-26 23:14:00,VENDOR_11,USER_11,OT_12,0,0.04466546642448048,55.95,22.9,Low,Allow with normal monitoring
VPN_1630,2026-08-11 08:47:00,VENDOR_07,USER_07,OT_01,0,0.10320633713422694,77.0,22.9,Low,Allow with normal monitoring
VPN_1277,2026-08-12 13:48:00,VENDOR_12,USER_12,OT_06,0,0.17351476448597813,58.3,22.9,Low,Allow with normal monitoring
VPN_1007,2026-08-15 20:10:00,VENDOR_06,USER_06,OT_12,0,0.057161016617263784,52.45,22.9,Low,Allow with normal monitoring
VPN_0366,2026-08-16 15:46:00,VENDOR_12,USER_12,OT_09,0,0.10966673009056975,74.7,22.8,Low,Allow with normal monitoring
VPN_0627,2026-08-07 02:59:00,VENDOR_09,USER_09,OT_06,0,0.038577052516754494,57.2,22.8,Low,Allow with normal monitoring
VPN_0097,2026-08-02 00:30:00,VENDOR_11,USER_11,OT_12,0,0.12230383608250973,35.2,22.8,Low,Allow with normal monitoring
VPN_1965,2026-08-11 01:27:00,VENDOR_05,USER_05,OT_01,0,0.06274910389895523,50.75,22.8,Low,Allow with normal monitoring
VPN_0243,2026-08-24 23:25:00,VENDOR_03,USER_03,OT_13,0,0.06662844188938151,49.1,22.7,Low,Allow with normal monitoring
VPN_0966,2026-08-31 04:17:00,VENDOR_08,USER_08,OT_06,0,0.10253415090757553,39.98,22.7,Low,Allow with normal monitoring
VPN_1652,2026-08-31 02:56:00,VENDOR_03,USER_03,OT_03,0,0.13616034848446007,30.95,22.7,Low,Allow with normal monitoring
VPN_1990,2026-08-09 20:29:00,VENDOR_06,USER_06,OT_15,0,0.07020893777038542,48.15,22.7,Low,Allow with normal monitoring
VPN_0416,2026-08-07 18:30:00,VENDOR_03,USER_03,OT_03,0,0.17103395814589042,58.25,22.7,Low,Allow with normal monitoring
VPN_0310,2026-08-22 10:14:00,VENDOR_04,USER_04,OT_15,0,0.10433601144978694,75.9,22.7,Low,Allow with normal monitoring
VPN_0177,2026-08-26 01:23:00,VENDOR_02,USER_02,OT_07,0,0.05619080830996089,51.7,22.6,Low,Allow with normal monitoring
VPN_1219,2026-08-29 13:19:00,VENDOR_07,USER_07,OT_05,0,0.06092722216809356,86.55,22.6,Low,Allow with normal monitoring
VPN_0814,2026-08-29 08:24:00,VENDOR_06,USER_06,OT_06,0,0.0568787052779225,87.85,22.6,Low,Allow with normal monitoring
VPN_1262,2026-08-11 05:16:00,VENDOR_10,USER_10,OT_01,0,0.06550879203345052,49.25,22.6,Low,Allow with normal monitoring
VPN_1370,2026-08-28 17:39:00,VENDOR_12,USER_12,OT_01,0,0.10958721381868056,73.7,22.6,Low,Allow with normal monitoring
VPN_0023,2026-08-06 18:07:00,VENDOR_03,USER_03,OT_04,0,0.1594523429910525,60.6,22.6,Low,Allow with normal monitoring
VPN_0842,2026-08-18 07:48:00,VENDOR_08,USER_08,OT_10,0,0.10501325991460655,75.2,22.6,Low,Allow with normal monitoring
VPN_1735,2026-08-03 04:14:00,VENDOR_09,USER_09,OT_15,0,0.04105146066158768,55.2,22.5,Low,Allow with normal monitoring
VPN_0880,2026-08-28 05:09:00,VENDOR_07,USER_07,OT_02,0,0.0917719266315406,41.65,22.5,Low,Allow with normal monitoring
VPN_1170,2026-08-07 08:17:00,VENDOR_06,USER_06,OT_01,0,0.10467145904728174,74.65,22.5,Low,Allow with normal monitoring
VPN_0737,2026-08-07 20:33:00,VENDOR_07,USER_07,OT_09,0,0.1436037923223078,28.1,22.5,Low,Allow with normal monitoring
VPN_0633,2026-08-09 18:05:00,VENDOR_02,USER_02,OT_13,0,0.170420360689046,57.35,22.5,Low,Allow with normal monitoring
VPN_0180,2026-08-09 01:01:00,VENDOR_08,USER_08,OT_08,0,0.11159295711060893,36.35,22.5,Low,Allow with normal monitoring
VPN_0785,2026-08-14 02:03:00,VENDOR_06,USER_06,OT_03,0,0.09606952394836511,39.98,22.4,Low,Allow with normal monitoring
VPN_0395,2026-08-06 10:47:00,VENDOR_07,USER_07,OT_09,0,0.12589261698923543,68.8,22.4,Low,Allow with normal monitoring
VPN_0792,2026-08-08 05:28:00,VENDOR_12,USER_12,OT_15,0,0.042569411278499905,54.35,22.4,Low,Allow with normal monitoring
VPN_0505,2026-08-19 17:51:00,VENDOR_01,USER_01,OT_14,0,0.05078820611838231,88.5,22.4,Low,Allow with normal monitoring
VPN_1314,2026-08-10 01:18:00,VENDOR_07,USER_07,OT_13,0,0.08974239656223888,41.6,22.4,Low,Allow with normal monitoring
VPN_1457,2026-08-06 19:35:00,VENDOR_12,USER_12,OT_02,0,0.06545671214173071,84.75,22.4,Low,Allow with normal monitoring
VPN_1714,2026-08-25 17:47:00,VENDOR_12,USER_12,OT_05,0,0.09499483081252051,76.55,22.4,Low,Allow with normal monitoring
VPN_1574,2026-08-15 02:53:00,VENDOR_04,USER_04,OT_02,0,0.09213861456608378,40.55,22.3,Low,Allow with normal monitoring
VPN_1552,2026-08-04 13:43:00,VENDOR_06,USER_06,OT_11,0,0.10977789518512389,72.3,22.3,Low,Allow with normal monitoring
VPN_1324,2026-08-11 09:13:00,VENDOR_07,USER_07,OT_11,0,0.11266783238653504,71.5,22.3,Low,Allow with normal monitoring
VPN_1953,2026-08-03 05:41:00,VENDOR_02,USER_02,OT_13,0,0.08932700279866655,41.3,22.3,Low,Allow with normal monitoring
VPN_1399,2026-08-12 00:28:00,VENDOR_06,USER_06,OT_07,0,0.10323402431080417,37.9,22.3,Low,Allow with normal monitoring
VPN_1527,2026-08-09 16:27:00,VENDOR_02,USER_02,OT_02,0,0.15615916949773484,60.2,22.3,Low,Allow with normal monitoring
VPN_1079,2026-08-04 13:47:00,VENDOR_10,USER_10,OT_01,0,0.09964072842386441,75.1,22.3,Low,Allow with normal monitoring
VPN_0742,2026-08-09 01:29:00,VENDOR_04,USER_04,OT_10,0,0.0628046371204271,48.3,22.3,Low,Allow with normal monitoring
VPN_0498,2026-08-29 14:22:00,VENDOR_10,USER_10,OT_03,0,0.15964584376256014,58.8,22.2,Low,Allow with normal monitoring
VPN_0689,2026-08-27 02:53:00,VENDOR_08,USER_08,OT_15,0,0.09512996864121914,39.35,22.2,Low,Allow with normal monitoring
VPN_1667,2026-08-10 16:54:00,VENDOR_06,USER_06,OT_10,0,0.10953159641513217,72.1,22.2,Low,Allow with normal monitoring
VPN_0075,2026-08-11 07:32:00,VENDOR_01,USER_01,OT_04,0,0.13316993098030983,65.65,22.2,Low,Allow with normal monitoring
VPN_1444,2026-08-04 00:20:00,VENDOR_02,USER_02,OT_13,0,0.10730104910378394,36.05,22.2,Low,Allow with normal monitoring
VPN_0419,2026-08-06 07:13:00,VENDOR_01,USER_01,OT_10,0,0.06613487707897432,83.35,22.2,Low,Allow with normal monitoring
VPN_1353,2026-08-04 21:34:00,VENDOR_07,USER_07,OT_15,0,0.057567382338573746,49.55,22.2,Low,Allow with normal monitoring
VPN_0374,2026-08-05 22:27:00,VENDOR_10,USER_10,OT_13,0,0.057328039705546244,49.45,22.2,Low,Allow with normal monitoring
VPN_1909,2026-08-26 16:15:00,VENDOR_02,USER_02,OT_01,0,0.13933853864350487,63.7,22.1,Low,Allow with normal monitoring
VPN_1218,2026-08-22 13:26:00,VENDOR_01,USER_01,OT_08,0,0.07255277663574916,81.55,22.1,Low,Allow with normal monitoring
VPN_1121,2026-08-03 08:10:00,VENDOR_12,USER_12,OT_03,0,0.11173873670908106,71.2,22.1,Low,Allow with normal monitoring
VPN_1886,2026-08-24 20:19:00,VENDOR_05,USER_05,OT_12,0,0.050980251445581125,50.8,22.1,Low,Allow with normal monitoring
VPN_0838,2026-08-28 21:51:00,VENDOR_05,USER_05,OT_12,0,0.048023500391788335,51.05,22.0,Low,Allow with normal monitoring
VPN_0398,2026-08-11 07:18:00,VENDOR_11,USER_11,OT_02,0,0.0927120870365796,75.65,22.0,Low,Allow with normal monitoring
VPN_1354,2026-08-25 07:32:00,VENDOR_04,USER_04,OT_14,0,0.047220676583972006,87.6,22.0,Low,Allow with normal monitoring
VPN_0231,2026-08-14 23:24:00,VENDOR_01,USER_01,OT_14,0,0.08363470638042989,41.75,22.0,Low,Allow with normal monitoring
VPN_1151,2026-08-05 21:30:00,VENDOR_07,USER_07,OT_05,0,0.0676399880522137,45.95,22.0,Low,Allow with normal monitoring
VPN_1991,2026-08-27 10:41:00,VENDOR_01,USER_01,OT_07,0,0.04621091468471258,87.95,22.0,Low,Allow with normal monitoring
VPN_1377,2026-08-10 00:02:00,VENDOR_08,USER_08,OT_09,0,0.11912666419710502,31.75,21.9,Low,Allow with normal monitoring
VPN_0891,2026-08-30 08:18:00,VENDOR_06,USER_06,OT_13,0,0.09574404935950033,74.5,21.9,Low,Allow with normal monitoring
VPN_1120,2026-08-12 22:34:00,VENDOR_08,USER_08,OT_11,0,0.0914587251505468,39.05,21.9,Low,Allow with normal monitoring
VPN_1570,2026-08-12 05:53:00,VENDOR_11,USER_11,OT_07,0,0.06344365135883244,45.8,21.8,Low,Allow with normal monitoring
VPN_0789,2026-08-01 23:02:00,VENDOR_07,USER_07,OT_04,0,0.11076654940086708,33.6,21.8,Low,Allow with normal monitoring
VPN_0405,2026-08-10 16:57:00,VENDOR_05,USER_05,OT_05,0,0.06200030485214507,82.8,21.8,Low,Allow with normal monitoring
VPN_1150,2026-08-14 14:57:00,VENDOR_07,USER_07,OT_13,0,0.09683197300772407,73.75,21.8,Low,Allow with normal monitoring
VPN_0909,2026-08-06 17:58:00,VENDOR_06,USER_06,OT_07,0,0.09358335177212364,74.25,21.8,Low,Allow with normal monitoring
VPN_1643,2026-08-28 18:20:00,VENDOR_03,USER_03,OT_06,0,0.09398977208698274,74.15,21.8,Low,Allow with normal monitoring
VPN_1433,2026-08-17 01:42:00,VENDOR_08,USER_08,OT_04,0,0.10632157722565375,34.58,21.8,Low,Allow with normal monitoring
VPN_1270,2026-08-14 13:50:00,VENDOR_04,USER_04,OT_11,0,0.1258894549222611,65.85,21.8,Low,Allow with normal monitoring
VPN_0140,2026-08-19 13:10:00,VENDOR_12,USER_12,OT_13,0,0.0847174472797288,76.65,21.8,Low,Allow with normal monitoring
VPN_0381,2026-08-05 03:42:00,VENDOR_06,USER_06,OT_01,0,0.0729803946627238,43.0,21.7,Low,Allow with normal monitoring
VPN_1506,2026-08-06 21:55:00,VENDOR_01,USER_01,OT_14,0,0.07159847825994528,43.35,21.7,Low,Allow with normal monitoring
VPN_0967,2026-08-12 18:02:00,VENDOR_04,USER_04,OT_14,0,0.06149101519866307,82.6,21.7,Low,Allow with normal monitoring
VPN_0396,2026-08-09 08:28:00,VENDOR_10,USER_10,OT_15,0,0.04696126857036515,86.35,21.7,Low,Allow with normal monitoring
VPN_0902,2026-08-18 22:12:00,VENDOR_05,USER_05,OT_01,0,0.053842737138746426,47.9,21.7,Low,Allow with normal monitoring
VPN_0146,2026-08-07 01:24:00,VENDOR_11,USER_11,OT_03,0,0.0837218392479197,40.1,21.7,Low,Allow with normal monitoring
VPN_0299,2026-08-24 04:36:00,VENDOR_06,USER_06,OT_12,0,0.07289875525647156,42.55,21.6,Low,Allow with normal monitoring
VPN_1221,2026-08-22 13:22:00,VENDOR_01,USER_01,OT_03,0,0.09476549578247757,73.0,21.6,Low,Allow with normal monitoring
VPN_1400,2026-08-13 20:23:00,VENDOR_01,USER_01,OT_02,0,0.05121869298131168,48.45,21.6,Low,Allow with normal monitoring
VPN_0933,2026-08-21 23:31:00,VENDOR_09,USER_09,OT_14,0,0.03305115335042437,53.15,21.6,Low,Allow with normal monitoring
VPN_0984,2026-08-20 05:38:00,VENDOR_06,USER_06,OT_14,0,0.10891686385947767,33.1,21.6,Low,Allow with normal monitoring
VPN_1291,2026-08-11 16:17:00,VENDOR_09,USER_09,OT_09,0,0.08525442414557868,75.3,21.5,Low,Allow with normal monitoring
VPN_0485,2026-08-28 09:17:00,VENDOR_11,USER_11,OT_01,0,0.0780310426550541,77.05,21.5,Low,Allow with normal monitoring
VPN_0551,2026-08-22 02:51:00,VENDOR_04,USER_04,OT_10,0,0.0727215910543996,42.3,21.5,Low,Allow with normal monitoring
VPN_0788,2026-08-25 22:08:00,VENDOR_03,USER_03,OT_14,0,0.0608103026274413,45.5,21.5,Low,Allow with normal monitoring
VPN_0005,2026-08-15 22:55:00,VENDOR_12,USER_12,OT_15,0,0.07128618844154762,42.75,21.5,Low,Allow with normal monitoring
VPN_1751,2026-08-01 02:45:00,VENDOR_04,USER_04,OT_09,0,0.10254866935972602,34.45,21.5,Low,Allow with normal monitoring
VPN_1981,2026-08-24 19:30:00,VENDOR_07,USER_07,OT_02,0,0.05778229833141826,82.55,21.5,Low,Allow with normal monitoring
VPN_1986,2026-08-23 17:47:00,VENDOR_11,USER_11,OT_01,0,0.05189569599050142,83.55,21.4,Low,Allow with normal monitoring
VPN_0222,2026-08-24 23:31:00,VENDOR_12,USER_12,OT_12,0,0.05435476164384286,46.6,21.4,Low,Allow with normal monitoring
VPN_1859,2026-08-05 23:04:00,VENDOR_01,USER_01,OT_03,0,0.08832272811178662,37.48,21.4,Low,Allow with normal monitoring
VPN_0251,2026-08-22 22:25:00,VENDOR_02,USER_02,OT_15,0,0.11165874425155925,31.4,21.4,Low,Allow with normal monitoring
VPN_0461,2026-08-12 10:44:00,VENDOR_07,USER_07,OT_07,0,0.08844203159897866,74.05,21.4,Low,Allow with normal monitoring
VPN_1485,2026-08-12 12:19:00,VENDOR_06,USER_06,OT_11,0,0.10335459301489366,70.0,21.4,Low,Allow with normal monitoring
VPN_1103,2026-08-07 12:56:00,VENDOR_06,USER_06,OT_01,0,0.058776103419814645,81.85,21.4,Low,Allow with normal monitoring
VPN_1345,2026-08-22 09:05:00,VENDOR_12,USER_12,OT_03,0,0.10771919643767058,68.85,21.4,Low,Allow with normal monitoring
VPN_0402,2026-08-30 00:10:00,VENDOR_02,USER_02,OT_06,0,0.1016659644843232,33.45,21.3,Low,Allow with normal monitoring
VPN_0422,2026-08-07 03:53:00,VENDOR_02,USER_02,OT_14,0,0.054107783271996675,46.2,21.3,Low,Allow with normal monitoring
VPN_1837,2026-08-17 02:49:00,VENDOR_12,USER_12,OT_07,0,0.07238275632112098,41.22,21.3,Low,Allow with normal monitoring
VPN_0841,2026-08-22 12:38:00,VENDOR_07,USER_07,OT_11,0,0.09583807152721702,71.75,21.3,Low,Allow with normal monitoring
VPN_0117,2026-08-16 05:24:00,VENDOR_12,USER_12,OT_11,0,0.09322570336355107,35.8,21.3,Low,Allow with normal monitoring
VPN_0331,2026-08-30 02:54:00,VENDOR_06,USER_06,OT_07,0,0.07457377525962205,40.9,21.3,Low,Allow with normal monitoring
VPN_0301,2026-08-07 03:26:00,VENDOR_11,USER_11,OT_11,0,0.13542532712341343,24.55,21.3,Low,Allow with normal monitoring
VPN_0333,2026-08-15 13:49:00,VENDOR_07,USER_07,OT_14,0,0.05667022218598726,81.7,21.3,Low,Allow with normal monitoring
VPN_0749,2026-08-07 18:22:00,VENDOR_04,USER_04,OT_04,0,0.15960286781362126,54.85,21.3,Low,Allow with normal monitoring
VPN_1176,2026-08-02 21:56:00,VENDOR_09,USER_09,OT_03,0,0.09281585746694418,35.45,21.2,Low,Allow with normal monitoring
VPN_0523,2026-08-02 01:09:00,VENDOR_04,USER_04,OT_14,0,0.07586991371888897,39.85,21.2,Low,Allow with normal monitoring
VPN_0632,2026-08-02 09:04:00,VENDOR_04,USER_04,OT_06,0,0.10915381867951306,67.75,21.2,Low,Allow with normal monitoring
VPN_0314,2026-08-18 08:09:00,VENDOR_10,USER_10,OT_06,0,0.10280724582615876,69.3,21.2,Low,Allow with normal monitoring
VPN_1753,2026-08-17 16:19:00,VENDOR_07,USER_07,OT_14,0,0.09390160380710026,71.1,21.1,Low,Allow with normal monitoring
VPN_1389,2026-08-28 01:23:00,VENDOR_08,USER_08,OT_13,0,0.1101627262871516,30.5,21.1,Low,Allow with normal monitoring
VPN_1394,2026-08-28 05:32:00,VENDOR_02,USER_02,OT_11,0,0.0957264733113045,34.2,21.1,Low,Allow with normal monitoring
VPN_1344,2026-08-22 04:56:00,VENDOR_02,USER_02,OT_05,0,0.07197833733335626,40.35,21.1,Low,Allow with normal monitoring
VPN_0088,2026-08-05 13:14:00,VENDOR_12,USER_12,OT_07,1,0.09689877826102059,69.8,21.0,Low,Allow with normal monitoring
VPN_1606,2026-08-20 22:29:00,VENDOR_10,USER_10,OT_09,0,0.08742191978697877,36.25,21.0,Low,Allow with normal monitoring
VPN_1634,2026-08-11 07:51:00,VENDOR_05,USER_05,OT_02,0,0.09597176404049587,70.15,21.0,Low,Allow with normal monitoring
VPN_0888,2026-08-06 18:31:00,VENDOR_03,USER_03,OT_12,0,0.09781667399720004,69.45,21.0,Low,Allow with normal monitoring
VPN_1745,2026-08-18 04:56:00,VENDOR_11,USER_11,OT_01,0,0.05346310679841286,44.85,21.0,Low,Allow with normal monitoring
VPN_1481,2026-08-23 00:19:00,VENDOR_08,USER_08,OT_04,0,0.13942609521021604,22.5,21.0,Low,Allow with normal monitoring
VPN_0678,2026-08-22 07:18:00,VENDOR_01,USER_01,OT_12,0,0.07537164002484278,75.35,20.9,Low,Allow with normal monitoring
VPN_0431,2026-08-04 00:04:00,VENDOR_02,USER_02,OT_10,0,0.08945868412132084,35.05,20.9,Low,Allow with normal monitoring
VPN_0372,2026-08-13 20:29:00,VENDOR_04,USER_04,OT_04,0,0.08134752671864451,37.3,20.9,Low,Allow with normal monitoring
VPN_0535,2026-08-11 21:39:00,VENDOR_01,USER_01,OT_07,0,0.04682629293239056,46.1,20.9,Low,Allow with normal monitoring
VPN_1104,2026-08-02 21:23:00,VENDOR_12,USER_12,OT_02,0,0.05160366949607742,45.05,20.9,Low,Allow with normal monitoring
VPN_1903,2026-08-31 01:07:00,VENDOR_11,USER_11,OT_15,0,0.09679137583263935,33.0,20.9,Low,Allow with normal monitoring
VPN_0106,2026-08-11 20:07:00,VENDOR_08,USER_08,OT_01,0,0.07548872995926847,38.1,20.8,Low,Allow with normal monitoring
VPN_1627,2026-08-23 18:46:00,VENDOR_10,USER_10,OT_03,0,0.15974825365475315,52.25,20.8,Low,Allow with normal monitoring
VPN_0344,2026-08-10 01:20:00,VENDOR_08,USER_08,OT_05,0,0.08955579820464774,34.4,20.8,Low,Allow with normal monitoring
VPN_1724,2026-08-06 12:37:00,VENDOR_12,USER_12,OT_11,0,0.08431920846075247,72.2,20.8,Low,Allow with normal monitoring
VPN_1108,2026-08-25 02:58:00,VENDOR_09,USER_09,OT_08,0,0.07109542419472674,39.65,20.8,Low,Allow with normal monitoring
VPN_1723,2026-08-22 20:03:00,VENDOR_12,USER_12,OT_13,0,0.09134638609746548,34.0,20.8,Low,Allow with normal monitoring
VPN_0728,2026-08-28 14:28:00,VENDOR_05,USER_05,OT_15,0,0.12863773573343054,60.65,20.8,Low,Allow with normal monitoring
VPN_0884,2026-08-22 04:41:00,VENDOR_10,USER_10,OT_05,0,0.0910225318142785,34.1,20.8,Low,Allow with normal monitoring
VPN_0863,2026-08-08 10:24:00,VENDOR_05,USER_05,OT_01,0,0.0779803045687761,74.1,20.8,Low,Allow with normal monitoring
VPN_1760,2026-08-02 18:09:00,VENDOR_12,USER_12,OT_01,0,0.09830345654926617,68.6,20.8,Low,Allow with normal monitoring
VPN_0620,2026-08-14 12:21:00,VENDOR_03,USER_03,OT_10,0,0.10500608393780464,66.95,20.8,Low,Allow with normal monitoring
VPN_0198,2026-08-28 22:47:00,VENDOR_12,USER_12,OT_06,0,0.05711891777538096,43.2,20.8,Low,Allow with normal monitoring
VPN_1213,2026-08-13 03:36:00,VENDOR_04,USER_04,OT_11,0,0.11633485147353166,27.55,20.8,Low,Allow with normal monitoring
VPN_0203,2026-08-17 20:59:00,VENDOR_04,USER_04,OT_13,0,0.09610566044650001,32.65,20.8,Low,Allow with normal monitoring
VPN_0945,2026-08-24 00:11:00,VENDOR_07,USER_07,OT_14,0,0.12214101933497988,26.2,20.8,Low,Allow with normal monitoring
VPN_1482,2026-08-31 11:08:00,VENDOR_09,USER_09,OT_07,0,0.1015191688032504,67.25,20.7,Low,Allow with normal monitoring
VPN_0991,2026-08-27 02:36:00,VENDOR_11,USER_11,OT_07,0,0.06721185644464628,39.8,20.7,Low,Allow with normal monitoring
VPN_1132,2026-08-18 04:01:00,VENDOR_10,USER_10,OT_10,0,0.0596340051723958,42.05,20.7,Low,Allow with normal monitoring
VPN_0294,2026-08-11 21:06:00,VENDOR_10,USER_10,OT_06,0,0.0723506713741174,38.75,20.7,Low,Allow with normal monitoring
VPN_0837,2026-08-25 02:56:00,VENDOR_11,USER_11,OT_01,0,0.06770364225917513,39.2,20.6,Low,Allow with normal monitoring
VPN_0758,2026-08-16 03:35:00,VENDOR_12,USER_12,OT_10,0,0.06492693597698332,40.3,20.6,Low,Allow with normal monitoring
VPN_0563,2026-08-16 16:40:00,VENDOR_05,USER_05,OT_03,0,0.12054464058692409,61.75,20.6,Low,Allow with normal monitoring
VPN_1562,2026-08-17 05:18:00,VENDOR_08,USER_08,OT_11,0,0.12290903082531572,24.9,20.6,Low,Allow with normal monitoring
VPN_0044,2026-08-29 14:55:00,VENDOR_11,USER_11,OT_07,0,0.043619663551986515,82.0,20.6,Low,Allow with normal monitoring
VPN_1249,2026-08-14 08:29:00,VENDOR_12,USER_12,OT_10,0,0.0825742811435257,71.7,20.6,Low,Allow with normal monitoring
VPN_0145,2026-08-03 01:40:00,VENDOR_07,USER_07,OT_12,0,0.112566706420145,27.4,20.6,Low,Allow with normal monitoring
VPN_0740,2026-08-03 01:37:00,VENDOR_03,USER_03,OT_01,0,0.05690464807354441,42.1,20.6,Low,Allow with normal monitoring
VPN_0629,2026-08-15 23:52:00,VENDOR_09,USER_09,OT_10,0,0.07770105854136988,36.75,20.6,Low,Allow with normal monitoring
VPN_1556,2026-08-15 03:45:00,VENDOR_07,USER_07,OT_01,0,0.0851380072817317,34.75,20.6,Low,Allow with normal monitoring
VPN_1374,2026-08-23 03:51:00,VENDOR_12,USER_12,OT_09,0,0.07520776848907641,37.48,20.6,Low,Allow with normal monitoring
VPN_0794,2026-08-15 03:52:00,VENDOR_02,USER_02,OT_14,0,0.04664511970335075,44.5,20.5,Low,Allow with normal monitoring
VPN_0279,2026-08-15 00:46:00,VENDOR_08,USER_08,OT_08,0,0.11656212201003674,26.0,20.5,Low,Allow with normal monitoring
VPN_0090,2026-08-21 02:12:00,VENDOR_06,USER_06,OT_10,0,0.08740315404706116,33.75,20.5,Low,Allow with normal monitoring
VPN_0513,2026-08-25 04:08:00,VENDOR_07,USER_07,OT_10,0,0.08253884146136939,34.95,20.5,Low,Allow with normal monitoring
VPN_0291,2026-08-05 04:45:00,VENDOR_03,USER_03,OT_04,0,0.09432186149957439,31.9,20.5,Low,Allow with normal monitoring
VPN_1508,2026-08-29 12:20:00,VENDOR_05,USER_05,OT_09,0,0.08970465582399524,69.6,20.5,Low,Allow with normal monitoring
VPN_1484,2026-08-26 20:16:00,VENDOR_09,USER_09,OT_10,0,0.03448405224189979,47.55,20.5,Low,Allow with normal monitoring
VPN_1680,2026-08-14 05:32:00,VENDOR_01,USER_01,OT_05,0,0.04918342675446878,44.0,20.5,Low,Allow with normal monitoring
VPN_0823,2026-08-16 05:46:00,VENDOR_05,USER_05,OT_09,0,0.09872776744189445,30.7,20.5,Low,Allow with normal monitoring
VPN_1744,2026-08-13 21:39:00,VENDOR_01,USER_01,OT_03,0,0.0811693499932675,35.35,20.5,Low,Allow with normal monitoring
VPN_1984,2026-08-10 21:20:00,VENDOR_06,USER_06,OT_07,0,0.06928109392895467,38.05,20.4,Low,Allow with normal monitoring
VPN_1563,2026-08-15 00:19:00,VENDOR_03,USER_03,OT_05,0,0.078595414686625,35.85,20.4,Low,Allow with normal monitoring
VPN_1047,2026-08-15 02:53:00,VENDOR_10,USER_10,OT_03,0,0.07944267237700646,35.6,20.4,Low,Allow with normal monitoring
VPN_0532,2026-08-10 22:47:00,VENDOR_01,USER_01,OT_07,0,0.06381169501679015,39.6,20.4,Low,Allow with normal monitoring
VPN_1309,2026-08-30 07:52:00,VENDOR_05,USER_05,OT_11,0,0.16093151295765362,50.5,20.4,Low,Allow with normal monitoring
VPN_1790,2026-08-24 05:07:00,VENDOR_07,USER_07,OT_13,0,0.11261856908926068,26.55,20.4,Low,Allow with normal monitoring
VPN_0872,2026-08-23 12:10:00,VENDOR_06,USER_06,OT_12,0,0.0865994265405888,69.5,20.3,Low,Allow with normal monitoring
VPN_0135,2026-08-18 05:58:00,VENDOR_10,USER_10,OT_03,0,0.0901728089357372,32.35,20.3,Low,Allow with normal monitoring
VPN_0675,2026-08-09 12:05:00,VENDOR_03,USER_03,OT_02,0,0.07997880099724045,71.0,20.3,Low,Allow with normal monitoring
VPN_1802,2026-08-17 02:14:00,VENDOR_02,USER_02,OT_02,0,0.127506920311711,22.35,20.3,Low,Allow with normal monitoring
VPN_1633,2026-08-18 22:58:00,VENDOR_03,USER_03,OT_06,0,0.08193046395445246,34.25,20.3,Low,Allow with normal monitoring
VPN_0037,2026-08-19 22:24:00,VENDOR_08,USER_08,OT_03,0,0.11508073269612636,25.4,20.3,Low,Allow with normal monitoring
VPN_1461,2026-08-06 05:13:00,VENDOR_04,USER_04,OT_14,0,0.05807747033199364,40.5,20.3,Low,Allow with normal monitoring
VPN_0002,2026-08-28 22:40:00,VENDOR_05,USER_05,OT_09,0,0.09086649262709842,32.1,20.3,Low,Allow with normal monitoring
VPN_1619,2026-08-28 22:01:00,VENDOR_09,USER_09,OT_10,0,0.0676887420435209,38.15,20.3,Low,Allow with normal monitoring
VPN_1472,2026-08-17 23:04:00,VENDOR_06,USER_06,OT_13,0,0.06991836793479553,37.55,20.3,Low,Allow with normal monitoring
VPN_0297,2026-08-23 22:07:00,VENDOR_02,USER_02,OT_10,0,0.07874628872164975,35.25,20.3,Low,Allow with normal monitoring
VPN_0800,2026-08-12 05:47:00,VENDOR_03,USER_03,OT_01,0,0.05823512077745127,40.05,20.2,Low,Allow with normal monitoring
VPN_0077,2026-08-10 23:46:00,VENDOR_10,USER_10,OT_04,0,0.12111586184695554,23.4,20.2,Low,Allow with normal monitoring
VPN_1239,2026-08-28 02:38:00,VENDOR_02,USER_02,OT_04,0,0.0935863905102518,31.0,20.2,Low,Allow with normal monitoring
VPN_0970,2026-08-01 15:46:00,VENDOR_10,USER_10,OT_07,0,0.16778082998549435,47.62,20.2,Low,Allow with normal monitoring
VPN_1663,2026-08-06 21:47:00,VENDOR_05,USER_05,OT_01,0,0.05792578861064019,40.2,20.2,Low,Allow with normal monitoring
VPN_0995,2026-08-27 05:46:00,VENDOR_07,USER_07,OT_15,0,0.10881524384400447,26.92,20.2,Low,Allow with normal monitoring
VPN_1116,2026-08-15 20:00:00,VENDOR_02,USER_02,OT_15,0,0.07138786699032208,36.85,20.2,Low,Allow with normal monitoring
VPN_0404,2026-08-30 14:17:00,VENDOR_04,USER_04,OT_13,0,0.10584116252114277,64.1,20.2,Low,Allow with normal monitoring
VPN_0273,2026-08-30 11:07:00,VENDOR_07,USER_07,OT_02,0,0.08201454583196162,70.35,20.2,Low,Allow with normal monitoring
VPN_1046,2026-08-22 09:42:00,VENDOR_02,USER_02,OT_07,0,0.09595649765958056,66.55,20.2,Low,Allow with normal monitoring
VPN_1988,2026-08-18 03:49:00,VENDOR_09,USER_09,OT_10,0,0.04260084979813981,43.6,20.1,Low,Allow with normal monitoring
VPN_1963,2026-08-26 23:48:00,VENDOR_12,USER_12,OT_06,0,0.08283019154150782,33.2,20.1,Low,Allow with normal monitoring
VPN_1849,2026-08-31 01:35:00,VENDOR_01,USER_01,OT_09,0,0.09188627112293063,30.9,20.1,Low,Allow with normal monitoring
VPN_0060,2026-08-14 21:17:00,VENDOR_07,USER_07,OT_02,0,0.09402705828033352,30.4,20.1,Low,Allow with normal monitoring
VPN_0638,2026-08-14 03:59:00,VENDOR_11,USER_11,OT_01,0,0.04890837614601413,42.25,20.1,Low,Allow with normal monitoring
VPN_0142,2026-08-21 17:01:00,VENDOR_06,USER_06,OT_13,0,0.08047776487637627,70.2,20.1,Low,Allow with normal monitoring
VPN_1972,2026-08-07 17:03:00,VENDOR_05,USER_05,OT_09,0,0.11006515262326276,62.3,20.1,Low,Allow with normal monitoring
VPN_0078,2026-08-16 21:54:00,VENDOR_06,USER_06,OT_01,0,0.06366310187744893,38.3,20.1,Low,Allow with normal monitoring
VPN_0194,2026-08-17 15:10:00,VENDOR_09,USER_09,OT_12,0,0.1057807985015994,62.8,20.0,Low,Allow with normal monitoring
VPN_1217,2026-08-27 23:48:00,VENDOR_08,USER_08,OT_06,0,0.05545503828615593,39.7,20.0,Low,Allow with normal monitoring
VPN_1315,2026-08-05 05:06:00,VENDOR_05,USER_05,OT_09,0,0.09671474164140485,29.2,20.0,Low,Allow with normal monitoring
VPN_0601,2026-08-27 01:39:00,VENDOR_02,USER_02,OT_01,0,0.06261123827995224,38.2,20.0,Low,Allow with normal monitoring
VPN_1182,2026-08-31 01:51:00,VENDOR_01,USER_01,OT_03,0,0.06852684966795125,36.7,20.0,Low,Allow with normal monitoring
VPN_0617,2026-08-01 18:28:00,VENDOR_06,USER_06,OT_10,0,0.09019724253201085,67.35,20.0,Low,Allow with normal monitoring
VPN_0594,2026-08-30 09:15:00,VENDOR_03,USER_03,OT_09,0,0.07836934290601147,69.65,19.9,Low,Allow with normal monitoring
VPN_0425,2026-08-18 00:14:00,VENDOR_11,USER_11,OT_03,0,0.11668482105525135,23.2,19.9,Low,Allow with normal monitoring
VPN_1036,2026-08-16 21:53:00,VENDOR_07,USER_07,OT_10,0,0.06873288816025132,35.9,19.9,Low,Allow with normal monitoring
VPN_1743,2026-08-13 23:56:00,VENDOR_12,USER_12,OT_09,0,0.08094988610393988,32.55,19.9,Low,Allow with normal monitoring
VPN_0500,2026-08-28 05:15:00,VENDOR_11,USER_11,OT_14,0,0.05488418402090376,39.5,19.9,Low,Allow with normal monitoring
VPN_1960,2026-08-17 17:04:00,VENDOR_06,USER_06,OT_06,0,0.13672463968730633,54.2,19.9,Low,Allow with normal monitoring
VPN_0136,2026-08-03 04:13:00,VENDOR_01,USER_01,OT_06,0,0.05960553163495471,38.25,19.9,Low,Allow with normal monitoring
VPN_1951,2026-08-30 02:42:00,VENDOR_01,USER_01,OT_06,0,0.04642626787406281,41.55,19.8,Low,Allow with normal monitoring
VPN_1202,2026-08-06 02:32:00,VENDOR_10,USER_10,OT_14,0,0.0579685846743183,38.38,19.8,Low,Allow with normal monitoring
VPN_0671,2026-08-29 04:31:00,VENDOR_05,USER_05,OT_15,0,0.05379569059687906,39.55,19.8,Low,Allow with normal monitoring
VPN_1480,2026-08-05 08:26:00,VENDOR_06,USER_06,OT_10,0,0.07894369546684842,69.35,19.8,Low,Allow with normal monitoring
VPN_1596,2026-08-05 04:36:00,VENDOR_04,USER_04,OT_03,0,0.10000739522456159,27.4,19.8,Low,Allow with normal monitoring
VPN_0822,2026-08-26 03:00:00,VENDOR_09,USER_09,OT_01,0,0.044482174490125176,42.0,19.8,Low,Allow with normal monitoring
VPN_0167,2026-08-09 02:38:00,VENDOR_10,USER_10,OT_04,0,0.10561478864470736,25.25,19.7,Low,Allow with normal monitoring
VPN_0490,2026-08-20 20:10:00,VENDOR_06,USER_06,OT_04,0,0.06300602392930227,36.45,19.7,Low,Allow with normal monitoring
VPN_1064,2026-08-20 00:03:00,VENDOR_12,USER_12,OT_07,0,0.0724035216796988,33.95,19.7,Low,Allow with normal monitoring
VPN_1050,2026-08-08 06:23:00,VENDOR_03,USER_03,OT_01,0,0.06855906649521289,71.65,19.7,Low,Allow with normal monitoring
VPN_0473,2026-08-11 05:58:00,VENDOR_04,USER_04,OT_04,0,0.11504054919840355,22.8,19.7,Low,Allow with normal monitoring
VPN_1301,2026-08-24 17:24:00,VENDOR_06,USER_06,OT_08,0,0.2859704864878084,13.95,19.7,Low,Allow with normal monitoring
VPN_0247,2026-08-03 22:36:00,VENDOR_12,USER_12,OT_12,0,0.047406553824916535,40.7,19.7,Low,Allow with normal monitoring
VPN_0942,2026-08-13 01:25:00,VENDOR_02,USER_02,OT_15,0,0.06715977007097111,34.85,19.6,Low,Allow with normal monitoring
VPN_0999,2026-08-27 21:32:00,VENDOR_07,USER_07,OT_01,0,0.0517590306537506,39.25,19.6,Low,Allow with normal monitoring
VPN_1967,2026-08-04 03:52:00,VENDOR_09,USER_09,OT_11,0,0.10250433967658829,25.5,19.6,Low,Allow with normal monitoring
VPN_0889,2026-08-30 11:28:00,VENDOR_06,USER_06,OT_10,0,0.10097102957826058,62.65,19.6,Low,Allow with normal monitoring
VPN_0875,2026-08-25 20:50:00,VENDOR_08,USER_08,OT_05,0,0.06617015969773987,35.5,19.6,Low,Allow with normal monitoring
VPN_0604,2026-08-28 12:45:00,VENDOR_03,USER_03,OT_06,0,0.08856598206566133,65.95,19.6,Low,Allow with normal monitoring
VPN_0885,2026-08-07 07:39:00,VENDOR_10,USER_10,OT_10,0,0.080910858597591,67.2,19.5,Low,Allow with normal monitoring
VPN_0702,2026-08-16 22:44:00,VENDOR_09,USER_09,OT_04,0,0.05051686411267407,38.85,19.5,Low,Allow with normal monitoring
VPN_0922,2026-08-18 23:59:00,VENDOR_11,USER_11,OT_10,0,0.04641451582681441,40.15,19.5,Low,Allow with normal monitoring
VPN_0050,2026-08-24 01:52:00,VENDOR_11,USER_11,OT_06,0,0.05946388316361608,36.2,19.4,Low,Allow with normal monitoring
VPN_1244,2026-08-02 01:40:00,VENDOR_07,USER_07,OT_07,0,0.09271473562571296,27.6,19.4,Low,Allow with normal monitoring
VPN_1983,2026-08-24 09:49:00,VENDOR_01,USER_01,OT_12,0,0.05511679485386534,73.85,19.4,Low,Allow with normal monitoring
VPN_1772,2026-08-10 23:42:00,VENDOR_05,USER_05,OT_10,0,0.09055101285782607,27.9,19.4,Low,Allow with normal monitoring
VPN_0008,2026-08-11 06:58:00,VENDOR_01,USER_01,OT_13,0,0.06720805519800639,70.4,19.4,Low,Allow with normal monitoring
VPN_1022,2026-08-26 22:02:00,VENDOR_12,USER_12,OT_10,0,0.04640686278236498,39.75,19.4,Low,Allow with normal monitoring
VPN_1850,2026-08-11 00:01:00,VENDOR_04,USER_04,OT_06,0,0.09402584621358806,26.5,19.3,Low,Allow with normal monitoring
VPN_0211,2026-08-22 04:11:00,VENDOR_05,USER_05,OT_13,0,0.08585463593209415,28.85,19.3,Low,Allow with normal monitoring
VPN_0151,2026-08-16 02:22:00,VENDOR_06,USER_06,OT_05,0,0.052299947039781365,37.65,19.3,Low,Allow with normal monitoring
VPN_1088,2026-08-24 21:26:00,VENDOR_01,USER_01,OT_03,0,0.07029857065376101,32.85,19.3,Low,Allow with normal monitoring
VPN_1605,2026-08-30 05:31:00,VENDOR_07,USER_07,OT_07,0,0.0978377482059968,25.35,19.3,Low,Allow with normal monitoring
VPN_0217,2026-08-31 07:07:00,VENDOR_05,USER_05,OT_11,0,0.12364838580298143,55.1,19.3,Low,Allow with normal monitoring
VPN_0703,2026-08-22 03:35:00,VENDOR_04,USER_04,OT_06,0,0.07062525990433868,32.9,19.3,Low,Allow with normal monitoring
VPN_1011,2026-08-17 13:13:00,VENDOR_06,USER_06,OT_14,0,0.11191577744573353,58.0,19.3,Low,Allow with normal monitoring
VPN_1638,2026-08-06 23:26:00,VENDOR_05,USER_05,OT_05,0,0.056743882309748216,36.6,19.3,Low,Allow with normal monitoring
VPN_1395,2026-08-20 05:53:00,VENDOR_09,USER_09,OT_03,0,0.063784083398443,34.58,19.3,Low,Allow with normal monitoring
VPN_0745,2026-08-11 22:32:00,VENDOR_09,USER_09,OT_10,0,0.04444146682227032,39.1,19.2,Low,Allow with normal monitoring
VPN_1227,2026-08-23 21:32:00,VENDOR_03,USER_03,OT_09,0,0.07514840319643265,31.1,19.2,Low,Allow with normal monitoring
VPN_1737,2026-08-13 09:32:00,VENDOR_04,USER_04,OT_06,0,0.0999980619979258,61.05,19.2,Low,Allow with normal monitoring
VPN_0158,2026-08-20 04:00:00,VENDOR_02,USER_02,OT_06,0,0.08928540131181355,27.2,19.2,Low,Allow with normal monitoring
VPN_1361,2026-08-22 08:19:00,VENDOR_10,USER_10,OT_03,0,0.08034156044424931,66.3,19.2,Low,Allow with normal monitoring
VPN_1166,2026-08-06 02:28:00,VENDOR_03,USER_03,OT_08,0,0.06649543580199516,33.5,19.2,Low,Allow with normal monitoring
VPN_0533,2026-08-05 22:30:00,VENDOR_08,USER_08,OT_13,0,0.08245767343688237,29.38,19.2,Low,Allow with normal monitoring
VPN_1922,2026-08-21 03:51:00,VENDOR_10,USER_10,OT_05,0,0.04641158389201377,38.45,19.2,Low,Allow with normal monitoring
VPN_1862,2026-08-07 19:05:00,VENDOR_12,USER_12,OT_02,0,0.04863594586942051,74.45,19.2,Low,Allow with normal monitoring
VPN_1250,2026-08-29 02:37:00,VENDOR_12,USER_12,OT_07,0,0.07330043434695377,31.6,19.2,Low,Allow with normal monitoring
VPN_1415,2026-08-22 03:08:00,VENDOR_08,USER_08,OT_12,0,0.09466789931686387,26.1,19.2,Low,Allow with normal monitoring
VPN_1835,2026-08-20 22:08:00,VENDOR_05,USER_05,OT_11,0,0.10054797930864634,24.0,19.1,Low,Allow with normal monitoring
VPN_0751,2026-08-29 06:02:00,VENDOR_05,USER_05,OT_03,0,0.07362624399562745,67.55,19.1,Low,Allow with normal monitoring
VPN_1819,2026-08-29 03:06:00,VENDOR_07,USER_07,OT_02,0,0.08366975694134127,28.25,19.1,Low,Allow with normal monitoring
VPN_1159,2026-08-18 23:16:00,VENDOR_12,USER_12,OT_15,0,0.046484643046508595,38.38,19.1,Low,Allow with normal monitoring
VPN_0011,2026-08-19 18:29:00,VENDOR_06,USER_06,OT_05,0,0.07591772979884574,66.9,19.1,Low,Allow with normal monitoring
VPN_1730,2026-08-07 23:54:00,VENDOR_12,USER_12,OT_02,0,0.0826209420614915,28.55,19.1,Low,Allow with normal monitoring
VPN_1283,2026-08-19 23:08:00,VENDOR_08,USER_08,OT_13,0,0.0857325236855288,27.95,19.1,Low,Allow with normal monitoring
VPN_1488,2026-08-25 23:48:00,VENDOR_09,USER_09,OT_06,0,0.058715316491997564,35.1,19.1,Low,Allow with normal monitoring
VPN_1195,2026-08-10 22:50:00,VENDOR_10,USER_10,OT_10,0,0.047917245022745525,37.8,19.1,Low,Allow with normal monitoring
VPN_1545,2026-08-13 17:49:00,VENDOR_06,USER_06,OT_11,0,0.12216133396884948,54.65,19.1,Low,Allow with normal monitoring
VPN_0051,2026-08-05 01:00:00,VENDOR_08,USER_08,OT_06,0,0.07465482804060852,30.2,19.0,Low,Allow with normal monitoring
VPN_0468,2026-08-06 18:39:00,VENDOR_04,USER_04,OT_04,0,0.13061533430936284,52.05,19.0,Low,Allow with normal monitoring
VPN_0409,2026-08-27 22:50:00,VENDOR_09,USER_09,OT_13,0,0.04274975824318619,38.7,19.0,Low,Allow with normal monitoring
VPN_1006,2026-08-25 02:36:00,VENDOR_02,USER_02,OT_15,0,0.06700196569734936,32.15,19.0,Low,Allow with normal monitoring
VPN_0825,2026-08-08 05:55:00,VENDOR_02,USER_02,OT_13,0,0.08770939954574165,27.0,19.0,Low,Allow with normal monitoring
VPN_0719,2026-08-28 21:21:00,VENDOR_03,USER_03,OT_10,0,0.046060343517201334,37.7,19.0,Low,Allow with normal monitoring
VPN_0775,2026-08-09 00:39:00,VENDOR_05,USER_05,OT_13,0,0.0977299596827481,24.4,19.0,Low,Allow with normal monitoring
VPN_1896,2026-08-10 03:58:00,VENDOR_12,USER_12,OT_13,0,0.0688808130462509,31.5,18.9,Low,Allow with normal monitoring
VPN_1114,2026-08-10 16:58:00,VENDOR_05,USER_05,OT_11,0,0.13083397938815988,51.2,18.9,Low,Allow with normal monitoring
VPN_0925,2026-08-28 22:14:00,VENDOR_10,USER_10,OT_10,0,0.04727056422908062,37.15,18.9,Low,Allow with normal monitoring
VPN_0948,2026-08-21 08:51:00,VENDOR_04,USER_04,OT_12,0,0.07530680749086521,66.0,18.9,Low,Allow with normal monitoring
VPN_0936,2026-08-05 20:34:00,VENDOR_03,USER_03,OT_07,0,0.05311994881808234,35.4,18.9,Low,Allow with normal monitoring
VPN_0727,2026-08-08 17:20:00,VENDOR_11,USER_11,OT_12,0,0.07542712934150533,66.1,18.9,Low,Allow with normal monitoring
VPN_1319,2026-08-24 20:35:00,VENDOR_09,USER_09,OT_06,0,0.07617269017430675,29.38,18.9,Low,Allow with normal monitoring
VPN_1928,2026-08-04 22:52:00,VENDOR_02,USER_02,OT_10,0,0.08239024483559872,28.05,18.9,Low,Allow with normal monitoring
VPN_1590,2026-08-17 23:12:00,VENDOR_09,USER_09,OT_04,0,0.08628497726016231,26.85,18.9,Low,Allow with normal monitoring
VPN_1504,2026-08-07 02:41:00,VENDOR_11,USER_11,OT_07,0,0.07513837085604357,29.45,18.8,Low,Allow with normal monitoring
VPN_1893,2026-08-25 17:46:00,VENDOR_05,USER_05,OT_05,0,0.07128784486716384,66.85,18.8,Low,Allow with normal monitoring
VPN_2000,2026-08-07 15:14:00,VENDOR_04,USER_04,OT_15,0,0.11282499673272339,55.65,18.8,Low,Allow with normal monitoring
VPN_0474,2026-08-01 21:45:00,VENDOR_09,USER_09,OT_13,0,0.04558873240457936,37.2,18.8,Low,Allow with normal monitoring
VPN_1163,2026-08-14 04:40:00,VENDOR_01,USER_01,OT_07,0,0.03945115384993383,38.65,18.8,Low,Allow with normal monitoring
VPN_0847,2026-08-13 21:35:00,VENDOR_06,USER_06,OT_05,0,0.056726496653581766,34.3,18.8,Low,Allow with normal monitoring
VPN_0061,2026-08-22 06:15:00,VENDOR_05,USER_05,OT_04,0,0.13521742864677694,49.8,18.8,Low,Allow with normal monitoring
VPN_0960,2026-08-11 03:37:00,VENDOR_11,USER_11,OT_05,0,0.08416814471105079,26.8,18.8,Low,Allow with normal monitoring
VPN_1587,2026-08-05 11:17:00,VENDOR_10,USER_10,OT_11,0,0.08226748010428049,63.3,18.7,Low,Allow with normal monitoring
VPN_0202,2026-08-18 15:04:00,VENDOR_05,USER_05,OT_03,0,0.10763091512010937,56.75,18.7,Low,Allow with normal monitoring
VPN_0064,2026-08-21 21:12:00,VENDOR_12,USER_12,OT_12,0,0.045234139501560626,36.55,18.7,Low,Allow with normal monitoring
VPN_1420,2026-08-09 22:13:00,VENDOR_03,USER_03,OT_13,0,0.06371186850267385,31.7,18.7,Low,Allow with normal monitoring
VPN_0679,2026-08-03 03:33:00,VENDOR_01,USER_01,OT_02,0,0.051776034037138374,35.15,18.7,Low,Allow with normal monitoring
VPN_0820,2026-08-30 22:18:00,VENDOR_05,USER_05,OT_06,0,0.07344831787895706,29.3,18.7,Low,Allow with normal monitoring
VPN_1697,2026-08-03 05:22:00,VENDOR_03,USER_03,OT_15,0,0.05753750356403318,32.8,18.6,Low,Allow with normal monitoring
VPN_1952,2026-08-28 05:13:00,VENDOR_08,USER_08,OT_01,0,0.061298012309002496,31.8,18.6,Low,Allow with normal monitoring
VPN_1528,2026-08-30 01:02:00,VENDOR_08,USER_08,OT_02,0,0.09589578651544567,23.1,18.6,Low,Allow with normal monitoring
VPN_1612,2026-08-30 05:52:00,VENDOR_11,USER_11,OT_03,0,0.07418119802283826,28.4,18.6,Low,Allow with normal monitoring
VPN_0804,2026-08-17 01:37:00,VENDOR_07,USER_07,OT_07,0,0.0824999018301721,26.6,18.6,Low,Allow with normal monitoring
VPN_0570,2026-08-10 01:33:00,VENDOR_10,USER_10,OT_13,0,0.07311273445034883,28.9,18.6,Low,Allow with normal monitoring
VPN_1993,2026-08-09 15:51:00,VENDOR_05,USER_05,OT_13,0,0.08673998217441099,61.6,18.6,Low,Allow with normal monitoring
VPN_0174,2026-08-11 05:47:00,VENDOR_09,USER_09,OT_14,0,0.053921144545240544,33.9,18.6,Low,Allow with normal monitoring
VPN_0857,2026-08-09 01:27:00,VENDOR_10,USER_10,OT_13,0,0.07311273445034883,29.0,18.6,Low,Allow with normal monitoring
VPN_0561,2026-08-17 20:39:00,VENDOR_10,USER_10,OT_12,0,0.06814030900728131,30.05,18.6,Low,Allow with normal monitoring
VPN_0631,2026-08-24 05:43:00,VENDOR_01,USER_01,OT_15,0,0.05167236564484594,34.65,18.6,Low,Allow with normal monitoring
VPN_0699,2026-08-15 10:11:00,VENDOR_04,USER_04,OT_08,0,0.12004359612136804,52.8,18.6,Low,Allow with normal monitoring
VPN_0806,2026-08-31 03:54:00,VENDOR_11,USER_11,OT_08,0,0.09179576144688609,24.15,18.6,Low,Allow with normal monitoring
VPN_1825,2026-08-06 12:33:00,VENDOR_04,USER_04,OT_15,0,0.055650936870805565,69.85,18.6,Low,Allow with normal monitoring
VPN_0491,2026-08-01 13:57:00,VENDOR_05,USER_05,OT_11,0,0.09462232321901626,59.6,18.6,Low,Allow with normal monitoring
VPN_1577,2026-08-29 22:44:00,VENDOR_03,USER_03,OT_07,0,0.06397485961333325,30.75,18.5,Low,Allow with normal monitoring
VPN_1547,2026-08-03 06:20:00,VENDOR_01,USER_01,OT_14,0,0.04905900692069824,71.35,18.5,Low,Allow with normal monitoring
VPN_1154,2026-08-30 19:43:00,VENDOR_12,USER_12,OT_08,0,0.05894613774804916,68.4,18.5,Low,Allow with normal monitoring
VPN_0858,2026-08-26 12:47:00,VENDOR_07,USER_07,OT_05,0,0.0933401523049396,59.35,18.5,Low,Allow with normal monitoring
VPN_1083,2026-08-15 18:14:00,VENDOR_07,USER_07,OT_11,0,0.08789408588687916,60.95,18.5,Low,Allow with normal monitoring
VPN_1539,2026-08-29 14:42:00,VENDOR_03,USER_03,OT_03,1,0.3079195076716532,2.75,18.5,Low,Allow with normal monitoring
VPN_1228,2026-08-08 21:39:00,VENDOR_11,USER_11,OT_03,0,0.07762598878588071,27.1,18.5,Low,Allow with normal monitoring
VPN_0447,2026-08-22 22:33:00,VENDOR_03,USER_03,OT_01,0,0.05313917930841959,33.55,18.5,Low,Allow with normal monitoring
VPN_0518,2026-08-23 03:28:00,VENDOR_01,USER_01,OT_07,0,0.05781217748185287,32.45,18.5,Low,Allow with normal monitoring
VPN_1662,2026-08-24 22:11:00,VENDOR_04,USER_04,OT_13,0,0.06132877233737606,31.35,18.5,Low,Allow with normal monitoring
VPN_1866,2026-08-19 08:47:00,VENDOR_11,USER_11,OT_14,0,0.06608680289409714,66.6,18.5,Low,Allow with normal monitoring
VPN_1796,2026-08-22 23:01:00,VENDOR_09,USER_09,OT_05,0,0.043868733753025115,35.7,18.4,Low,Allow with normal monitoring
VPN_0093,2026-08-11 16:05:00,VENDOR_08,USER_08,OT_05,0,0.07810605343470171,63.2,18.4,Low,Allow with normal monitoring
VPN_1567,2026-08-09 08:34:00,VENDOR_10,USER_10,OT_09,0,0.07043746950344185,65.15,18.4,Low,Allow with normal monitoring
VPN_0593,2026-08-08 22:08:00,VENDOR_03,USER_03,OT_15,0,0.058495359824229175,31.65,18.4,Low,Allow with normal monitoring
VPN_0087,2026-08-10 05:02:00,VENDOR_12,USER_12,OT_11,0,0.09537394862962724,22.0,18.4,Low,Allow with normal monitoring
VPN_0809,2026-08-07 20:35:00,VENDOR_05,USER_05,OT_13,0,0.06525730990768608,29.95,18.4,Low,Allow with normal monitoring
VPN_0618,2026-08-13 22:04:00,VENDOR_10,USER_10,OT_02,0,0.07112903147827591,28.5,18.4,Low,Allow with normal monitoring
VPN_1160,2026-08-15 10:07:00,VENDOR_12,USER_12,OT_01,0,0.038990963777938835,73.2,18.4,Low,Allow with normal monitoring
VPN_0053,2026-08-31 18:40:00,VENDOR_03,USER_03,OT_10,0,0.0610848612976473,67.4,18.4,Low,Allow with normal monitoring
VPN_0295,2026-08-31 16:31:00,VENDOR_07,USER_07,OT_11,0,0.06918681897028675,65.5,18.4,Low,Allow with normal monitoring
VPN_0824,2026-08-22 21:31:00,VENDOR_08,USER_08,OT_13,0,0.08323819200542022,25.3,18.4,Low,Allow with normal monitoring
VPN_0700,2026-08-14 17:56:00,VENDOR_10,USER_10,OT_08,0,0.17268599124841427,38.0,18.4,Low,Allow with normal monitoring
VPN_0161,2026-08-17 05:56:00,VENDOR_03,USER_03,OT_14,0,0.07401231820903752,27.5,18.3,Low,Allow with normal monitoring
VPN_1093,2026-08-28 23:05:00,VENDOR_03,USER_03,OT_05,0,0.0563933940141487,31.85,18.3,Low,Allow with normal monitoring
VPN_0378,2026-08-21 02:50:00,VENDOR_07,USER_07,OT_13,0,0.09423332386551393,21.9,18.3,Low,Allow with normal monitoring
VPN_1918,2026-08-10 08:36:00,VENDOR_09,USER_09,OT_05,0,0.05034549418946058,69.9,18.3,Low,Allow with normal monitoring
VPN_1135,2026-08-10 14:24:00,VENDOR_05,USER_05,OT_11,0,0.11385834670906808,53.05,18.3,Low,Allow with normal monitoring
VPN_0547,2026-08-31 00:01:00,VENDOR_06,USER_06,OT_14,0,0.07678123118571914,26.4,18.3,Low,Allow with normal monitoring
VPN_1200,2026-08-01 05:10:00,VENDOR_03,USER_03,OT_04,0,0.07307156211820207,27.7,18.3,Low,Allow with normal monitoring
VPN_0528,2026-08-01 03:42:00,VENDOR_02,USER_02,OT_04,0,0.09078471549990064,23.05,18.3,Low,Allow with normal monitoring
VPN_0572,2026-08-22 20:38:00,VENDOR_06,USER_06,OT_10,0,0.06525177476394461,29.5,18.3,Low,Allow with normal monitoring
VPN_1568,2026-08-13 01:43:00,VENDOR_10,USER_10,OT_10,0,0.053986294127503665,32.75,18.3,Low,Allow with normal monitoring
VPN_1486,2026-08-28 15:17:00,VENDOR_02,USER_02,OT_10,0,0.07356616195962493,63.45,18.2,Low,Allow with normal monitoring
VPN_1265,2026-08-04 21:20:00,VENDOR_12,USER_12,OT_13,0,0.055560839952058474,31.55,18.2,Low,Allow with normal monitoring
VPN_0911,2026-08-03 23:50:00,VENDOR_07,USER_07,OT_13,0,0.09276360030805147,21.7,18.2,Low,Allow with normal monitoring
VPN_1260,2026-08-24 12:02:00,VENDOR_05,USER_05,OT_07,0,0.07016966233551422,64.35,18.2,Low,Allow with normal monitoring
VPN_0650,2026-08-27 22:25:00,VENDOR_11,USER_11,OT_03,0,0.08127114843955278,24.8,18.2,Low,Allow with normal monitoring
VPN_0223,2026-08-24 04:43:00,VENDOR_05,USER_05,OT_04,0,0.09300957732427562,22.05,18.2,Low,Allow with normal monitoring
VPN_1074,2026-08-16 12:58:00,VENDOR_05,USER_05,OT_11,0,0.12134100145827123,50.95,18.2,Low,Allow with normal monitoring
VPN_1727,2026-08-05 21:22:00,VENDOR_05,USER_05,OT_14,0,0.057802339709591866,30.8,18.1,Low,Allow with normal monitoring
VPN_0881,2026-08-05 17:40:00,VENDOR_05,USER_05,OT_02,0,0.06459375111256135,65.35,18.1,Low,Allow with normal monitoring
VPN_0098,2026-08-23 03:08:00,VENDOR_10,USER_10,OT_07,0,0.0509235103834864,32.5,18.1,Low,Allow with normal monitoring
VPN_1726,2026-08-21 16:40:00,VENDOR_04,USER_04,OT_13,0,0.06475452831158439,65.25,18.1,Low,Allow with normal monitoring
VPN_1847,2026-08-22 20:13:00,VENDOR_11,USER_11,OT_02,0,0.06377383877753418,28.95,18.1,Low,Allow with normal monitoring
VPN_0335,2026-08-18 02:10:00,VENDOR_06,USER_06,OT_01,0,0.05627610533384099,30.85,18.1,Low,Allow with normal monitoring
VPN_0096,2026-08-21 19:17:00,VENDOR_05,USER_05,OT_12,0,0.09213863751255179,57.7,18.0,Low,Allow with normal monitoring
VPN_1343,2026-08-30 22:06:00,VENDOR_08,USER_08,OT_01,0,0.05053230511588182,32.0,18.0,Low,Allow with normal monitoring
VPN_0155,2026-08-06 23:52:00,VENDOR_09,USER_09,OT_12,0,0.04044303756283725,35.0,18.0,Low,Allow with normal monitoring
VPN_1673,2026-08-17 01:59:00,VENDOR_06,USER_06,OT_06,0,0.08224418686325993,23.55,18.0,Low,Allow with normal monitoring
VPN_1957,2026-08-29 04:33:00,VENDOR_03,USER_03,OT_14,0,0.05913670869912141,29.75,18.0,Low,Allow with normal monitoring
VPN_1424,2026-08-19 01:08:00,VENDOR_10,USER_10,OT_05,0,0.06699487435328788,27.65,18.0,Low,Allow with normal monitoring
VPN_1336,2026-08-07 06:02:00,VENDOR_02,USER_02,OT_06,0,0.17118472310166094,36.9,18.0,Low,Allow with normal monitoring
VPN_0670,2026-08-24 03:46:00,VENDOR_10,USER_10,OT_07,0,0.057481261582418994,30.35,18.0,Low,Allow with normal monitoring
VPN_0189,2026-08-02 07:43:00,VENDOR_03,USER_03,OT_12,0,0.06450726304131897,64.6,18.0,Low,Allow with normal monitoring
VPN_1127,2026-08-22 20:02:00,VENDOR_04,USER_04,OT_13,0,0.06464313701535329,28.3,18.0,Low,Allow with normal monitoring
VPN_1466,2026-08-23 02:18:00,VENDOR_04,USER_04,OT_12,0,0.06078451623666503,29.55,18.0,Low,Allow with normal monitoring
VPN_0010,2026-08-23 00:25:00,VENDOR_01,USER_01,OT_14,0,0.06948420767762215,27.25,18.0,Low,Allow with normal monitoring
VPN_0428,2026-08-08 03:58:00,VENDOR_02,USER_02,OT_01,0,0.056491775597479955,30.45,18.0,Low,Allow with normal monitoring
VPN_1098,2026-08-13 18:30:00,VENDOR_06,USER_06,OT_12,0,0.09302485922881536,57.15,18.0,Low,Allow with normal monitoring
VPN_1413,2026-08-28 21:48:00,VENDOR_09,USER_09,OT_15,0,0.039785648099171234,34.35,17.9,Low,Allow with normal monitoring
VPN_1659,2026-08-14 12:01:00,VENDOR_05,USER_05,OT_06,0,0.07661939340919148,61.35,17.9,Low,Allow with normal monitoring
VPN_0937,2026-08-19 09:09:00,VENDOR_07,USER_07,OT_07,0,0.055250695195107974,67.0,17.9,Low,Allow with normal monitoring
VPN_0178,2026-08-15 18:54:00,VENDOR_08,USER_08,OT_14,0,0.11693001652106588,50.35,17.9,Low,Allow with normal monitoring
VPN_0929,2026-08-28 03:41:00,VENDOR_01,USER_01,OT_12,0,0.054895934138475946,30.6,17.9,Low,Allow with normal monitoring
VPN_1255,2026-08-04 21:13:00,VENDOR_12,USER_12,OT_03,0,0.08559167231959677,22.1,17.8,Low,Allow with normal monitoring
VPN_1511,2026-08-06 03:13:00,VENDOR_12,USER_12,OT_13,0,0.05603608443964917,29.6,17.8,Low,Allow with normal monitoring
VPN_0421,2026-08-19 02:14:00,VENDOR_03,USER_03,OT_07,0,0.05747367435742927,29.25,17.8,Low,Allow with normal monitoring
VPN_1490,2026-08-29 07:15:00,VENDOR_10,USER_10,OT_02,0,0.05676048562287677,65.9,17.8,Low,Allow with normal monitoring
VPN_1640,2026-08-30 02:48:00,VENDOR_02,USER_02,OT_15,0,0.0636583442981724,27.85,17.8,Low,Allow with normal monitoring
VPN_1649,2026-08-21 01:32:00,VENDOR_01,USER_01,OT_03,0,0.05823571275989891,29.1,17.8,Low,Allow with normal monitoring
VPN_0971,2026-08-03 23:58:00,VENDOR_03,USER_03,OT_01,0,0.07560672130960473,24.65,17.8,Low,Allow with normal monitoring
VPN_1995,2026-08-24 17:37:00,VENDOR_08,USER_08,OT_03,0,0.10248994204473681,53.7,17.8,Low,Allow with normal monitoring
VPN_1746,2026-08-20 05:05:00,VENDOR_07,USER_07,OT_07,0,0.07942375607289164,23.82,17.8,Low,Allow with normal monitoring
VPN_1581,2026-08-16 02:12:00,VENDOR_05,USER_05,OT_12,0,0.06619105850098854,27.3,17.8,Low,Allow with normal monitoring
VPN_1878,2026-08-11 00:49:00,VENDOR_01,USER_01,OT_05,0,0.05655475798679909,29.7,17.8,Low,Allow with normal monitoring
VPN_0137,2026-08-11 19:52:00,VENDOR_12,USER_12,OT_15,0,0.1064682301168017,52.75,17.8,Low,Allow with normal monitoring
VPN_1077,2026-08-23 09:40:00,VENDOR_06,USER_06,OT_02,0,0.06389433131610026,64.0,17.8,Low,Allow with normal monitoring
VPN_0900,2026-08-25 04:31:00,VENDOR_10,USER_10,OT_03,0,0.08229561022740745,22.4,17.7,Low,Allow with normal monitoring
VPN_0964,2026-08-07 20:24:00,VENDOR_05,USER_05,OT_10,0,0.05489321398192955,29.8,17.7,Low,Allow with normal monitoring
VPN_0139,2026-08-01 15:26:00,VENDOR_11,USER_11,OT_07,0,0.07777848157709824,59.75,17.7,Low,Allow with normal monitoring
VPN_0815,2026-08-31 11:25:00,VENDOR_11,USER_11,OT_07,0,0.04384377674017154,68.9,17.7,Low,Allow with normal monitoring
VPN_1333,2026-08-08 07:41:00,VENDOR_06,USER_06,OT_14,0,0.050358388292582164,66.7,17.6,Low,Allow with normal monitoring
VPN_0721,2026-08-11 18:24:00,VENDOR_10,USER_10,OT_15,0,0.1417446639512812,42.5,17.6,Low,Allow with normal monitoring
VPN_1695,2026-08-11 18:02:00,VENDOR_11,USER_11,OT_11,0,0.10954629074707033,50.9,17.6,Low,Allow with normal monitoring
VPN_0407,2026-08-12 13:04:00,VENDOR_05,USER_05,OT_02,0,0.06678906282849403,62.2,17.6,Low,Allow with normal monitoring
VPN_0027,2026-08-17 05:40:00,VENDOR_09,USER_09,OT_08,0,0.0577063932338368,28.35,17.6,Low,Allow with normal monitoring
VPN_1925,2026-08-19 05:53:00,VENDOR_08,USER_08,OT_10,0,0.05114521219489291,30.3,17.6,Low,Allow with normal monitoring
VPN_0387,2026-08-02 11:34:00,VENDOR_01,USER_01,OT_13,0,0.036707199001945835,70.1,17.6,Low,Allow with normal monitoring
VPN_1326,2026-08-25 21:44:00,VENDOR_05,USER_05,OT_15,0,0.053976103228944854,28.8,17.5,Low,Allow with normal monitoring
VPN_0269,2026-08-21 21:16:00,VENDOR_08,USER_08,OT_08,0,0.07633377968074356,22.85,17.5,Low,Allow with normal monitoring
VPN_1566,2026-08-29 04:15:00,VENDOR_01,USER_01,OT_04,0,0.05967061329986013,27.4,17.5,Low,Allow with normal monitoring
VPN_1204,2026-08-06 05:08:00,VENDOR_09,USER_09,OT_05,0,0.05527731739819721,28.75,17.5,Low,Allow with normal monitoring
VPN_0734,2026-08-03 03:16:00,VENDOR_04,USER_04,OT_10,0,0.061422361229409944,26.92,17.5,Low,Allow with normal monitoring
VPN_0955,2026-08-08 03:46:00,VENDOR_08,USER_08,OT_06,0,0.07227332230115724,24.3,17.5,Low,Allow with normal monitoring
VPN_0826,2026-08-14 22:12:00,VENDOR_07,USER_07,OT_05,0,0.06586124539819253,25.75,17.5,Low,Allow with normal monitoring
VPN_0694,2026-08-01 03:40:00,VENDOR_11,USER_11,OT_06,0,0.06582931431043192,25.6,17.5,Low,Allow with normal monitoring
VPN_1340,2026-08-26 01:28:00,VENDOR_05,USER_05,OT_01,0,0.052871419604557664,28.7,17.4,Low,Allow with normal monitoring
VPN_1858,2026-08-04 15:56:00,VENDOR_01,USER_01,OT_11,0,0.06953837668401489,60.75,17.4,Low,Allow with normal monitoring
VPN_1798,2026-08-07 17:24:00,VENDOR_04,USER_04,OT_13,0,0.05280026434767919,65.0,17.4,Low,Allow with normal monitoring
VPN_0280,2026-08-05 10:54:00,VENDOR_04,USER_04,OT_04,0,0.07246858295970039,60.05,17.4,Low,Allow with normal monitoring
VPN_1325,2026-08-18 20:38:00,VENDOR_04,USER_04,OT_01,0,0.0522523671540143,29.15,17.4,Low,Allow with normal monitoring
VPN_1491,2026-08-24 13:09:00,VENDOR_11,USER_11,OT_05,0,0.05838941830395872,63.8,17.4,Low,Allow with normal monitoring
VPN_0435,2026-08-15 03:54:00,VENDOR_08,USER_08,OT_01,0,0.055810056826931735,28.0,17.4,Low,Allow with normal monitoring
VPN_1548,2026-08-14 16:54:00,VENDOR_11,USER_11,OT_13,0,0.06282957380974571,62.7,17.4,Low,Allow with normal monitoring
VPN_0969,2026-08-07 23:56:00,VENDOR_03,USER_03,OT_02,0,0.061575816210611686,25.9,17.3,Low,Allow with normal monitoring
VPN_0190,2026-08-21 01:26:00,VENDOR_12,USER_12,OT_12,0,0.05007703110725287,29.05,17.3,Low,Allow with normal monitoring
VPN_0420,2026-08-01 15:33:00,VENDOR_08,USER_08,OT_08,0,0.22635605852699722,18.75,17.3,Low,Allow with normal monitoring
VPN_1709,2026-08-07 17:05:00,VENDOR_04,USER_04,OT_07,0,0.05586324966776697,63.95,17.3,Low,Allow with normal monitoring
VPN_0338,2026-08-27 11:11:00,VENDOR_06,USER_06,OT_01,0,0.09755818031916523,53.1,17.3,Low,Allow with normal monitoring
VPN_1251,2026-08-23 23:01:00,VENDOR_06,USER_06,OT_13,0,0.06738021655732088,23.92,17.2,Low,Allow with normal monitoring
VPN_1476,2026-08-02 23:18:00,VENDOR_08,USER_08,OT_09,0,0.0728880598459814,22.7,17.2,Low,Allow with normal monitoring
VPN_0240,2026-08-08 13:38:00,VENDOR_06,USER_06,OT_04,0,0.09027380528025054,54.4,17.2,Low,Allow with normal monitoring
VPN_0265,2026-08-26 07:52:00,VENDOR_09,USER_09,OT_11,0,0.07249930361081666,59.0,17.2,Low,Allow with normal monitoring
VPN_0845,2026-08-24 06:53:00,VENDOR_03,USER_03,OT_04,0,0.10571575855174573,50.3,17.2,Low,Allow with normal monitoring
VPN_1090,2026-08-17 20:27:00,VENDOR_10,USER_10,OT_15,0,0.06046428950177402,25.55,17.1,Low,Allow with normal monitoring
VPN_1148,2026-08-16 17:42:00,VENDOR_01,USER_01,OT_05,0,0.05927087870611953,62.15,17.1,Low,Allow with normal monitoring
VPN_1439,2026-08-30 20:25:00,VENDOR_05,USER_05,OT_14,0,0.04515995586893596,29.65,17.1,Low,Allow with normal monitoring
VPN_1237,2026-08-04 20:51:00,VENDOR_09,USER_09,OT_06,0,0.03995166694733883,31.05,17.1,Low,Allow with normal monitoring
VPN_1875,2026-08-14 16:39:00,VENDOR_05,USER_05,OT_15,0,0.08241917974281522,55.8,17.1,Low,Allow with normal monitoring
VPN_0484,2026-08-12 03:56:00,VENDOR_12,USER_12,OT_05,0,0.05404390560151199,27.15,17.1,Low,Allow with normal monitoring
VPN_1477,2026-08-13 14:18:00,VENDOR_04,USER_04,OT_05,0,0.060139308800546874,62.05,17.1,Low,Allow with normal monitoring
VPN_1672,2026-08-11 12:26:00,VENDOR_05,USER_05,OT_12,0,0.07250692059926378,58.75,17.1,Low,Allow with normal monitoring
VPN_1137,2026-08-13 02:15:00,VENDOR_12,USER_12,OT_14,0,0.05657887283851496,26.05,17.0,Low,Allow with normal monitoring
VPN_1912,2026-08-27 08:34:00,VENDOR_07,USER_07,OT_15,0,0.07691516702575564,56.85,17.0,Low,Allow with normal monitoring
VPN_0208,2026-08-23 11:24:00,VENDOR_04,USER_04,OT_15,0,0.0980547712123913,51.4,17.0,Low,Allow with normal monitoring
VPN_0919,2026-08-02 20:17:00,VENDOR_08,USER_08,OT_10,0,0.05695929861288109,25.95,17.0,Low,Allow with normal monitoring
VPN_1757,2026-08-05 23:59:00,VENDOR_01,USER_01,OT_01,0,0.041901227510377934,29.85,17.0,Low,Allow with normal monitoring
VPN_0864,2026-08-28 12:24:00,VENDOR_08,USER_08,OT_07,0,0.08100471341317649,55.75,17.0,Low,Allow with normal monitoring
VPN_0393,2026-08-18 17:15:00,VENDOR_01,USER_01,OT_12,0,0.06935024347572163,58.85,17.0,Low,Allow with normal monitoring
VPN_0465,2026-08-05 13:07:00,VENDOR_07,USER_07,OT_10,0,0.09796908148177078,51.1,16.9,Low,Allow with normal monitoring
VPN_1168,2026-08-03 12:47:00,VENDOR_04,USER_04,OT_11,0,0.09518522557676336,51.65,16.9,Low,Allow with normal monitoring
VPN_0410,2026-08-02 20:33:00,VENDOR_07,USER_07,OT_14,0,0.060603288531836684,24.48,16.9,Low,Allow with normal monitoring
VPN_1881,2026-08-12 13:33:00,VENDOR_10,USER_10,OT_10,0,0.06953167593628416,58.5,16.9,Low,Allow with normal monitoring
VPN_1299,2026-08-25 09:33:00,VENDOR_08,USER_08,OT_10,0,0.04250565512904459,65.8,16.9,Low,Allow with normal monitoring
VPN_1774,2026-08-21 04:24:00,VENDOR_10,USER_10,OT_14,1,0.06515732596114035,23.15,16.9,Low,Allow with normal monitoring
VPN_0899,2026-08-13 19:04:00,VENDOR_05,USER_05,OT_12,0,0.051360861918591266,62.6,16.8,Low,Allow with normal monitoring
VPN_1657,2026-08-21 03:38:00,VENDOR_08,USER_08,OT_06,0,0.06721026869575626,22.45,16.8,Low,Allow with normal monitoring
VPN_1003,2026-08-08 04:30:00,VENDOR_04,USER_04,OT_10,0,0.0443743762221913,28.18,16.8,Low,Allow with normal monitoring
VPN_0573,2026-08-08 16:22:00,VENDOR_05,USER_05,OT_15,0,0.07685531374151054,56.1,16.8,Low,Allow with normal monitoring
VPN_1435,2026-08-27 10:38:00,VENDOR_04,USER_04,OT_10,0,0.03699273378797379,66.45,16.8,Low,Allow with normal monitoring
VPN_1846,2026-08-19 08:53:00,VENDOR_04,USER_04,OT_03,0,0.074083530142286,56.65,16.8,Low,Allow with normal monitoring
VPN_1861,2026-08-27 01:30:00,VENDOR_12,USER_12,OT_15,0,0.054040203260648983,25.1,16.7,Low,Allow with normal monitoring
VPN_1977,2026-08-27 08:31:00,VENDOR_09,USER_09,OT_13,0,0.05228394783183843,62.35,16.7,Low,Allow with normal monitoring
VPN_0526,2026-08-12 23:59:00,VENDOR_10,USER_10,OT_15,0,0.051506539766968056,25.85,16.7,Low,Allow with normal monitoring
VPN_1440,2026-08-02 08:30:00,VENDOR_06,USER_06,OT_13,0,0.08808010994374062,52.5,16.7,Low,Allow with normal monitoring
VPN_0432,2026-08-18 06:13:00,VENDOR_03,USER_03,OT_12,0,0.06340324294499654,59.15,16.7,Low,Allow with normal monitoring
VPN_1360,2026-08-29 15:44:00,VENDOR_12,USER_12,OT_04,0,0.2162979040824629,18.45,16.6,Low,Allow with normal monitoring
VPN_0770,2026-08-19 04:50:00,VENDOR_11,USER_11,OT_14,0,0.047849888933912635,26.25,16.6,Low,Allow with normal monitoring
VPN_0988,2026-08-03 07:32:00,VENDOR_05,USER_05,OT_05,0,0.05841816013035442,59.9,16.6,Low,Allow with normal monitoring
VPN_0371,2026-08-12 06:58:00,VENDOR_09,USER_09,OT_13,0,0.04439164919285936,63.75,16.6,Low,Allow with normal monitoring
VPN_0927,2026-08-11 22:05:00,VENDOR_12,USER_12,OT_09,0,0.05842912533306583,23.75,16.6,Low,Allow with normal monitoring
VPN_1614,2026-08-05 20:23:00,VENDOR_05,USER_05,OT_15,0,0.055248950321514875,24.48,16.6,Low,Allow with normal monitoring
VPN_1644,2026-08-28 06:32:00,VENDOR_12,USER_12,OT_05,0,0.062328135465703254,59.1,16.6,Low,Allow with normal monitoring
VPN_1766,2026-08-10 02:19:00,VENDOR_01,USER_01,OT_07,0,0.04863957340948465,26.35,16.6,Low,Allow with normal monitoring
VPN_0622,2026-08-08 17:57:00,VENDOR_08,USER_08,OT_07,0,0.05629609435493106,60.8,16.6,Low,Allow with normal monitoring
VPN_0001,2026-08-08 04:19:00,VENDOR_02,USER_02,OT_13,0,0.06540325452922577,21.8,16.6,Low,Allow with normal monitoring
VPN_1341,2026-08-20 02:38:00,VENDOR_10,USER_10,OT_01,0,0.05839214594518903,23.92,16.6,Low,Allow with normal monitoring
VPN_1884,2026-08-11 06:43:00,VENDOR_07,USER_07,OT_10,0,0.05381106246890355,61.15,16.6,Low,Allow with normal monitoring
VPN_0992,2026-08-29 07:52:00,VENDOR_12,USER_12,OT_02,0,0.06745056642550257,57.1,16.5,Low,Allow with normal monitoring
VPN_1740,2026-08-28 10:53:00,VENDOR_08,USER_08,OT_12,0,0.0478169636731372,62.25,16.5,Low,Allow with normal monitoring
VPN_0015,2026-08-10 06:05:00,VENDOR_03,USER_03,OT_02,0,0.059662581096633714,59.05,16.5,Low,Allow with normal monitoring
VPN_1955,2026-08-26 06:42:00,VENDOR_04,USER_04,OT_05,0,0.061926017018512226,58.9,16.5,Low,Allow with normal monitoring
VPN_0172,2026-08-22 12:27:00,VENDOR_04,USER_04,OT_04,0,0.2043242295894151,21.2,16.5,Low,Allow with normal monitoring
VPN_1611,2026-08-01 12:33:00,VENDOR_10,USER_10,OT_08,0,0.1596839581989769,32.95,16.5,Low,Allow with normal monitoring
VPN_1694,2026-08-01 03:30:00,VENDOR_09,USER_09,OT_15,0,0.040559721657625676,27.8,16.5,Low,Allow with normal monitoring
VPN_1828,2026-08-18 03:38:00,VENDOR_09,USER_09,OT_02,0,0.051350647715065686,24.7,16.4,Low,Allow with normal monitoring
VPN_0376,2026-08-24 23:04:00,VENDOR_05,USER_05,OT_07,0,0.05288418466402359,24.25,16.4,Low,Allow with normal monitoring
VPN_0656,2026-08-24 11:19:00,VENDOR_03,USER_03,OT_02,0,0.08300185379072346,52.85,16.4,Low,Allow with normal monitoring
VPN_1891,2026-08-26 07:37:00,VENDOR_07,USER_07,OT_07,0,0.056643491965394886,59.8,16.4,Low,Allow with normal monitoring
VPN_1327,2026-08-16 12:31:00,VENDOR_04,USER_04,OT_11,0,0.12334567165888767,41.9,16.4,Low,Allow with normal monitoring
VPN_1932,2026-08-01 15:13:00,VENDOR_11,USER_11,OT_09,0,0.11937996673783155,43.25,16.4,Low,Allow with normal monitoring
VPN_1628,2026-08-16 17:48:00,VENDOR_04,USER_04,OT_05,1,0.04846265878578837,61.55,16.4,Low,Allow with normal monitoring
VPN_0007,2026-08-20 20:31:00,VENDOR_01,USER_01,OT_02,0,0.055286730871764285,22.95,16.3,Low,Allow with normal monitoring
VPN_1087,2026-08-17 03:47:00,VENDOR_05,USER_05,OT_13,0,0.06144286444165558,21.58,16.3,Low,Allow with normal monitoring
VPN_1357,2026-08-14 10:12:00,VENDOR_07,USER_07,OT_03,0,0.09440910883679397,49.0,16.3,Low,Allow with normal monitoring
VPN_0229,2026-08-29 13:13:00,VENDOR_03,USER_03,OT_15,0,0.10011665652957365,47.5,16.3,Low,Allow with normal monitoring
VPN_0132,2026-08-26 18:21:00,VENDOR_11,USER_11,OT_04,0,0.05886277114380392,58.55,16.3,Low,Allow with normal monitoring
VPN_1365,2026-08-25 23:50:00,VENDOR_10,USER_10,OT_10,0,0.05528443988123369,23.3,16.3,Low,Allow with normal monitoring
VPN_0556,2026-08-11 22:25:00,VENDOR_01,USER_01,OT_06,0,0.047269709912836896,25.05,16.3,Low,Allow with normal monitoring
VPN_1112,2026-08-24 23:29:00,VENDOR_08,USER_08,OT_01,0,0.04585676334961566,25.0,16.2,Low,Allow with normal monitoring
VPN_1405,2026-08-31 06:51:00,VENDOR_11,USER_11,OT_01,0,0.07114579828655068,54.95,16.2,Low,Allow with normal monitoring
VPN_1820,2026-08-15 12:23:00,VENDOR_07,USER_07,OT_11,0,0.09677294654131319,48.25,16.2,Low,Allow with normal monitoring
VPN_0119,2026-08-27 20:50:00,VENDOR_06,USER_06,OT_14,0,0.05521564664265798,22.55,16.2,Low,Allow with normal monitoring
VPN_1654,2026-08-30 16:22:00,VENDOR_12,USER_12,OT_06,0,0.06257776566110568,57.05,16.2,Low,Allow with normal monitoring
VPN_0328,2026-08-08 15:10:00,VENDOR_07,USER_07,OT_10,0,0.05110023007640433,59.68,16.1,Low,Allow with normal monitoring
VPN_0718,2026-08-25 01:50:00,VENDOR_06,USER_06,OT_15,0,0.054117343897311154,22.65,16.1,Low,Allow with normal monitoring
VPN_1387,2026-08-22 06:27:00,VENDOR_07,USER_07,OT_09,0,0.15237647350039982,32.7,16.0,Low,Allow with normal monitoring
VPN_0427,2026-08-21 15:46:00,VENDOR_09,USER_09,OT_01,0,0.03422462552224146,63.6,16.0,Low,Allow with normal monitoring
VPN_1900,2026-08-04 17:19:00,VENDOR_02,USER_02,OT_14,0,0.09151355268345172,48.65,16.0,Low,Allow with normal monitoring
VPN_1207,2026-08-17 19:34:00,VENDOR_05,USER_05,OT_15,0,0.07015006081864211,54.3,16.0,Low,Allow with normal monitoring
VPN_1831,2026-08-23 14:12:00,VENDOR_11,USER_11,OT_03,0,0.09850064184161463,46.9,16.0,Low,Allow with normal monitoring
VPN_1704,2026-08-13 12:02:00,VENDOR_06,USER_06,OT_07,0,0.0956965634782474,47.3,16.0,Low,Allow with normal monitoring
VPN_1971,2026-08-22 13:23:00,VENDOR_09,USER_09,OT_11,0,0.06022840800770776,56.7,16.0,Low,Allow with normal monitoring
VPN_0996,2026-08-03 10:10:00,VENDOR_01,USER_01,OT_10,0,0.028564204144843133,65.3,16.0,Low,Allow with normal monitoring
VPN_0341,2026-08-21 12:35:00,VENDOR_02,USER_02,OT_15,0,0.050742931326901844,59.45,16.0,Low,Allow with normal monitoring
VPN_0981,2026-08-08 09:31:00,VENDOR_10,USER_10,OT_08,0,0.044970663005763606,60.9,16.0,Low,Allow with normal monitoring
VPN_1208,2026-08-21 07:40:00,VENDOR_08,USER_08,OT_03,0,0.07546551868147922,53.0,16.0,Low,Allow with normal monitoring
VPN_1358,2026-08-25 18:52:00,VENDOR_05,USER_05,OT_02,0,0.04843544185498654,59.68,15.9,Low,Allow with normal monitoring
VPN_1014,2026-08-21 17:08:00,VENDOR_01,USER_01,OT_14,0,0.06403584678959517,55.6,15.9,Low,Allow with normal monitoring
VPN_0017,2026-08-19 10:12:00,VENDOR_11,USER_11,OT_11,0,0.10363891924829786,44.9,15.9,Low,Allow with normal monitoring
VPN_0801,2026-08-31 04:31:00,VENDOR_01,USER_01,OT_01,0,0.029542442188301012,28.18,15.9,Low,Allow with normal monitoring
VPN_1256,2026-08-10 18:55:00,VENDOR_02,USER_02,OT_02,0,0.21251708214159645,16.2,15.9,Low,Allow with normal monitoring
VPN_0761,2026-08-13 05:27:00,VENDOR_11,USER_11,OT_05,0,0.050200316288877875,22.75,15.9,Low,Allow with normal monitoring
VPN_0793,2026-08-11 03:33:00,VENDOR_01,USER_01,OT_02,0,0.052313986417295934,21.75,15.8,Low,Allow with normal monitoring
VPN_0296,2026-08-19 02:08:00,VENDOR_12,USER_12,OT_15,0,0.04369449446767169,23.82,15.8,Low,Allow with normal monitoring
VPN_0303,2026-08-05 02:26:00,VENDOR_09,USER_09,OT_15,0,0.04531812699798945,23.5,15.8,Low,Allow with normal monitoring
VPN_1648,2026-08-31 14:54:00,VENDOR_05,USER_05,OT_09,0,0.09617585808652543,46.55,15.8,Low,Allow with normal monitoring
VPN_1842,2026-08-25 14:49:00,VENDOR_02,USER_02,OT_02,0,0.07006154123505301,53.3,15.8,Low,Allow with normal monitoring
VPN_0361,2026-08-29 04:55:00,VENDOR_11,USER_11,OT_01,0,0.04634587606153311,23.35,15.8,Low,Allow with normal monitoring
VPN_1189,2026-08-24 09:16:00,VENDOR_05,USER_05,OT_10,0,0.05262665895186018,57.45,15.7,Low,Allow with normal monitoring
VPN_0645,2026-08-13 20:32:00,VENDOR_12,USER_12,OT_10,0,0.038642562903759246,24.85,15.7,Low,Allow with normal monitoring
VPN_1582,2026-08-17 14:37:00,VENDOR_11,USER_11,OT_12,0,0.06290443521442035,54.7,15.7,Low,Allow with normal monitoring
VPN_0750,2026-08-21 11:39:00,VENDOR_06,USER_06,OT_07,0,0.0546557384111485,56.9,15.7,Low,Allow with normal monitoring
VPN_0144,2026-08-25 10:14:00,VENDOR_08,USER_08,OT_05,0,0.0389279809137698,61.25,15.7,Low,Allow with normal monitoring
VPN_1708,2026-08-04 05:34:00,VENDOR_09,USER_09,OT_12,0,0.037874489522284366,24.35,15.6,Low,Allow with normal monitoring
VPN_1061,2026-08-08 11:12:00,VENDOR_08,USER_08,OT_05,0,0.04100019189343529,60.1,15.6,Low,Allow with normal monitoring
VPN_1712,2026-08-07 10:01:00,VENDOR_02,USER_02,OT_06,0,0.19147488561368084,20.35,15.6,Low,Allow with normal monitoring
VPN_1234,2026-08-22 11:28:00,VENDOR_01,USER_01,OT_06,0,0.027219634883510473,63.35,15.5,Low,Allow with normal monitoring
VPN_1308,2026-08-05 14:48:00,VENDOR_07,USER_07,OT_09,0,0.1197700993591433,38.92,15.5,Low,Allow with normal monitoring
VPN_0336,2026-08-23 17:53:00,VENDOR_03,USER_03,OT_07,0,0.06504576187510393,53.45,15.5,Low,Allow with normal monitoring
VPN_0616,2026-08-01 17:21:00,VENDOR_10,USER_10,OT_08,0,0.0577186409269734,55.25,15.5,Low,Allow with normal monitoring
VPN_0317,2026-08-10 11:32:00,VENDOR_04,USER_04,OT_01,0,0.03768237204827501,60.0,15.4,Low,Allow with normal monitoring
VPN_0206,2026-08-01 09:59:00,VENDOR_08,USER_08,OT_08,0,0.06914612980047555,51.8,15.4,Low,Allow with normal monitoring
VPN_1289,2026-08-15 07:32:00,VENDOR_07,USER_07,OT_06,0,0.0935965879593228,45.3,15.4,Low,Allow with normal monitoring
VPN_0946,2026-08-29 11:35:00,VENDOR_10,USER_10,OT_15,0,0.04562953120044511,57.9,15.4,Low,Allow with normal monitoring
VPN_1641,2026-08-17 18:41:00,VENDOR_05,USER_05,OT_05,0,0.051192947081098755,56.45,15.4,Low,Allow with normal monitoring
VPN_0258,2026-08-17 15:09:00,VENDOR_11,USER_11,OT_08,0,0.09815372711827725,43.92,15.4,Low,Allow with normal monitoring
VPN_1996,2026-08-07 09:00:00,VENDOR_04,USER_04,OT_09,0,0.0525975608062412,55.85,15.3,Low,Allow with normal monitoring
VPN_1478,2026-08-21 08:28:00,VENDOR_06,USER_06,OT_10,0,0.10552082500716929,41.7,15.3,Low,Allow with normal monitoring
VPN_0926,2026-08-28 07:23:00,VENDOR_09,USER_09,OT_03,0,0.061228919258160125,53.2,15.3,Low,Allow with normal monitoring
VPN_1412,2026-08-30 13:50:00,VENDOR_03,USER_03,OT_02,0,0.08470200738330193,47.08,15.3,Low,Allow with normal monitoring
VPN_0074,2026-08-17 12:20:00,VENDOR_01,USER_01,OT_04,0,0.04993594545031088,56.35,15.3,Low,Allow with normal monitoring
VPN_0525,2026-08-25 09:40:00,VENDOR_05,USER_05,OT_05,0,0.044361156927290105,57.8,15.3,Low,Allow with normal monitoring
VPN_0024,2026-08-11 17:09:00,VENDOR_03,USER_03,OT_13,0,0.05000884722419124,56.5,15.3,Low,Allow with normal monitoring
VPN_0219,2026-08-25 17:41:00,VENDOR_03,USER_03,OT_14,0,0.05111882073353394,55.9,15.3,Low,Allow with normal monitoring
VPN_1523,2026-08-16 10:54:00,VENDOR_09,USER_09,OT_05,0,0.054424907466960395,55.3,15.3,Low,Allow with normal monitoring
VPN_1032,2026-08-07 16:09:00,VENDOR_12,USER_12,OT_03,0,0.09799734180648492,43.92,15.3,Low,Allow with normal monitoring
VPN_0004,2026-08-14 08:42:00,VENDOR_12,USER_12,OT_03,0,0.06261746616058347,52.6,15.2,Low,Allow with normal monitoring
VPN_0268,2026-08-30 09:56:00,VENDOR_10,USER_10,OT_14,0,0.03910226999751625,58.6,15.2,Low,Allow with normal monitoring
VPN_0729,2026-08-13 15:43:00,VENDOR_02,USER_02,OT_02,0,0.07165121754873789,50.1,15.2,Low,Allow with normal monitoring
VPN_0924,2026-08-12 06:40:00,VENDOR_06,USER_06,OT_03,0,0.0714610310048088,50.4,15.2,Low,Allow with normal monitoring
VPN_0272,2026-08-15 11:20:00,VENDOR_09,USER_09,OT_03,0,0.054145913113124854,54.75,15.2,Low,Allow with normal monitoring
VPN_0883,2026-08-01 17:02:00,VENDOR_01,USER_01,OT_06,0,0.047689560993843465,56.55,15.2,Low,Allow with normal monitoring
VPN_1754,2026-08-12 13:24:00,VENDOR_10,USER_10,OT_09,0,0.057896414435977595,53.6,15.1,Low,Allow with normal monitoring
VPN_0104,2026-08-22 06:05:00,VENDOR_05,USER_05,OT_13,0,0.07819928201553829,48.2,15.1,Low,Allow with normal monitoring
VPN_1646,2026-08-28 15:14:00,VENDOR_08,USER_08,OT_06,0,0.09728016625294503,42.85,15.1,Low,Allow with normal monitoring
VPN_0021,2026-08-08 17:16:00,VENDOR_08,USER_08,OT_07,0,0.04534710701014507,56.8,15.1,Low,Allow with normal monitoring
VPN_0743,2026-08-17 14:59:00,VENDOR_03,USER_03,OT_06,0,0.07173281008967204,49.4,15.0,Low,Allow with normal monitoring
VPN_0731,2026-08-28 08:19:00,VENDOR_12,USER_12,OT_12,0,0.04065756874849412,57.6,15.0,Low,Allow with normal monitoring
VPN_0681,2026-08-12 16:28:00,VENDOR_01,USER_01,OT_05,0,0.05794161724752724,52.55,14.9,Low,Allow with normal monitoring
VPN_0916,2026-08-05 16:01:00,VENDOR_11,USER_11,OT_01,0,0.04334358370542872,56.4,14.9,Low,Allow with normal monitoring
VPN_1824,2026-08-17 15:36:00,VENDOR_04,USER_04,OT_06,0,0.06353974179555516,50.85,14.9,Low,Allow with normal monitoring
VPN_1039,2026-08-06 17:06:00,VENDOR_11,USER_11,OT_06,0,0.06240424709060842,51.15,14.9,Low,Allow with normal monitoring
VPN_1119,2026-08-21 23:09:00,VENDOR_12,USER_12,OT_01,0,0.037346030743352444,21.58,14.9,Low,Allow with normal monitoring
VPN_0054,2026-08-05 13:23:00,VENDOR_12,USER_12,OT_05,0,0.05193316253348754,53.77,14.8,Low,Allow with normal monitoring
VPN_0583,2026-08-13 18:30:00,VENDOR_07,USER_07,OT_10,0,0.07087357990510011,48.6,14.8,Low,Allow with normal monitoring
VPN_0762,2026-08-15 10:22:00,VENDOR_05,USER_05,OT_11,1,0.23526414926074427,5.22,14.8,Low,Allow with normal monitoring
VPN_1934,2026-08-10 15:36:00,VENDOR_01,USER_01,OT_05,0,0.05814637827355532,51.5,14.7,Low,Allow with normal monitoring
VPN_1863,2026-08-09 14:01:00,VENDOR_06,USER_06,OT_04,0,0.11542778132802732,36.4,14.7,Low,Allow with normal monitoring
VPN_0554,2026-08-09 10:12:00,VENDOR_11,USER_11,OT_03,0,0.06709593494286813,49.35,14.7,Low,Allow with normal monitoring
VPN_1089,2026-08-30 15:46:00,VENDOR_10,USER_10,OT_02,0,0.05161089485553507,53.37,14.7,Low,Allow with normal monitoring
VPN_1542,2026-08-21 15:26:00,VENDOR_09,USER_09,OT_10,0,0.0749531095676705,47.08,14.7,Low,Allow with normal monitoring
VPN_1378,2026-08-31 07:41:00,VENDOR_10,USER_10,OT_01,0,0.03518867042013592,57.3,14.6,Low,Allow with normal monitoring
VPN_0537,2026-08-26 09:02:00,VENDOR_12,USER_12,OT_11,0,0.0688353901206243,48.4,14.6,Low,Allow with normal monitoring
VPN_1107,2026-08-14 11:32:00,VENDOR_07,USER_07,OT_02,0,0.052415481831054274,52.68,14.6,Low,Allow with normal monitoring
VPN_0084,2026-08-01 08:56:00,VENDOR_08,USER_08,OT_10,0,0.039225451885750794,56.2,14.6,Low,Allow with normal monitoring
VPN_0033,2026-08-01 10:21:00,VENDOR_05,USER_05,OT_02,0,0.060116047881417965,50.7,14.6,Low,Allow with normal monitoring
VPN_0285,2026-08-08 17:38:00,VENDOR_08,USER_08,OT_12,0,0.0492435751020111,52.9,14.5,Low,Allow with normal monitoring
VPN_0687,2026-08-20 14:21:00,VENDOR_03,USER_03,OT_02,0,0.08160754841792858,44.35,14.5,Low,Allow with normal monitoring
VPN_0066,2026-08-01 17:41:00,VENDOR_10,USER_10,OT_02,0,0.16874036189976874,21.3,14.5,Low,Allow with normal monitoring
VPN_1422,2026-08-25 06:18:00,VENDOR_04,USER_04,OT_04,0,0.0794916468802896,44.45,14.4,Low,Allow with normal monitoring
VPN_0170,2026-08-08 12:04:00,VENDOR_05,USER_05,OT_14,0,0.0815233679473172,43.85,14.4,Low,Allow with normal monitoring
VPN_0156,2026-08-29 15:25:00,VENDOR_08,USER_08,OT_15,0,0.0404799155674307,55.0,14.4,Low,Allow with normal monitoring
VPN_1930,2026-08-26 12:13:00,VENDOR_10,USER_10,OT_14,0,0.046201092714459435,53.37,14.4,Low,Allow with normal monitoring
VPN_1236,2026-08-24 10:30:00,VENDOR_07,USER_07,OT_15,0,0.04077166778218755,54.55,14.4,Low,Allow with normal monitoring
VPN_1259,2026-08-31 06:41:00,VENDOR_10,USER_10,OT_06,0,0.06763504169238499,47.4,14.4,Low,Allow with normal monitoring
VPN_0262,2026-08-25 07:15:00,VENDOR_03,USER_03,OT_14,0,0.05058095683738907,51.6,14.3,Low,Allow with normal monitoring
VPN_1939,2026-08-16 19:56:00,VENDOR_02,USER_02,OT_13,0,0.07933779387424508,44.15,14.3,Low,Allow with normal monitoring
VPN_0597,2026-08-14 13:56:00,VENDOR_01,USER_01,OT_10,0,0.0389712162542973,54.6,14.3,Low,Allow with normal monitoring
VPN_1441,2026-08-10 14:07:00,VENDOR_07,USER_07,OT_08,0,0.08032032667842201,44.05,14.3,Low,Allow with normal monitoring
VPN_0682,2026-08-07 11:54:00,VENDOR_06,USER_06,OT_05,0,0.12433052267072679,32.3,14.3,Low,Allow with normal monitoring
VPN_1674,2026-08-18 17:55:00,VENDOR_09,USER_09,OT_08,0,0.19833612694964683,12.2,14.2,Low,Allow with normal monitoring
VPN_0710,2026-08-10 14:07:00,VENDOR_07,USER_07,OT_03,0,0.12547118345166208,31.45,14.2,Low,Allow with normal monitoring
VPN_0305,2026-08-20 06:30:00,VENDOR_06,USER_06,OT_11,0,0.12667887400997552,31.3,14.2,Low,Allow with normal monitoring
VPN_0976,2026-08-13 08:04:00,VENDOR_03,USER_03,OT_05,0,0.06208830356243777,48.0,14.2,Low,Allow with normal monitoring
VPN_1701,2026-08-08 14:19:00,VENDOR_11,USER_11,OT_06,0,0.16459535550357235,21.1,14.2,Low,Allow with normal monitoring
VPN_0385,2026-08-26 13:52:00,VENDOR_12,USER_12,OT_03,0,0.08249354681384709,42.7,14.2,Low,Allow with normal monitoring
VPN_1618,2026-08-12 08:30:00,VENDOR_10,USER_10,OT_07,0,0.05342543161180118,50.2,14.1,Low,Allow with normal monitoring
VPN_0018,2026-08-16 12:11:00,VENDOR_11,USER_11,OT_11,0,0.08447961420752437,41.85,14.1,Low,Allow with normal monitoring
VPN_1686,2026-08-14 19:42:00,VENDOR_10,USER_10,OT_03,0,0.09884330314323034,37.95,14.1,Low,Allow with normal monitoring
VPN_1999,2026-08-10 16:22:00,VENDOR_11,USER_11,OT_06,0,0.05346660930463468,49.5,14.0,Low,Allow with normal monitoring
VPN_0351,2026-08-08 07:08:00,VENDOR_11,USER_11,OT_10,0,0.04332588202383457,52.0,14.0,Low,Allow with normal monitoring
VPN_1272,2026-08-03 08:31:00,VENDOR_10,USER_10,OT_06,0,0.07201694195798528,44.6,14.0,Low,Allow with normal monitoring
VPN_1057,2026-08-31 12:20:00,VENDOR_12,USER_12,OT_06,0,0.06083256223800947,47.72,14.0,Low,Allow with normal monitoring
VPN_0481,2026-08-21 06:40:00,VENDOR_10,USER_10,OT_15,0,0.05155637786318889,49.95,14.0,Low,Allow with normal monitoring
VPN_0980,2026-08-10 12:52:00,VENDOR_10,USER_10,OT_10,0,0.05013804359770478,50.25,14.0,Low,Allow with normal monitoring
VPN_1005,2026-08-20 11:47:00,VENDOR_12,USER_12,OT_13,0,0.03581197065721427,54.15,14.0,Low,Allow with normal monitoring
VPN_1883,2026-08-22 11:21:00,VENDOR_11,USER_11,OT_11,0,0.0847097964323236,40.65,13.9,Low,Allow with normal monitoring
VPN_0990,2026-08-20 07:37:00,VENDOR_08,USER_08,OT_15,0,0.05526910116994647,48.7,13.9,Low,Allow with normal monitoring
VPN_1196,2026-08-15 09:22:00,VENDOR_12,USER_12,OT_10,0,0.08405047661766846,40.85,13.9,Low,Allow with normal monitoring
VPN_1304,2026-08-02 08:49:00,VENDOR_04,USER_04,OT_11,0,0.11003037268823852,33.8,13.8,Low,Allow with normal monitoring
VPN_0553,2026-08-13 12:41:00,VENDOR_10,USER_10,OT_10,0,0.05344102414206462,48.75,13.8,Low,Allow with normal monitoring
VPN_1853,2026-08-23 16:58:00,VENDOR_06,USER_06,OT_04,0,0.1705662593117458,17.85,13.8,Low,Allow with normal monitoring
VPN_0319,2026-08-06 13:58:00,VENDOR_04,USER_04,OT_03,0,0.09516962914874115,37.85,13.8,Low,Allow with normal monitoring
VPN_1105,2026-08-10 19:44:00,VENDOR_08,USER_08,OT_15,0,0.07530710359291604,43.1,13.8,Low,Allow with normal monitoring
VPN_0609,2026-08-07 18:02:00,VENDOR_09,USER_09,OT_14,0,0.0979543271503516,37.1,13.8,Low,Allow with normal monitoring
VPN_0302,2026-08-31 07:07:00,VENDOR_09,USER_09,OT_15,0,0.03280082063517556,53.77,13.7,Low,Allow with normal monitoring
VPN_1892,2026-08-03 14:19:00,VENDOR_11,USER_11,OT_04,0,0.07401960529587982,42.65,13.7,Low,Allow with normal monitoring
VPN_0288,2026-08-19 08:25:00,VENDOR_02,USER_02,OT_07,0,0.044287771214031275,50.65,13.7,Low,Allow with normal monitoring
VPN_1734,2026-08-26 13:23:00,VENDOR_06,USER_06,OT_13,0,0.05507697535188742,47.85,13.7,Low,Allow with normal monitoring
VPN_1410,2026-08-15 11:22:00,VENDOR_11,USER_11,OT_04,0,0.08417139385209435,40.25,13.7,Low,Allow with normal monitoring
VPN_0791,2026-08-04 08:09:00,VENDOR_06,USER_06,OT_01,0,0.053891754891693795,48.05,13.7,Low,Allow with normal monitoring
VPN_0009,2026-08-06 11:50:00,VENDOR_01,USER_01,OT_07,0,0.03401842228243294,52.68,13.6,Low,Allow with normal monitoring
VPN_0799,2026-08-21 16:38:00,VENDOR_03,USER_03,OT_13,0,0.06801088656601775,43.72,13.6,Low,Allow with normal monitoring
VPN_0536,2026-08-04 16:06:00,VENDOR_11,USER_11,OT_02,0,0.060626209896858914,45.85,13.6,Low,Allow with normal monitoring
VPN_1257,2026-08-14 07:46:00,VENDOR_04,USER_04,OT_01,0,0.03955897651222195,51.3,13.6,Low,Allow with normal monitoring
VPN_1585,2026-08-11 07:43:00,VENDOR_12,USER_12,OT_05,0,0.033170856845247954,52.95,13.6,Low,Allow with normal monitoring
VPN_1681,2026-08-15 16:52:00,VENDOR_01,USER_01,OT_09,0,0.04753692651068354,48.85,13.5,Low,Allow with normal monitoring
VPN_0443,2026-08-17 11:06:00,VENDOR_10,USER_10,OT_10,0,0.05516220389472136,47.0,13.5,Low,Allow with normal monitoring
VPN_0839,2026-08-29 13:21:00,VENDOR_03,USER_03,OT_03,0,0.1776731220019524,14.65,13.5,Low,Allow with normal monitoring
VPN_0454,2026-08-10 12:34:00,VENDOR_01,USER_01,OT_05,0,0.03570174043995961,51.75,13.5,Low,Allow with normal monitoring
VPN_0795,2026-08-04 19:50:00,VENDOR_11,USER_11,OT_15,0,0.046741865334411575,48.95,13.5,Low,Allow with normal monitoring
VPN_0692,2026-08-07 12:01:00,VENDOR_05,USER_05,OT_15,0,0.07501087222261,41.8,13.5,Low,Allow with normal monitoring
VPN_0114,2026-08-16 08:39:00,VENDOR_04,USER_04,OT_13,0,0.09779099666404337,35.55,13.5,Low,Allow with normal monitoring
VPN_0452,2026-08-17 15:06:00,VENDOR_12,USER_12,OT_03,0,0.10248809009100028,33.85,13.4,Low,Allow with normal monitoring
VPN_0504,2026-08-03 18:27:00,VENDOR_04,USER_04,OT_08,0,0.15596608380930937,19.5,13.3,Low,Allow with normal monitoring
VPN_1632,2026-08-29 08:47:00,VENDOR_12,USER_12,OT_05,0,0.034301338666460936,51.55,13.3,Low,Allow with normal monitoring
VPN_1489,2026-08-12 19:09:00,VENDOR_08,USER_08,OT_13,0,0.0495505471477334,47.25,13.3,Low,Allow with normal monitoring
VPN_0662,2026-08-09 06:59:00,VENDOR_11,USER_11,OT_07,0,0.043313337737742326,48.9,13.3,Low,Allow with normal monitoring
VPN_1278,2026-08-23 11:52:00,VENDOR_03,USER_03,OT_10,0,0.061774507640844314,44.25,13.3,Low,Allow with normal monitoring
VPN_1682,2026-08-01 08:05:00,VENDOR_10,USER_10,OT_01,0,0.04709807314176156,47.95,13.3,Low,Allow with normal monitoring
VPN_1719,2026-08-20 18:03:00,VENDOR_06,USER_06,OT_05,0,0.053505668321299195,45.9,13.2,Low,Allow with normal monitoring
VPN_1042,2026-08-03 19:01:00,VENDOR_08,USER_08,OT_03,0,0.10711197606927403,31.2,13.1,Low,Allow with normal monitoring
VPN_1526,2026-08-10 08:59:00,VENDOR_02,USER_02,OT_12,0,0.060657873268177,43.72,13.1,Low,Allow with normal monitoring
VPN_0287,2026-08-31 14:09:00,VENDOR_03,USER_03,OT_08,0,0.0947766798518708,34.7,13.1,Low,Allow with normal monitoring
VPN_0329,2026-08-30 15:12:00,VENDOR_03,USER_03,OT_03,0,0.18510689545882045,10.42,13.0,Low,Allow with normal monitoring
VPN_1805,2026-08-23 17:53:00,VENDOR_10,USER_10,OT_10,0,0.09702266100689252,33.35,13.0,Low,Allow with normal monitoring
VPN_1776,2026-08-04 17:04:00,VENDOR_12,USER_12,OT_13,0,0.08720219595296307,36.3,13.0,Low,Allow with normal monitoring
VPN_1604,2026-08-01 18:43:00,VENDOR_09,USER_09,OT_14,0,0.034571579672757924,49.9,13.0,Low,Allow with normal monitoring
VPN_1068,2026-08-26 18:25:00,VENDOR_09,USER_09,OT_01,0,0.02968837813795249,51.45,13.0,Low,Allow with normal monitoring
VPN_0375,2026-08-24 07:05:00,VENDOR_01,USER_01,OT_14,0,0.04158372960228845,47.72,12.9,Low,Allow with normal monitoring
VPN_1191,2026-08-26 10:57:00,VENDOR_04,USER_04,OT_06,0,0.051379691970100026,45.15,12.9,Low,Allow with normal monitoring
VPN_0961,2026-08-14 11:10:00,VENDOR_10,USER_10,OT_10,0,0.03487144458679154,49.3,12.9,Low,Allow with normal monitoring
VPN_1728,2026-08-15 06:41:00,VENDOR_01,USER_01,OT_03,0,0.045098488691001026,46.8,12.9,Low,Allow with normal monitoring
VPN_1958,2026-08-30 10:24:00,VENDOR_05,USER_05,OT_12,0,0.050161903571092764,45.4,12.9,Low,Allow with normal monitoring
VPN_1911,2026-08-23 13:32:00,VENDOR_10,USER_10,OT_06,0,0.05787774243483612,43.55,12.9,Low,Allow with normal monitoring
VPN_1018,2026-08-18 15:19:00,VENDOR_01,USER_01,OT_15,0,0.08091795091634287,36.65,12.8,Low,Allow with normal monitoring
VPN_0831,2026-08-19 13:34:00,VENDOR_12,USER_12,OT_02,0,0.03617435017889884,48.5,12.8,Low,Allow with normal monitoring
VPN_0524,2026-08-27 07:23:00,VENDOR_11,USER_11,OT_13,0,0.050683244750748695,45.0,12.8,Low,Allow with normal monitoring
VPN_1312,2026-08-03 18:43:00,VENDOR_01,USER_01,OT_05,0,0.04463802805269117,46.5,12.8,Low,Allow with normal monitoring
VPN_1804,2026-08-09 07:01:00,VENDOR_12,USER_12,OT_12,0,0.0738286776471569,38.55,12.8,Low,Allow with normal monitoring
VPN_0732,2026-08-20 10:28:00,VENDOR_03,USER_03,OT_05,0,0.04383897945468116,46.4,12.8,Low,Allow with normal monitoring
VPN_0568,2026-08-27 16:58:00,VENDOR_11,USER_11,OT_06,0,0.05448701156577099,43.15,12.7,Low,Allow with normal monitoring
VPN_0478,2026-08-01 14:33:00,VENDOR_10,USER_10,OT_05,0,0.042824355544792504,46.65,12.7,Low,Allow with normal monitoring
VPN_1002,2026-08-07 08:00:00,VENDOR_09,USER_09,OT_10,0,0.028219497798123088,50.15,12.7,Low,Allow with normal monitoring
VPN_1975,2026-08-30 11:14:00,VENDOR_12,USER_12,OT_04,0,0.042843766015802934,46.15,12.6,Low,Allow with normal monitoring
VPN_0613,2026-08-27 17:22:00,VENDOR_12,USER_12,OT_02,0,0.04125389742500398,46.45,12.6,Low,Allow with normal monitoring
VPN_1987,2026-08-04 06:35:00,VENDOR_11,USER_11,OT_12,0,0.048758682581704495,44.55,12.6,Low,Allow with normal monitoring
VPN_0389,2026-08-20 19:22:00,VENDOR_11,USER_11,OT_15,0,0.04529162784290189,45.25,12.6,Low,Allow with normal monitoring
VPN_0175,2026-08-08 07:21:00,VENDOR_02,USER_02,OT_12,0,0.050917861033795545,43.65,12.6,Low,Allow with normal monitoring
VPN_1609,2026-08-08 07:37:00,VENDOR_09,USER_09,OT_04,0,0.04883355961790381,44.2,12.6,Low,Allow with normal monitoring
VPN_0545,2026-08-12 18:47:00,VENDOR_08,USER_08,OT_08,0,0.06027813440795483,41.45,12.6,Low,Allow with normal monitoring
VPN_0477,2026-08-11 10:06:00,VENDOR_10,USER_10,OT_10,0,0.03320383513165979,48.55,12.6,Low,Allow with normal monitoring
VPN_1276,2026-08-30 08:33:00,VENDOR_01,USER_01,OT_07,0,0.035138564912778295,47.45,12.5,Low,Allow with normal monitoring
VPN_1334,2026-08-11 18:29:00,VENDOR_09,USER_09,OT_07,0,0.03374717324049829,47.8,12.5,Low,Allow with normal monitoring
VPN_1497,2026-08-22 18:50:00,VENDOR_01,USER_01,OT_04,0,0.054985736456914895,42.45,12.5,Low,Allow with normal monitoring
VPN_1053,2026-08-29 17:32:00,VENDOR_10,USER_10,OT_09,0,0.04891487393106108,43.8,12.5,Low,Allow with normal monitoring
VPN_0600,2026-08-19 11:02:00,VENDOR_01,USER_01,OT_15,0,0.04311064700216986,45.6,12.5,Low,Allow with normal monitoring
VPN_1351,2026-08-10 14:56:00,VENDOR_11,USER_11,OT_05,0,0.051632305909130656,42.95,12.4,Low,Allow with normal monitoring
VPN_0108,2026-08-12 10:04:00,VENDOR_07,USER_07,OT_03,0,0.1233595975673921,24.05,12.4,Low,Allow with normal monitoring
VPN_1223,2026-08-27 12:25:00,VENDOR_11,USER_11,OT_14,0,0.08752017772730411,33.4,12.4,Low,Allow with normal monitoring
VPN_0215,2026-08-02 16:52:00,VENDOR_08,USER_08,OT_06,0,0.04470148712434697,44.65,12.4,Low,Allow with normal monitoring
VPN_1164,2026-08-06 07:52:00,VENDOR_03,USER_03,OT_02,0,0.054198714113614224,41.4,12.3,Low,Allow with normal monitoring
VPN_1578,2026-08-24 19:40:00,VENDOR_06,USER_06,OT_12,0,0.07108251315781733,36.95,12.3,Low,Allow with normal monitoring
VPN_1254,2026-08-13 16:39:00,VENDOR_09,USER_09,OT_15,0,0.0695037065950005,37.75,12.3,Low,Allow with normal monitoring
VPN_0821,2026-08-24 09:00:00,VENDOR_08,USER_08,OT_09,0,0.08086035772551299,34.05,12.2,Low,Allow with normal monitoring
VPN_1942,2026-08-30 13:54:00,VENDOR_11,USER_11,OT_01,0,0.044998637270018134,43.45,12.2,Low,Allow with normal monitoring
VPN_0348,2026-08-07 16:47:00,VENDOR_03,USER_03,OT_03,0,0.15720789030039725,13.55,12.1,Low,Allow with normal monitoring
VPN_0782,2026-08-06 07:19:00,VENDOR_10,USER_10,OT_02,0,0.07256285680506239,36.0,12.1,Low,Allow with normal monitoring
VPN_1974,2026-08-05 07:43:00,VENDOR_09,USER_09,OT_05,0,0.026044165827207276,48.35,12.1,Low,Allow with normal monitoring
VPN_0562,2026-08-28 15:57:00,VENDOR_10,USER_10,OT_11,0,0.0824043486375121,33.28,12.1,Low,Allow with normal monitoring
VPN_0790,2026-08-08 11:31:00,VENDOR_03,USER_03,OT_03,0,0.13570702832608503,19.28,12.1,Low,Allow with normal monitoring
VPN_1165,2026-08-12 17:03:00,VENDOR_02,USER_02,OT_05,0,0.09475862854674873,30.12,12.1,Low,Allow with normal monitoring
VPN_1142,2026-08-12 08:11:00,VENDOR_01,USER_01,OT_08,0,0.09892693915926035,28.45,12.0,Low,Allow with normal monitoring
VPN_0855,2026-08-17 14:35:00,VENDOR_10,USER_10,OT_01,0,0.03680700997869169,44.95,12.0,Low,Allow with normal monitoring
VPN_0921,2026-08-11 13:52:00,VENDOR_04,USER_04,OT_10,0,0.10690345306436502,26.15,12.0,Low,Allow with normal monitoring
VPN_1505,2026-08-25 11:56:00,VENDOR_05,USER_05,OT_07,1,0.04249963214460785,43.5,12.0,Low,Allow with normal monitoring
VPN_0149,2026-08-31 12:32:00,VENDOR_04,USER_04,OT_13,0,0.051240715400697204,40.75,11.9,Low,Allow with normal monitoring
VPN_0471,2026-08-23 17:34:00,VENDOR_10,USER_10,OT_14,0,0.12611916148951824,20.95,11.9,Low,Allow with normal monitoring
VPN_0369,2026-08-15 19:47:00,VENDOR_03,USER_03,OT_13,0,0.11528186248407354,23.67,11.9,Low,Allow with normal monitoring
VPN_1337,2026-08-21 13:38:00,VENDOR_09,USER_09,OT_07,0,0.038411800914702185,44.1,11.9,Low,Allow with normal monitoring
VPN_1580,2026-08-03 09:19:00,VENDOR_08,USER_08,OT_01,0,0.0735578282444726,34.9,11.9,Low,Allow with normal monitoring
VPN_0950,2026-08-26 09:28:00,VENDOR_08,USER_08,OT_13,0,0.07016335036047429,35.65,11.9,Low,Allow with normal monitoring
VPN_1129,2026-08-31 18:12:00,VENDOR_03,USER_03,OT_04,0,0.14917560051319148,14.95,11.9,Low,Allow with normal monitoring
VPN_0705,2026-08-13 12:44:00,VENDOR_10,USER_10,OT_11,0,0.08645434002453461,31.25,11.9,Low,Allow with normal monitoring
VPN_1885,2026-08-09 09:23:00,VENDOR_06,USER_06,OT_13,0,0.04973965927078648,40.4,11.8,Low,Allow with normal monitoring
VPN_0412,2026-08-28 10:03:00,VENDOR_06,USER_06,OT_02,0,0.13288102159064377,18.6,11.8,Low,Allow with normal monitoring
VPN_1978,2026-08-16 14:51:00,VENDOR_01,USER_01,OT_09,0,0.07501462114152366,33.65,11.8,Low,Allow with normal monitoring
VPN_1470,2026-08-31 18:08:00,VENDOR_09,USER_09,OT_14,0,0.02987468384494042,45.65,11.8,Low,Allow with normal monitoring
VPN_1845,2026-08-19 10:48:00,VENDOR_11,USER_11,OT_11,0,0.12762469105360777,20.0,11.8,Low,Allow with normal monitoring
VPN_0476,2026-08-09 12:57:00,VENDOR_03,USER_03,OT_06,0,0.13603535416303522,17.5,11.7,Low,Allow with normal monitoring
VPN_0759,2026-08-24 18:06:00,VENDOR_08,USER_08,OT_13,0,0.0542930406151668,39.0,11.7,Low,Allow with normal monitoring
VPN_0324,2026-08-19 17:27:00,VENDOR_09,USER_09,OT_13,0,0.03918797617198898,43.05,11.7,Low,Allow with normal monitoring
VPN_1295,2026-08-14 07:53:00,VENDOR_05,USER_05,OT_14,0,0.05192899141672174,38.92,11.6,Low,Allow with normal monitoring
VPN_1094,2026-08-31 11:08:00,VENDOR_08,USER_08,OT_03,0,0.10213532997750406,25.2,11.5,Low,Allow with normal monitoring
VPN_1243,2026-08-07 09:44:00,VENDOR_06,USER_06,OT_07,0,0.0388114386526326,42.18,11.5,Low,Allow with normal monitoring
VPN_0580,2026-08-14 13:50:00,VENDOR_05,USER_05,OT_12,0,0.0801401442545766,31.15,11.5,Low,Allow with normal monitoring
VPN_1282,2026-08-31 15:49:00,VENDOR_01,USER_01,OT_02,0,0.05809712003200087,37.0,11.5,Low,Allow with normal monitoring
VPN_0057,2026-08-15 09:55:00,VENDOR_05,USER_05,OT_11,0,0.12631759147040827,19.08,11.5,Low,Allow with normal monitoring
VPN_1347,2026-08-03 14:24:00,VENDOR_07,USER_07,OT_09,0,0.18106703550872016,4.0,11.4,Low,Allow with normal monitoring
VPN_1854,2026-08-25 10:06:00,VENDOR_09,USER_09,OT_14,0,0.0288656403924495,44.3,11.4,Low,Allow with normal monitoring
VPN_1431,2026-08-10 08:22:00,VENDOR_02,USER_02,OT_11,0,0.130506307777592,17.55,11.4,Low,Allow with normal monitoring
VPN_1492,2026-08-19 13:53:00,VENDOR_11,USER_11,OT_14,0,0.10713276394563816,23.67,11.4,Low,Allow with normal monitoring
VPN_0877,2026-08-28 06:25:00,VENDOR_10,USER_10,OT_13,0,0.038150115831263216,41.35,11.3,Low,Allow with normal monitoring
VPN_1888,2026-08-12 06:31:00,VENDOR_05,USER_05,OT_01,0,0.05638050312331713,36.5,11.3,Low,Allow with normal monitoring
VPN_0581,2026-08-12 15:17:00,VENDOR_02,USER_02,OT_11,0,0.06358686432211026,34.8,11.3,Low,Allow with normal monitoring
VPN_1699,2026-08-01 16:11:00,VENDOR_12,USER_12,OT_02,0,0.036439021072871704,41.95,11.3,Low,Allow with normal monitoring
VPN_1801,2026-08-18 13:44:00,VENDOR_05,USER_05,OT_13,0,0.11430024068715977,21.35,11.3,Low,Allow with normal monitoring
VPN_1771,2026-08-26 19:18:00,VENDOR_09,USER_09,OT_11,0,0.06672349056290205,33.15,11.2,Low,Allow with normal monitoring
VPN_0446,2026-08-16 13:14:00,VENDOR_01,USER_01,OT_14,0,0.03628410411229321,41.5,11.2,Low,Allow with normal monitoring
VPN_1096,2026-08-09 11:49:00,VENDOR_05,USER_05,OT_07,0,0.07211012262220712,31.95,11.2,Low,Allow with normal monitoring
VPN_1020,2026-08-11 14:39:00,VENDOR_05,USER_05,OT_11,0,0.15826968788680282,9.2,11.2,Low,Allow with normal monitoring
VPN_1078,2026-08-29 06:58:00,VENDOR_02,USER_02,OT_12,0,0.04194325573872584,39.3,11.1,Low,Allow with normal monitoring
VPN_1373,2026-08-19 06:42:00,VENDOR_04,USER_04,OT_06,0,0.05114115187433171,36.8,11.1,Low,Allow with normal monitoring
VPN_0470,2026-08-07 12:00:00,VENDOR_10,USER_10,OT_07,0,0.06174908145423074,34.15,11.1,Low,Allow with normal monitoring
VPN_1417,2026-08-16 17:14:00,VENDOR_11,USER_11,OT_09,0,0.11932704414887149,18.35,11.0,Low,Allow with normal monitoring
VPN_0579,2026-08-19 19:10:00,VENDOR_05,USER_05,OT_14,0,0.09087258475804078,25.45,10.9,Low,Allow with normal monitoring
VPN_0571,2026-08-14 09:53:00,VENDOR_03,USER_03,OT_08,0,0.1076143650645611,21.25,10.9,Low,Allow with normal monitoring
VPN_0720,2026-08-31 13:45:00,VENDOR_03,USER_03,OT_13,0,0.07471689102533356,30.0,10.9,Low,Allow with normal monitoring
VPN_0364,2026-08-29 19:52:00,VENDOR_04,USER_04,OT_04,0,0.0988382503679632,23.45,10.9,Low,Allow with normal monitoring
VPN_0709,2026-08-17 13:24:00,VENDOR_05,USER_05,OT_08,0,0.10923625765008319,20.1,10.8,Low,Allow with normal monitoring
VPN_0199,2026-08-16 18:36:00,VENDOR_03,USER_03,OT_15,0,0.10829376388794461,20.05,10.7,Low,Allow with normal monitoring
VPN_1496,2026-08-31 07:17:00,VENDOR_04,USER_04,OT_02,0,0.048207945442201666,36.15,10.7,Low,Allow with normal monitoring
VPN_1816,2026-08-18 13:08:00,VENDOR_06,USER_06,OT_15,0,0.049956750830755126,35.3,10.7,Low,Allow with normal monitoring
VPN_1369,2026-08-29 06:42:00,VENDOR_01,USER_01,OT_05,0,0.025254515849631638,42.18,10.7,Low,Allow with normal monitoring
VPN_1954,2026-08-30 18:27:00,VENDOR_11,USER_11,OT_15,0,0.1134917363947625,18.25,10.6,Low,Allow with normal monitoring
VPN_1715,2026-08-20 18:22:00,VENDOR_10,USER_10,OT_15,0,0.05982011722707623,32.25,10.6,Low,Allow with normal monitoring
VPN_0516,2026-08-06 12:05:00,VENDOR_07,USER_07,OT_11,0,0.10338357223837777,20.5,10.5,Low,Allow with normal monitoring
VPN_0200,2026-08-18 15:19:00,VENDOR_11,USER_11,OT_08,0,0.16555683520408082,4.05,10.5,Low,Allow with normal monitoring
VPN_0987,2026-08-12 18:09:00,VENDOR_02,USER_02,OT_11,0,0.11957923737197121,16.4,10.5,Low,Allow with normal monitoring
VPN_1620,2026-08-09 13:23:00,VENDOR_11,USER_11,OT_13,0,0.08052284310809772,26.7,10.5,Low,Allow with normal monitoring
VPN_0499,2026-08-13 06:15:00,VENDOR_04,USER_04,OT_05,0,0.0460829701143975,35.75,10.5,Low,Allow with normal monitoring
VPN_1035,2026-08-06 19:04:00,VENDOR_01,USER_01,OT_12,0,0.03706624301423453,37.35,10.4,Low,Allow with normal monitoring
VPN_1621,2026-08-14 10:14:00,VENDOR_11,USER_11,OT_03,0,0.06673384305860591,29.9,10.4,Low,Allow with normal monitoring
VPN_1764,2026-08-17 12:16:00,VENDOR_04,USER_04,OT_15,0,0.09540025025922508,22.15,10.4,Low,Allow with normal monitoring
VPN_1027,2026-08-15 13:18:00,VENDOR_10,USER_10,OT_01,0,0.0766740940931046,26.75,10.3,Low,Allow with normal monitoring
VPN_0457,2026-08-09 11:46:00,VENDOR_05,USER_05,OT_14,0,0.09259332497498814,22.25,10.3,Low,Allow with normal monitoring
VPN_0684,2026-08-14 17:58:00,VENDOR_02,USER_02,OT_15,0,0.11946793772544806,15.5,10.3,Low,Allow with normal monitoring
VPN_1432,2026-08-08 18:20:00,VENDOR_09,USER_09,OT_02,0,0.03569996071869095,37.6,10.3,Low,Allow with normal monitoring
VPN_0309,2026-08-12 18:37:00,VENDOR_11,USER_11,OT_15,0,0.05215805913428558,32.6,10.2,Low,Allow with normal monitoring
VPN_1125,2026-08-15 13:18:00,VENDOR_04,USER_04,OT_06,0,0.11358793293445546,16.25,10.2,Low,Allow with normal monitoring
VPN_0959,2026-08-23 06:46:00,VENDOR_09,USER_09,OT_06,0,0.07571833482016863,26.3,10.2,Low,Allow with normal monitoring
VPN_1419,2026-08-07 12:23:00,VENDOR_11,USER_11,OT_03,0,0.08436716506549186,24.2,10.2,Low,Allow with normal monitoring
VPN_1198,2026-08-03 15:34:00,VENDOR_08,USER_08,OT_13,0,0.10074025924191257,19.9,10.2,Low,Allow with normal monitoring
VPN_1749,2026-08-16 13:22:00,VENDOR_11,USER_11,OT_09,0,0.1157203631810936,15.9,10.2,Low,Allow with normal monitoring
VPN_1045,2026-08-11 06:38:00,VENDOR_12,USER_12,OT_04,0,0.1217849377243069,14.35,10.2,Low,Allow with normal monitoring
VPN_0101,2026-08-26 13:39:00,VENDOR_04,USER_04,OT_04,0,0.09195801970846361,22.3,10.2,Low,Allow with normal monitoring
VPN_1565,2026-08-27 18:19:00,VENDOR_05,USER_05,OT_14,0,0.05143242712489101,32.2,10.1,Low,Allow with normal monitoring
VPN_0819,2026-08-24 15:19:00,VENDOR_08,USER_08,OT_14,0,0.1120790151848805,16.55,10.1,Low,Allow with normal monitoring
VPN_0832,2026-08-22 09:29:00,VENDOR_03,USER_03,OT_02,0,0.10546743270301205,18.3,10.1,Low,Allow with normal monitoring
VPN_0290,2026-08-02 15:15:00,VENDOR_03,USER_03,OT_11,0,0.11372170911325714,16.15,10.1,Low,Allow with normal monitoring
VPN_1483,2026-08-18 14:31:00,VENDOR_11,USER_11,OT_15,0,0.1216246196573197,13.5,10.0,Low,Allow with normal monitoring
VPN_0862,2026-08-31 07:13:00,VENDOR_11,USER_11,OT_09,0,0.09358200760977571,20.65,10.0,Low,Allow with normal monitoring
VPN_0072,2026-08-29 17:01:00,VENDOR_10,USER_10,OT_04,0,0.13020000739704532,10.9,9.9,Low,Allow with normal monitoring
VPN_0218,2026-08-15 14:42:00,VENDOR_02,USER_02,OT_14,0,0.09361538246727788,20.4,9.9,Low,Allow with normal monitoring
VPN_0113,2026-08-30 09:11:00,VENDOR_09,USER_09,OT_11,0,0.09780884278682343,18.85,9.8,Low,Allow with normal monitoring
VPN_0382,2026-08-13 08:16:00,VENDOR_03,USER_03,OT_15,0,0.0408598382266732,33.7,9.8,Low,Allow with normal monitoring
VPN_0118,2026-08-14 10:23:00,VENDOR_09,USER_09,OT_03,0,0.09841088517537956,18.8,9.8,Low,Allow with normal monitoring
VPN_1310,2026-08-14 19:56:00,VENDOR_11,USER_11,OT_04,0,0.10590121679635411,16.83,9.8,Low,Allow with normal monitoring
VPN_1362,2026-08-15 19:44:00,VENDOR_11,USER_11,OT_04,0,0.09387766376361471,19.65,9.8,Low,Allow with normal monitoring
VPN_1722,2026-08-09 15:29:00,VENDOR_07,USER_07,OT_03,0,0.12416790536191565,11.95,9.8,Low,Allow with normal monitoring
VPN_0623,2026-08-21 14:31:00,VENDOR_11,USER_11,OT_15,0,0.04390705187260937,32.4,9.7,Low,Allow with normal monitoring
VPN_1615,2026-08-01 14:19:00,VENDOR_01,USER_01,OT_03,0,0.10954746604243479,15.38,9.7,Low,Allow with normal monitoring
VPN_0394,2026-08-31 11:07:00,VENDOR_05,USER_05,OT_12,0,0.08874618082105695,20.55,9.7,Low,Allow with normal monitoring
VPN_0390,2026-08-09 11:08:00,VENDOR_05,USER_05,OT_08,0,0.10666164927345949,15.75,9.7,Low,Allow with normal monitoring
VPN_1152,2026-08-11 07:01:00,VENDOR_03,USER_03,OT_15,0,0.0408598382266732,33.28,9.7,Low,Allow with normal monitoring
VPN_1625,2026-08-07 06:13:00,VENDOR_12,USER_12,OT_03,0,0.06951138905267078,25.8,9.7,Low,Allow with normal monitoring
VPN_1586,2026-08-16 12:18:00,VENDOR_03,USER_03,OT_01,0,0.07229986451438812,25.15,9.7,Low,Allow with normal monitoring
VPN_1623,2026-08-12 19:17:00,VENDOR_10,USER_10,OT_15,0,0.04057092158056597,33.05,9.6,Low,Allow with normal monitoring
VPN_1174,2026-08-03 11:54:00,VENDOR_08,USER_08,OT_09,0,0.06920035721570549,24.95,9.5,Low,Allow with normal monitoring
VPN_0358,2026-08-11 18:35:00,VENDOR_11,USER_11,OT_11,0,0.12341026553978196,10.5,9.5,Low,Allow with normal monitoring
VPN_0225,2026-08-26 13:42:00,VENDOR_06,USER_06,OT_13,0,0.08533245002342657,20.7,9.5,Low,Allow with normal monitoring
VPN_1872,2026-08-13 17:20:00,VENDOR_07,USER_07,OT_14,0,0.0967217602435117,17.8,9.5,Low,Allow with normal monitoring
VPN_0159,2026-08-09 15:31:00,VENDOR_01,USER_01,OT_10,0,0.049404403197569904,30.12,9.5,Low,Allow with normal monitoring
VPN_1171,2026-08-03 09:26:00,VENDOR_07,USER_07,OT_03,0,0.09675194053450475,16.83,9.3,Low,Allow with normal monitoring
VPN_1579,2026-08-26 16:33:00,VENDOR_02,USER_02,OT_12,0,0.0864260699090908,19.35,9.3,Low,Allow with normal monitoring
VPN_0772,2026-08-18 18:37:00,VENDOR_05,USER_05,OT_08,0,0.11041035524974054,13.2,9.3,Low,Allow with normal monitoring
VPN_0125,2026-08-17 10:49:00,VENDOR_12,USER_12,OT_05,1,0.04468128023232532,30.65,9.3,Low,Allow with normal monitoring
VPN_1091,2026-08-18 15:14:00,VENDOR_07,USER_07,OT_10,0,0.06533284613856957,24.75,9.2,Low,Allow with normal monitoring
VPN_0655,2026-08-05 17:58:00,VENDOR_01,USER_01,OT_02,0,0.07623631772442128,21.65,9.2,Low,Allow with normal monitoring
VPN_1307,2026-08-21 15:27:00,VENDOR_09,USER_09,OT_15,0,0.0699866570233696,23.0,9.1,Low,Allow with normal monitoring
VPN_1522,2026-08-24 12:46:00,VENDOR_05,USER_05,OT_14,0,0.07607989191102903,21.45,9.1,Low,Allow with normal monitoring
VPN_1317,2026-08-19 12:51:00,VENDOR_06,USER_06,OT_08,0,0.14690633514626916,2.65,9.1,Low,Allow with normal monitoring
VPN_0063,2026-08-16 17:06:00,VENDOR_04,USER_04,OT_02,0,0.11105572715646625,11.5,9.0,Low,Allow with normal monitoring
VPN_0083,2026-08-21 15:47:00,VENDOR_08,USER_08,OT_11,0,0.10126520769531247,14.2,9.0,Low,Allow with normal monitoring
VPN_0677,2026-08-12 10:21:00,VENDOR_02,USER_02,OT_03,0,0.08827885153015634,17.75,9.0,Low,Allow with normal monitoring
VPN_0343,2026-08-31 12:09:00,VENDOR_10,USER_10,OT_12,0,0.11070835745957146,11.55,9.0,Low,Allow with normal monitoring
VPN_1201,2026-08-11 17:31:00,VENDOR_11,USER_11,OT_02,0,0.04537633870763681,28.6,8.9,Low,Allow with normal monitoring
VPN_0334,2026-08-28 15:22:00,VENDOR_08,USER_08,OT_06,0,0.0872460613756614,17.45,8.9,Low,Allow with normal monitoring
VPN_0463,2026-08-16 16:36:00,VENDOR_12,USER_12,OT_05,0,0.03830655764145904,30.55,8.9,Low,Allow with normal monitoring
VPN_0111,2026-08-01 14:03:00,VENDOR_03,USER_03,OT_11,0,0.07984384193921669,19.28,8.9,Low,Allow with normal monitoring
VPN_1118,2026-08-11 08:28:00,VENDOR_06,USER_06,OT_04,0,0.10540964404822294,12.42,8.8,Low,Allow with normal monitoring
VPN_0237,2026-08-11 16:27:00,VENDOR_02,USER_02,OT_01,0,0.08286996158868973,17.9,8.7,Low,Allow with normal monitoring
VPN_0901,2026-08-25 14:37:00,VENDOR_05,USER_05,OT_09,0,0.08487151802731917,17.32,8.7,Low,Allow with normal monitoring
VPN_1279,2026-08-17 15:18:00,VENDOR_11,USER_11,OT_11,0,0.08400466596450848,17.25,8.7,Low,Allow with normal monitoring
VPN_1873,2026-08-19 07:34:00,VENDOR_11,USER_11,OT_08,0,0.0836156956585741,17.32,8.7,Low,Allow with normal monitoring
VPN_1245,2026-08-22 06:58:00,VENDOR_09,USER_09,OT_13,0,0.05269648320367528,25.7,8.7,Low,Allow with normal monitoring
VPN_1602,2026-08-04 08:10:00,VENDOR_12,USER_12,OT_01,0,0.0709227716602578,21.0,8.7,Low,Allow with normal monitoring
VPN_1779,2026-08-20 11:35:00,VENDOR_06,USER_06,OT_05,0,0.08747742214531544,16.6,8.7,Low,Allow with normal monitoring
VPN_0373,2026-08-18 07:27:00,VENDOR_02,USER_02,OT_06,0,0.08013311077472311,18.1,8.6,Low,Allow with normal monitoring
VPN_1762,2026-08-17 11:33:00,VENDOR_06,USER_06,OT_10,0,0.06453688031934089,21.85,8.6,Low,Allow with normal monitoring
VPN_1017,2026-08-11 11:18:00,VENDOR_07,USER_07,OT_06,0,0.07427609642015019,19.4,8.6,Low,Allow with normal monitoring
VPN_0195,2026-08-06 13:32:00,VENDOR_11,USER_11,OT_06,0,0.05376057947814691,24.6,8.5,Low,Allow with normal monitoring
VPN_0256,2026-08-28 14:53:00,VENDOR_08,USER_08,OT_05,0,0.058952334851886806,22.9,8.5,Low,Allow with normal monitoring
VPN_1516,2026-08-15 08:59:00,VENDOR_05,USER_05,OT_08,0,0.08127669513270407,17.05,8.5,Low,Allow with normal monitoring
VPN_0663,2026-08-10 07:06:00,VENDOR_12,USER_12,OT_06,0,0.06120678620418364,21.95,8.4,Low,Allow with normal monitoring
VPN_0257,2026-08-31 07:01:00,VENDOR_09,USER_09,OT_01,0,0.0594376646269866,22.6,8.4,Low,Allow with normal monitoring
VPN_1898,2026-08-19 13:31:00,VENDOR_05,USER_05,OT_12,0,0.06469895937509643,20.9,8.4,Low,Allow with normal monitoring
VPN_1015,2026-08-12 18:59:00,VENDOR_03,USER_03,OT_14,0,0.06492670382742519,21.15,8.4,Low,Allow with normal monitoring
VPN_0026,2026-08-04 10:55:00,VENDOR_03,USER_03,OT_04,0,0.06827380410238934,20.2,8.4,Low,Allow with normal monitoring
VPN_0418,2026-08-26 07:21:00,VENDOR_10,USER_10,OT_08,0,0.06965773462651957,19.8,8.4,Low,Allow with normal monitoring
VPN_1267,2026-08-19 10:04:00,VENDOR_10,USER_10,OT_11,0,0.13001496115437502,4.1,8.4,Low,Allow with normal monitoring
VPN_0781,2026-08-23 09:04:00,VENDOR_06,USER_06,OT_04,0,0.10509054782921073,10.6,8.4,Low,Allow with normal monitoring
VPN_0651,2026-08-16 07:29:00,VENDOR_03,USER_03,OT_02,0,0.06262726057315127,21.4,8.3,Low,Allow with normal monitoring
VPN_1904,2026-08-27 17:28:00,VENDOR_02,USER_02,OT_13,0,0.06420204132360136,20.45,8.2,Low,Allow with normal monitoring
VPN_0589,2026-08-28 19:08:00,VENDOR_07,USER_07,OT_08,0,0.07078843574289186,18.4,8.2,Low,Allow with normal monitoring
VPN_1773,2026-08-18 09:50:00,VENDOR_03,USER_03,OT_13,0,0.06638641149733071,19.6,8.2,Low,Allow with normal monitoring
VPN_0951,2026-08-21 11:50:00,VENDOR_04,USER_04,OT_04,0,0.07394536598208284,17.6,8.2,Low,Allow with normal monitoring
VPN_1479,2026-08-01 16:57:00,VENDOR_04,USER_04,OT_12,0,0.062147991775542186,21.05,8.2,Low,Allow with normal monitoring
VPN_0910,2026-08-10 18:34:00,VENDOR_02,USER_02,OT_12,0,0.06935610222205321,19.08,8.2,Low,Allow with normal monitoring
VPN_1379,2026-08-20 18:46:00,VENDOR_02,USER_02,OT_14,0,0.0815727969550312,15.1,8.1,Low,Allow with normal monitoring
VPN_0685,2026-08-08 13:42:00,VENDOR_07,USER_07,OT_03,0,0.11750941052654557,5.88,8.1,Low,Allow with normal monitoring
VPN_1467,2026-08-02 08:38:00,VENDOR_11,USER_11,OT_07,0,0.05163865013925913,23.25,8.1,Low,Allow with normal monitoring
VPN_1778,2026-08-15 12:16:00,VENDOR_02,USER_02,OT_03,0,0.11821636690102699,5.45,8.1,Low,Allow with normal monitoring
VPN_1880,2026-08-29 07:46:00,VENDOR_03,USER_03,OT_11,0,0.09796333673981487,10.85,8.1,Low,Allow with normal monitoring
VPN_0642,2026-08-15 19:33:00,VENDOR_05,USER_05,OT_13,0,0.09724175654644109,11.15,8.1,Low,Allow with normal monitoring
VPN_1793,2026-08-22 09:22:00,VENDOR_02,USER_02,OT_12,0,0.07604053110006413,16.1,8.0,Low,Allow with normal monitoring
VPN_0644,2026-08-06 10:07:00,VENDOR_05,USER_05,OT_08,0,0.11790215830750991,5.38,8.0,Low,Allow with normal monitoring
VPN_1707,2026-08-08 06:06:00,VENDOR_02,USER_02,OT_08,0,0.08247018935530047,14.75,8.0,Low,Allow with normal monitoring
VPN_0186,2026-08-06 16:30:00,VENDOR_05,USER_05,OT_06,0,0.10113068725803628,9.45,7.9,Low,Allow with normal monitoring
VPN_0565,2026-08-31 12:08:00,VENDOR_04,USER_04,OT_06,0,0.07287945400040195,16.65,7.9,Low,Allow with normal monitoring
VPN_0817,2026-08-24 08:13:00,VENDOR_03,USER_03,OT_08,0,0.08156093844914772,14.0,7.8,Low,Allow with normal monitoring
VPN_0787,2026-08-27 11:37:00,VENDOR_02,USER_02,OT_08,0,0.06238545261816912,19.2,7.8,Low,Allow with normal monitoring
VPN_1402,2026-08-03 14:01:00,VENDOR_01,USER_01,OT_11,0,0.09264340495637687,11.2,7.8,Low,Allow with normal monitoring
VPN_1450,2026-08-20 06:20:00,VENDOR_05,USER_05,OT_04,0,0.08140502222985345,14.1,7.8,Low,Allow with normal monitoring
VPN_0766,2026-08-31 09:14:00,VENDOR_05,USER_05,OT_13,0,0.08808309057454439,11.85,7.7,Low,Allow with normal monitoring
VPN_0081,2026-08-30 07:36:00,VENDOR_07,USER_07,OT_13,0,0.06525397328995079,17.95,7.7,Low,Allow with normal monitoring
VPN_0345,2026-08-17 15:19:00,VENDOR_07,USER_07,OT_11,0,0.10126248785208034,8.35,7.7,Low,Allow with normal monitoring
VPN_0207,2026-08-27 11:06:00,VENDOR_01,USER_01,OT_02,0,0.05447876748000743,20.75,7.7,Low,Allow with normal monitoring
VPN_0363,2026-08-04 13:30:00,VENDOR_11,USER_11,OT_13,0,0.0585382369436698,19.55,7.7,Low,Allow with normal monitoring
VPN_1453,2026-08-27 10:34:00,VENDOR_10,USER_10,OT_11,0,0.10513271316847966,6.85,7.6,Low,Allow with normal monitoring
VPN_0602,2026-08-01 19:48:00,VENDOR_03,USER_03,OT_11,0,0.101852443511298,7.65,7.6,Low,Allow with normal monitoring
VPN_0733,2026-08-08 18:31:00,VENDOR_08,USER_08,OT_09,0,0.08077989300347424,13.4,7.6,Low,Allow with normal monitoring
VPN_1684,2026-08-11 18:53:00,VENDOR_04,USER_04,OT_03,0,0.12532593487444832,1.6,7.6,Low,Allow with normal monitoring
VPN_1689,2026-08-28 13:55:00,VENDOR_08,USER_08,OT_01,0,0.05123001404958784,20.6,7.5,Low,Allow with normal monitoring
VPN_1543,2026-08-03 12:51:00,VENDOR_09,USER_09,OT_11,0,0.08204888524297002,12.42,7.5,Low,Allow with normal monitoring
VPN_1661,2026-08-23 12:27:00,VENDOR_02,USER_02,OT_05,0,0.05977046168834301,18.5,7.5,Low,Allow with normal monitoring
VPN_0413,2026-08-21 10:13:00,VENDOR_04,USER_04,OT_03,0,0.07789962802813005,13.7,7.5,Low,Allow with normal monitoring
VPN_1069,2026-08-12 11:16:00,VENDOR_09,USER_09,OT_09,0,0.05809913066455209,18.9,7.5,Low,Allow with normal monitoring
VPN_0907,2026-08-19 10:04:00,VENDOR_07,USER_07,OT_15,0,0.05373895875545254,19.95,7.5,Low,Allow with normal monitoring
VPN_1613,2026-08-18 17:44:00,VENDOR_07,USER_07,OT_13,0,0.059392870616171975,18.65,7.5,Low,Allow with normal monitoring
VPN_0754,2026-08-11 06:54:00,VENDOR_02,USER_02,OT_15,0,0.054351459545855234,19.85,7.5,Low,Allow with normal monitoring
VPN_1303,2026-08-02 14:05:00,VENDOR_11,USER_11,OT_13,0,0.06588952642368819,16.5,7.5,Low,Allow with normal monitoring
VPN_1573,2026-08-31 06:16:00,VENDOR_10,USER_10,OT_13,0,0.04290971676846541,22.2,7.4,Low,Allow with normal monitoring
VPN_1054,2026-08-13 07:27:00,VENDOR_02,USER_02,OT_13,0,0.06838716659968257,15.65,7.4,Low,Allow with normal monitoring
VPN_0614,2026-08-10 15:46:00,VENDOR_09,USER_09,OT_07,0,0.03740153311320215,23.6,7.4,Low,Allow with normal monitoring
VPN_0109,2026-08-02 09:46:00,VENDOR_01,USER_01,OT_14,0,0.0354326141621152,24.1,7.4,Low,Allow with normal monitoring
VPN_1821,2026-08-24 10:33:00,VENDOR_04,USER_04,OT_13,0,0.05043119226139681,20.3,7.4,Low,Allow with normal monitoring
VPN_1130,2026-08-18 19:16:00,VENDOR_05,USER_05,OT_06,0,0.07869862291614181,12.7,7.4,Low,Allow with normal monitoring
VPN_1970,2026-08-23 07:17:00,VENDOR_06,USER_06,OT_10,0,0.055003112014273915,18.95,7.4,Low,Allow with normal monitoring
VPN_0012,2026-08-21 08:19:00,VENDOR_09,USER_09,OT_09,0,0.05969028067223421,18.0,7.4,Low,Allow with normal monitoring
VPN_0040,2026-08-24 16:39:00,VENDOR_06,USER_06,OT_04,0,0.07525071883897018,13.35,7.3,Low,Allow with normal monitoring
VPN_1442,2026-08-15 08:45:00,VENDOR_05,USER_05,OT_08,0,0.09166420461078825,9.07,7.3,Low,Allow with normal monitoring
VPN_0360,2026-08-28 11:16:00,VENDOR_03,USER_03,OT_13,0,0.07059719828342259,14.4,7.3,Low,Allow with normal monitoring
VPN_1172,2026-08-25 07:30:00,VENDOR_04,USER_04,OT_06,0,0.054799893242356054,18.55,7.3,Low,Allow with normal monitoring
VPN_0628,2026-08-02 10:15:00,VENDOR_07,USER_07,OT_08,0,0.07067667820691774,14.48,7.3,Low,Allow with normal monitoring
VPN_1086,2026-08-11 11:21:00,VENDOR_04,USER_04,OT_10,0,0.07140754257703275,14.3,7.3,Low,Allow with normal monitoring
VPN_1905,2026-08-26 17:39:00,VENDOR_03,USER_03,OT_05,0,0.05377579623920305,19.0,7.3,Low,Allow with normal monitoring
VPN_0121,2026-08-25 18:34:00,VENDOR_07,USER_07,OT_13,0,0.06061643610453059,17.2,7.3,Low,Allow with normal monitoring
VPN_1156,2026-08-22 10:52:00,VENDOR_06,USER_06,OT_01,0,0.04514752966529237,21.5,7.3,Low,Allow with normal monitoring
VPN_0475,2026-08-18 16:23:00,VENDOR_04,USER_04,OT_06,0,0.06454747293455011,16.32,7.3,Low,Allow with normal monitoring
VPN_0654,2026-08-30 16:37:00,VENDOR_02,USER_02,OT_05,0,0.075537212812478,13.2,7.3,Low,Allow with normal monitoring
VPN_0391,2026-08-03 12:38:00,VENDOR_10,USER_10,OT_08,0,0.06760551713698647,15.25,7.3,Low,Allow with normal monitoring
VPN_1540,2026-08-18 09:32:00,VENDOR_12,USER_12,OT_09,0,0.053996758299567224,18.7,7.2,Low,Allow with normal monitoring
VPN_1414,2026-08-10 07:59:00,VENDOR_06,USER_06,OT_09,0,0.09469987198373621,7.55,7.2,Low,Allow with normal monitoring
VPN_0438,2026-08-11 12:47:00,VENDOR_08,USER_08,OT_13,0,0.05534191784657731,18.05,7.2,Low,Allow with normal monitoring
VPN_0914,2026-08-26 19:44:00,VENDOR_11,USER_11,OT_07,0,0.04654838096514611,20.25,7.2,Low,Allow with normal monitoring
VPN_1546,2026-08-06 19:23:00,VENDOR_03,USER_03,OT_10,0,0.06316445276320624,16.0,7.2,Low,Allow with normal monitoring
VPN_1429,2026-08-18 19:17:00,VENDOR_02,USER_02,OT_11,0,0.10246428505603146,5.15,7.1,Low,Allow with normal monitoring
VPN_0898,2026-08-16 15:14:00,VENDOR_05,USER_05,OT_02,0,0.07152635525528618,13.2,7.1,Low,Allow with normal monitoring
VPN_0886,2026-08-25 08:04:00,VENDOR_05,USER_05,OT_09,0,0.1075003813486464,3.8,7.1,Low,Allow with normal monitoring
VPN_1583,2026-08-19 06:04:00,VENDOR_08,USER_08,OT_01,0,0.04781916370602402,19.45,7.1,Low,Allow with normal monitoring
VPN_1197,2026-08-27 10:09:00,VENDOR_01,USER_01,OT_03,0,0.06491462346667501,15.2,7.1,Low,Allow with normal monitoring
VPN_1733,2026-08-24 15:41:00,VENDOR_06,USER_06,OT_08,0,0.11377541335409698,2.1,7.1,Low,Allow with normal monitoring
VPN_0653,2026-08-06 17:40:00,VENDOR_01,USER_01,OT_10,0,0.0704649662801887,13.8,7.1,Low,Allow with normal monitoring
VPN_1043,2026-08-18 16:02:00,VENDOR_09,USER_09,OT_07,0,0.04134668947800239,20.85,7.0,Low,Allow with normal monitoring
VPN_1666,2026-08-22 08:12:00,VENDOR_09,USER_09,OT_06,0,0.04503535118822991,19.75,7.0,Low,Allow with normal monitoring
VPN_0870,2026-08-27 15:42:00,VENDOR_01,USER_01,OT_02,0,0.05647666142032744,16.75,7.0,Low,Allow with normal monitoring
VPN_0193,2026-08-08 15:54:00,VENDOR_07,USER_07,OT_02,0,0.0874537200820231,8.8,7.0,Low,Allow with normal monitoring
VPN_1158,2026-08-29 14:42:00,VENDOR_06,USER_06,OT_12,0,0.10696246218423015,3.42,7.0,Low,Allow with normal monitoring
VPN_1246,2026-08-02 11:32:00,VENDOR_05,USER_05,OT_08,0,0.10760874432718076,3.25,7.0,Low,Allow with normal monitoring
VPN_0112,2026-08-06 08:23:00,VENDOR_05,USER_05,OT_01,0,0.05672417001462637,16.9,7.0,Low,Allow with normal monitoring
VPN_1676,2026-08-26 11:34:00,VENDOR_03,USER_03,OT_02,0,0.07613886231799183,11.72,7.0,Low,Allow with normal monitoring
VPN_0868,2026-08-05 18:33:00,VENDOR_07,USER_07,OT_14,0,0.06966872652548696,13.3,7.0,Low,Allow with normal monitoring
VPN_1747,2026-08-21 18:47:00,VENDOR_12,USER_12,OT_01,0,0.06036650631837757,15.6,6.9,Low,Allow with normal monitoring
VPN_1603,2026-08-14 09:50:00,VENDOR_12,USER_12,OT_11,0,0.07292987406608643,12.25,6.9,Low,Allow with normal monitoring
VPN_1026,2026-08-23 12:01:00,VENDOR_09,USER_09,OT_02,0,0.04045184735048579,20.8,6.9,Low,Allow with normal monitoring
VPN_0472,2026-08-25 11:33:00,VENDOR_08,USER_08,OT_06,0,0.0779311412650267,10.75,6.9,Low,Allow with normal monitoring
VPN_1622,2026-08-31 12:04:00,VENDOR_02,USER_02,OT_10,0,0.06532946309942704,14.25,6.9,Low,Allow with normal monitoring
VPN_0347,2026-08-02 14:28:00,VENDOR_12,USER_12,OT_15,0,0.043475988262988104,19.7,6.9,Low,Allow with normal monitoring
VPN_0488,2026-08-20 13:44:00,VENDOR_09,USER_09,OT_04,0,0.05067662361111774,18.15,6.9,Low,Allow with normal monitoring
VPN_0738,2026-08-04 18:52:00,VENDOR_03,USER_03,OT_09,0,0.09310216993348396,6.8,6.9,Low,Allow with normal monitoring
VPN_0673,2026-08-26 10:58:00,VENDOR_12,USER_12,OT_03,0,0.09024122096225295,7.7,6.9,Low,Allow with normal monitoring
VPN_0736,2026-08-20 13:34:00,VENDOR_05,USER_05,OT_05,0,0.07513870763336024,11.72,6.9,Low,Allow with normal monitoring
VPN_0713,2026-08-13 12:30:00,VENDOR_05,USER_05,OT_11,0,0.11659138576041496,0.4,6.9,Low,Allow with normal monitoring
VPN_0963,2026-08-28 18:07:00,VENDOR_07,USER_07,OT_02,0,0.07592478633203402,10.95,6.8,Low,Allow with normal monitoring
VPN_0318,2026-08-22 15:05:00,VENDOR_12,USER_12,OT_07,0,0.04457428697947502,19.15,6.8,Low,Allow with normal monitoring
VPN_1363,2026-08-03 08:07:00,VENDOR_01,USER_01,OT_11,0,0.08018131805612055,9.75,6.8,Low,Allow with normal monitoring
VPN_1945,2026-08-04 11:33:00,VENDOR_05,USER_05,OT_13,0,0.06576284504915207,13.75,6.8,Low,Allow with normal monitoring
VPN_0949,2026-08-07 08:35:00,VENDOR_09,USER_09,OT_08,0,0.04969766037461519,17.7,6.8,Low,Allow with normal monitoring
VPN_1447,2026-08-02 13:28:00,VENDOR_06,USER_06,OT_05,0,0.07893651543471306,10.25,6.8,Low,Allow with normal monitoring
VPN_1651,2026-08-28 15:38:00,VENDOR_04,USER_04,OT_08,0,0.07482520531300962,11.05,6.8,Low,Allow with normal monitoring
VPN_1551,2026-08-19 17:40:00,VENDOR_02,USER_02,OT_10,0,0.08377819117702867,8.6,6.8,Low,Allow with normal monitoring
VPN_1736,2026-08-17 16:54:00,VENDOR_03,USER_03,OT_08,0,0.08685755461220931,7.75,6.7,Low,Allow with normal monitoring
VPN_0165,2026-08-06 11:29:00,VENDOR_06,USER_06,OT_13,0,0.05080849996477205,17.0,6.7,Low,Allow with normal monitoring
VPN_1768,2026-08-18 12:34:00,VENDOR_02,USER_02,OT_12,0,0.0667675223950448,12.85,6.7,Low,Allow with normal monitoring
VPN_0339,2026-08-21 06:49:00,VENDOR_03,USER_03,OT_06,0,0.0658660404633949,13.1,6.7,Low,Allow with normal monitoring
VPN_0646,2026-08-16 15:01:00,VENDOR_03,USER_03,OT_09,0,0.08986497755908715,6.7,6.7,Low,Allow with normal monitoring
VPN_0717,2026-08-30 13:47:00,VENDOR_07,USER_07,OT_04,0,0.08482773185939932,8.3,6.7,Low,Allow with normal monitoring
VPN_1111,2026-08-28 10:11:00,VENDOR_01,USER_01,OT_14,0,0.045001633034597394,18.2,6.6,Low,Allow with normal monitoring
VPN_0974,2026-08-28 12:27:00,VENDOR_07,USER_07,OT_09,0,0.10996829480108661,0.82,6.6,Low,Allow with normal monitoring
VPN_0115,2026-08-17 08:45:00,VENDOR_10,USER_10,OT_05,0,0.04973945064478447,16.95,6.6,Low,Allow with normal monitoring
VPN_0068,2026-08-14 12:37:00,VENDOR_05,USER_05,OT_01,0,0.04953794548796734,17.15,6.6,Low,Allow with normal monitoring
VPN_1008,2026-08-05 08:48:00,VENDOR_11,USER_11,OT_01,0,0.0554825168242849,15.38,6.6,Low,Allow with normal monitoring
VPN_0957,2026-08-29 18:22:00,VENDOR_08,USER_08,OT_15,0,0.062326320624780204,13.45,6.6,Low,Allow with normal monitoring
VPN_0851,2026-08-22 18:26:00,VENDOR_02,USER_02,OT_12,0,0.0740605494336456,10.42,6.6,Low,Allow with normal monitoring
VPN_1969,2026-08-24 06:38:00,VENDOR_05,USER_05,OT_05,0,0.04831647753260136,17.1,6.6,Low,Allow with normal monitoring
VPN_1870,2026-08-30 09:22:00,VENDOR_05,USER_05,OT_13,0,0.07502553474088255,10.15,6.6,Low,Allow with normal monitoring
VPN_1437,2026-08-21 17:40:00,VENDOR_09,USER_09,OT_05,0,0.04868627554869414,16.7,6.5,Low,Allow with normal monitoring
VPN_1731,2026-08-19 16:57:00,VENDOR_06,USER_06,OT_12,0,0.05863349182636656,14.05,6.5,Low,Allow with normal monitoring
VPN_1051,2026-08-31 17:47:00,VENDOR_01,USER_01,OT_07,0,0.05082655757128652,16.05,6.5,Low,Allow with normal monitoring
VPN_0254,2026-08-10 12:04:00,VENDOR_01,USER_01,OT_03,0,0.07547498005266938,9.8,6.5,Low,Allow with normal monitoring
VPN_0263,2026-08-29 13:29:00,VENDOR_02,USER_02,OT_12,0,0.05289837106456682,15.7,6.5,Low,Allow with normal monitoring
VPN_0908,2026-08-27 14:19:00,VENDOR_02,USER_02,OT_14,0,0.05520984805574057,15.15,6.5,Low,Allow with normal monitoring
VPN_0031,2026-08-12 11:27:00,VENDOR_06,USER_06,OT_14,0,0.08709349277175359,6.35,6.4,Low,Allow with normal monitoring
VPN_1407,2026-08-02 07:59:00,VENDOR_05,USER_05,OT_08,0,0.08498277564720715,6.9,6.4,Low,Allow with normal monitoring
VPN_1021,2026-08-08 10:38:00,VENDOR_05,USER_05,OT_10,0,0.05545816538670009,14.48,6.4,Low,Allow with normal monitoring
VPN_0048,2026-08-20 06:04:00,VENDOR_06,USER_06,OT_12,0,0.06687071432830069,11.35,6.4,Low,Allow with normal monitoring
VPN_0464,2026-08-11 18:46:00,VENDOR_01,USER_01,OT_11,0,0.08414410920869375,6.75,6.4,Low,Allow with normal monitoring
VPN_0557,2026-08-06 09:34:00,VENDOR_04,USER_04,OT_14,0,0.054393116907191646,14.9,6.4,Low,Allow with normal monitoring
VPN_0833,2026-08-30 09:56:00,VENDOR_08,USER_08,OT_08,0,0.08229134461591198,7.4,6.4,Low,Allow with normal monitoring
VPN_0520,2026-08-07 14:58:00,VENDOR_12,USER_12,OT_13,0,0.09461880910371148,3.88,6.3,Low,Allow with normal monitoring
VPN_1133,2026-08-31 16:20:00,VENDOR_01,USER_01,OT_10,0,0.050717552948092645,15.3,6.3,Low,Allow with normal monitoring
VPN_1454,2026-08-10 19:11:00,VENDOR_10,USER_10,OT_09,0,0.07421973648468674,8.92,6.3,Low,Allow with normal monitoring
VPN_1748,2026-08-19 09:55:00,VENDOR_12,USER_12,OT_03,0,0.07323936674611611,9.5,6.3,Low,Allow with normal monitoring
VPN_1110,2026-08-07 11:07:00,VENDOR_04,USER_04,OT_09,0,0.050423987926972044,15.55,6.3,Low,Allow with normal monitoring
VPN_1293,2026-08-08 13:12:00,VENDOR_06,USER_06,OT_05,0,0.08519331202799366,5.95,6.3,Low,Allow with normal monitoring
VPN_1752,2026-08-31 13:27:00,VENDOR_01,USER_01,OT_14,0,0.03268056218222804,20.15,6.3,Low,Allow with normal monitoring
VPN_0873,2026-08-26 10:26:00,VENDOR_10,USER_10,OT_01,0,0.04600979873744744,16.32,6.3,Low,Allow with normal monitoring
VPN_0725,2026-08-03 14:27:00,VENDOR_02,USER_02,OT_13,0,0.07452232008944297,8.85,6.3,Low,Allow with normal monitoring
VPN_0403,2026-08-30 18:24:00,VENDOR_05,USER_05,OT_13,0,0.06573927204330693,11.25,6.3,Low,Allow with normal monitoring
VPN_1808,2026-08-11 09:12:00,VENDOR_08,USER_08,OT_14,0,0.047812173063066635,15.85,6.3,Low,Allow with normal monitoring
VPN_1263,2026-08-10 15:24:00,VENDOR_10,USER_10,OT_13,0,0.0685957733294179,10.7,6.3,Low,Allow with normal monitoring
VPN_0735,2026-08-01 06:58:00,VENDOR_10,USER_10,OT_04,0,0.09942820585305381,2.4,6.3,Low,Allow with normal monitoring
VPN_1520,2026-08-25 14:16:00,VENDOR_04,USER_04,OT_13,0,0.07806791180567159,7.8,6.2,Low,Allow with normal monitoring
VPN_1895,2026-08-26 19:07:00,VENDOR_03,USER_03,OT_02,0,0.07361876483540308,8.55,6.2,Low,Allow with normal monitoring
VPN_0501,2026-08-25 12:17:00,VENDOR_07,USER_07,OT_07,0,0.0719844123936637,9.15,6.2,Low,Allow with normal monitoring
VPN_0983,2026-08-02 13:27:00,VENDOR_03,USER_03,OT_01,0,0.060627590577109806,12.1,6.2,Low,Allow with normal monitoring
VPN_0894,2026-08-12 09:25:00,VENDOR_02,USER_02,OT_14,0,0.05906093637589723,12.55,6.2,Low,Allow with normal monitoring
VPN_0634,2026-08-15 16:11:00,VENDOR_11,USER_11,OT_14,0,0.05240922507391639,14.15,6.2,Low,Allow with normal monitoring
VPN_1890,2026-08-29 09:57:00,VENDOR_04,USER_04,OT_01,0,0.049028141371023515,14.85,6.1,Low,Allow with normal monitoring
VPN_0169,2026-08-19 19:21:00,VENDOR_07,USER_07,OT_07,0,0.06987914975038571,9.25,6.1,Low,Allow with normal monitoring
VPN_1238,2026-08-17 08:30:00,VENDOR_01,USER_01,OT_05,0,0.06781406198740968,9.9,6.1,Low,Allow with normal monitoring
VPN_1593,2026-08-22 09:09:00,VENDOR_08,USER_08,OT_10,0,0.049550245144570355,14.8,6.1,Low,Allow with normal monitoring
VPN_1459,2026-08-20 10:47:00,VENDOR_08,USER_08,OT_07,0,0.06805153077785264,9.95,6.1,Low,Allow with normal monitoring
VPN_0973,2026-08-18 14:06:00,VENDOR_10,USER_10,OT_10,0,0.060246487469329195,11.62,6.1,Low,Allow with normal monitoring
VPN_1787,2026-08-30 09:52:00,VENDOR_04,USER_04,OT_02,0,0.0537569149347606,13.6,6.1,Low,Allow with normal monitoring
VPN_0270,2026-08-30 08:47:00,VENDOR_08,USER_08,OT_10,0,0.047582557230966493,15.05,6.1,Low,Allow with normal monitoring
VPN_0325,2026-08-16 12:04:00,VENDOR_01,USER_01,OT_13,0,0.0598848284729882,12.05,6.1,Low,Allow with normal monitoring
VPN_0796,2026-08-22 12:52:00,VENDOR_01,USER_01,OT_02,0,0.049321684764648974,14.55,6.1,Low,Allow with normal monitoring
VPN_0840,2026-08-22 12:57:00,VENDOR_04,USER_04,OT_07,0,0.057123174209075825,12.62,6.1,Low,Allow with normal monitoring
VPN_0346,2026-08-13 08:36:00,VENDOR_01,USER_01,OT_09,0,0.0750536212166513,7.35,6.0,Low,Allow with normal monitoring
VPN_0085,2026-08-12 17:07:00,VENDOR_11,USER_11,OT_05,0,0.05375109658295093,13.05,6.0,Low,Allow with normal monitoring
VPN_1385,2026-08-19 13:42:00,VENDOR_06,USER_06,OT_10,0,0.06992780274061029,8.75,6.0,Low,Allow with normal monitoring
VPN_1755,2026-08-23 18:06:00,VENDOR_08,USER_08,OT_12,0,0.0456769780052227,15.45,6.0,Low,Allow with normal monitoring
VPN_1869,2026-08-11 17:34:00,VENDOR_01,USER_01,OT_08,0,0.07587737373849414,7.05,6.0,Low,Allow with normal monitoring
VPN_1139,2026-08-02 16:35:00,VENDOR_01,USER_01,OT_06,0,0.04057882258129967,16.45,6.0,Low,Allow with normal monitoring
VPN_1214,2026-08-07 15:46:00,VENDOR_02,USER_02,OT_02,0,0.07294745591670873,7.9,6.0,Low,Allow with normal monitoring
VPN_0805,2026-08-17 14:34:00,VENDOR_06,USER_06,OT_15,0,0.07603045028369375,7.15,6.0,Low,Allow with normal monitoring
VPN_0637,2026-08-11 11:59:00,VENDOR_06,USER_06,OT_10,0,0.042372116396555214,15.95,6.0,Low,Allow with normal monitoring
VPN_0890,2026-08-22 12:08:00,VENDOR_05,USER_05,OT_03,0,0.09251984517324667,3.08,6.0,Low,Allow with normal monitoring
VPN_0639,2026-08-05 09:13:00,VENDOR_06,USER_06,OT_01,0,0.03730360976994492,17.65,6.0,Low,Allow with normal monitoring
VPN_0760,2026-08-20 06:50:00,VENDOR_07,USER_07,OT_10,0,0.056061997417508974,12.5,6.0,Low,Allow with normal monitoring
VPN_1561,2026-08-26 18:10:00,VENDOR_02,USER_02,OT_01,0,0.07726453824672197,7.0,6.0,Low,Allow with normal monitoring
VPN_0300,2026-08-11 17:56:00,VENDOR_05,USER_05,OT_14,0,0.05601732383769932,12.3,6.0,Low,Allow with normal monitoring
VPN_1670,2026-08-04 16:15:00,VENDOR_02,USER_02,OT_08,0,0.09091923105701048,3.35,6.0,Low,Allow with normal monitoring
VPN_0039,2026-08-21 15:34:00,VENDOR_08,USER_08,OT_05,0,0.06503763208103244,10.2,6.0,Low,Allow with normal monitoring
VPN_1013,2026-08-23 19:47:00,VENDOR_11,USER_11,OT_01,0,0.054088197104893626,12.95,6.0,Low,Allow with normal monitoring
VPN_0042,2026-08-03 17:43:00,VENDOR_02,USER_02,OT_12,0,0.06465764928828671,10.05,6.0,Low,Allow with normal monitoring
VPN_1225,2026-08-16 09:48:00,VENDOR_02,USER_02,OT_11,0,0.08151713494444084,5.6,6.0,Low,Allow with normal monitoring
VPN_1058,2026-08-10 10:41:00,VENDOR_07,USER_07,OT_05,0,0.05611364096616401,12.0,5.9,Low,Allow with normal monitoring
VPN_1080,2026-08-30 18:03:00,VENDOR_05,USER_05,OT_14,0,0.04641441302561402,14.7,5.9,Low,Allow with normal monitoring
VPN_0956,2026-08-21 07:29:00,VENDOR_06,USER_06,OT_07,0,0.06381268938131618,10.1,5.9,Low,Allow with normal monitoring
VPN_1101,2026-08-18 10:28:00,VENDOR_06,USER_06,OT_06,0,0.07695086192108526,6.5,5.9,Low,Allow with normal monitoring
VPN_1157,2026-08-19 06:15:00,VENDOR_07,USER_07,OT_10,0,0.06926103214179928,8.7,5.9,Low,Allow with normal monitoring
VPN_0430,2026-08-27 19:27:00,VENDOR_10,USER_10,OT_11,0,0.09664895068757448,0.75,5.8,Low,Allow with normal monitoring
VPN_0569,2026-08-27 12:38:00,VENDOR_09,USER_09,OT_14,0,0.04758292972692319,13.85,5.8,Low,Allow with normal monitoring
VPN_1550,2026-08-19 11:51:00,VENDOR_09,USER_09,OT_02,0,0.04052598125578975,15.8,5.8,Low,Allow with normal monitoring
VPN_0531,2026-08-16 09:36:00,VENDOR_09,USER_09,OT_08,0,0.06694412918554601,8.92,5.8,Low,Allow with normal monitoring
VPN_0978,2026-08-22 11:09:00,VENDOR_07,USER_07,OT_13,0,0.05694233666354288,11.3,5.8,Low,Allow with normal monitoring
VPN_0441,2026-08-30 19:18:00,VENDOR_03,USER_03,OT_05,0,0.0534508040361409,11.8,5.7,Low,Allow with normal monitoring
VPN_1818,2026-08-08 09:27:00,VENDOR_03,USER_03,OT_09,0,0.08405225307651319,3.55,5.7,Low,Allow with normal monitoring
VPN_0691,2026-08-27 17:39:00,VENDOR_10,USER_10,OT_02,0,0.06485221401460926,9.0,5.7,Low,Allow with normal monitoring
VPN_1311,2026-08-02 19:19:00,VENDOR_07,USER_07,OT_10,0,0.056714699247223846,11.0,5.7,Low,Allow with normal monitoring
VPN_0711,2026-08-06 12:37:00,VENDOR_08,USER_08,OT_04,0,0.05716688710753427,10.65,5.7,Low,Allow with normal monitoring
VPN_0388,2026-08-02 13:23:00,VENDOR_12,USER_12,OT_11,0,0.05722545398245635,10.8,5.7,Low,Allow with normal monitoring
VPN_0952,2026-08-10 16:30:00,VENDOR_06,USER_06,OT_01,0,0.0630944413132429,9.35,5.7,Low,Allow with normal monitoring
VPN_1557,2026-08-07 19:08:00,VENDOR_01,USER_01,OT_01,0,0.030981063409555986,17.4,5.6,Low,Allow with normal monitoring
VPN_1462,2026-08-19 13:29:00,VENDOR_07,USER_07,OT_08,0,0.07683010782430472,5.1,5.6,Low,Allow with normal monitoring
VPN_0585,2026-08-20 15:03:00,VENDOR_02,USER_02,OT_07,0,0.06849347054875239,7.25,5.6,Low,Allow with normal monitoring
VPN_0052,2026-08-23 11:06:00,VENDOR_08,USER_08,OT_09,0,0.07440517988349651,5.7,5.6,Low,Allow with normal monitoring
VPN_0128,2026-08-10 10:26:00,VENDOR_05,USER_05,OT_13,0,0.0755813706917318,5.55,5.6,Low,Allow with normal monitoring
VPN_1192,2026-08-30 16:01:00,VENDOR_05,USER_05,OT_15,0,0.057607562641206894,10.3,5.6,Low,Allow with normal monitoring
VPN_0126,2026-08-22 18:19:00,VENDOR_09,USER_09,OT_13,0,0.041143522721879495,14.6,5.6,Low,Allow with normal monitoring
VPN_0239,2026-08-10 19:41:00,VENDOR_07,USER_07,OT_15,0,0.0713504186838139,6.65,5.6,Low,Allow with normal monitoring
VPN_1588,2026-08-21 14:21:00,VENDOR_04,USER_04,OT_11,0,0.09210139881641687,1.15,5.6,Low,Allow with normal monitoring
VPN_1366,2026-08-21 13:56:00,VENDOR_01,USER_01,OT_06,0,0.0884857355975527,2.15,5.6,Low,Allow with normal monitoring
VPN_0041,2026-08-31 15:01:00,VENDOR_06,USER_06,OT_04,0,0.09372311584402576,0.15,5.5,Low,Allow with normal monitoring
VPN_0359,2026-08-21 15:21:00,VENDOR_06,USER_06,OT_10,0,0.06689575794786919,7.5,5.5,Low,Allow with normal monitoring
VPN_1503,2026-08-10 17:17:00,VENDOR_06,USER_06,OT_06,0,0.07752379917061367,4.4,5.5,Low,Allow with normal monitoring
VPN_1645,2026-08-29 18:23:00,VENDOR_05,USER_05,OT_05,0,0.06002496675949868,9.3,5.5,Low,Allow with normal monitoring
VPN_0124,2026-08-09 17:56:00,VENDOR_06,USER_06,OT_15,0,0.04593789656509981,13.0,5.5,Low,Allow with normal monitoring
VPN_0154,2026-08-05 07:06:00,VENDOR_12,USER_12,OT_05,0,0.03858315989652012,15.0,5.5,Low,Allow with normal monitoring
VPN_0542,2026-08-25 15:59:00,VENDOR_11,USER_11,OT_13,0,0.06405356945748743,8.1,5.5,Low,Allow with normal monitoring
VPN_1636,2026-08-20 09:19:00,VENDOR_11,USER_11,OT_08,0,0.05935744970501153,9.55,5.5,Low,Allow with normal monitoring
VPN_0230,2026-08-10 17:39:00,VENDOR_10,USER_10,OT_02,0,0.06485221401460926,8.0,5.5,Low,Allow with normal monitoring
VPN_1940,2026-08-25 12:35:00,VENDOR_09,USER_09,OT_06,0,0.05648967916021018,9.7,5.4,Low,Allow with normal monitoring
VPN_1494,2026-08-21 06:40:00,VENDOR_06,USER_06,OT_15,0,0.061116387158582995,8.65,5.4,Low,Allow with normal monitoring
VPN_1732,2026-08-25 12:43:00,VENDOR_02,USER_02,OT_12,0,0.07465979683856162,5.05,5.4,Low,Allow with normal monitoring
VPN_0541,2026-08-24 17:36:00,VENDOR_01,USER_01,OT_07,0,0.045931312292394035,12.62,5.4,Low,Allow with normal monitoring
VPN_1907,2026-08-10 16:57:00,VENDOR_08,USER_08,OT_08,0,0.08956677957343034,0.9,5.4,Low,Allow with normal monitoring
VPN_1430,2026-08-27 16:48:00,VENDOR_03,USER_03,OT_13,0,0.05245410721103923,10.55,5.4,Low,Allow with normal monitoring
VPN_0187,2026-08-12 12:08:00,VENDOR_08,USER_08,OT_01,0,0.0630367568923528,7.95,5.4,Low,Allow with normal monitoring
VPN_0893,2026-08-22 08:27:00,VENDOR_07,USER_07,OT_10,0,0.06010781185585586,8.5,5.4,Low,Allow with normal monitoring
VPN_0530,2026-08-31 07:38:00,VENDOR_08,USER_08,OT_01,0,0.03861188692218724,13.9,5.3,Low,Allow with normal monitoring
VPN_0773,2026-08-23 16:03:00,VENDOR_10,USER_10,OT_05,0,0.07787652228024267,3.42,5.3,Low,Allow with normal monitoring
VPN_1980,2026-08-21 08:20:00,VENDOR_04,USER_04,OT_12,0,0.059685321453520374,8.15,5.3,Low,Allow with normal monitoring
VPN_1038,2026-08-20 16:01:00,VENDOR_04,USER_04,OT_06,0,0.05411966472251411,9.65,5.3,Low,Allow with normal monitoring
VPN_0244,2026-08-08 14:14:00,VENDOR_06,USER_06,OT_05,0,0.07727854199312811,3.6,5.3,Low,Allow with normal monitoring
VPN_0148,2026-08-06 18:39:00,VENDOR_10,USER_10,OT_08,0,0.06675175385485911,6.4,5.3,Low,Allow with normal monitoring
VPN_1908,2026-08-19 08:23:00,VENDOR_03,USER_03,OT_13,0,0.045608926740445886,11.9,5.3,Low,Allow with normal monitoring
VPN_0417,2026-08-08 11:10:00,VENDOR_04,USER_04,OT_15,0,0.07260326157647104,4.55,5.2,Low,Allow with normal monitoring
VPN_1294,2026-08-28 10:17:00,VENDOR_12,USER_12,OT_05,0,0.043283266465465514,12.15,5.2,Low,Allow with normal monitoring
VPN_0497,2026-08-27 18:30:00,VENDOR_03,USER_03,OT_02,0,0.0579565904615249,8.25,5.2,Low,Allow with normal monitoring
VPN_1669,2026-08-13 09:33:00,VENDOR_10,USER_10,OT_10,0,0.04579450770898069,11.45,5.2,Low,Allow with normal monitoring
VPN_0030,2026-08-02 10:30:00,VENDOR_12,USER_12,OT_03,0,0.07836768300193614,3.08,5.2,Low,Allow with normal monitoring
VPN_0312,2026-08-10 11:59:00,VENDOR_09,USER_09,OT_06,0,0.04311600887915681,12.35,5.2,Low,Allow with normal monitoring
VPN_0386,2026-08-23 06:55:00,VENDOR_05,USER_05,OT_04,0,0.063885844056311,6.3,5.1,Low,Allow with normal monitoring
VPN_0437,2026-08-04 09:29:00,VENDOR_06,USER_06,OT_05,0,0.06836376776222813,4.95,5.1,Low,Allow with normal monitoring
VPN_0134,2026-08-11 06:55:00,VENDOR_01,USER_01,OT_11,0,0.0731070145297748,3.7,5.1,Low,Allow with normal monitoring
VPN_0260,2026-08-18 17:15:00,VENDOR_04,USER_04,OT_04,0,0.08232832825710186,1.45,5.1,Low,Allow with normal monitoring
VPN_0507,2026-08-06 17:21:00,VENDOR_10,USER_10,OT_10,0,0.03854455991707558,12.78,5.0,Low,Allow with normal monitoring
VPN_1124,2026-08-12 17:28:00,VENDOR_09,USER_09,OT_12,0,0.04269616506546745,11.62,5.0,Low,Allow with normal monitoring
VPN_1910,2026-08-27 16:13:00,VENDOR_12,USER_12,OT_01,0,0.05971526372206124,6.95,5.0,Low,Allow with normal monitoring
VPN_1297,2026-08-22 06:53:00,VENDOR_11,USER_11,OT_12,0,0.03743358573152543,12.78,5.0,Low,Allow with normal monitoring
VPN_0515,2026-08-02 18:27:00,VENDOR_11,USER_11,OT_01,0,0.050722288351044094,9.4,5.0,Low,Allow with normal monitoring
VPN_1525,2026-08-11 07:20:00,VENDOR_12,USER_12,OT_11,0,0.08444448007839449,0.68,5.0,Low,Allow with normal monitoring
VPN_1187,2026-08-10 08:01:00,VENDOR_07,USER_07,OT_05,0,0.050065161766621055,9.6,5.0,Low,Allow with normal monitoring
VPN_1281,2026-08-24 06:02:00,VENDOR_06,USER_06,OT_08,0,0.07880206456273997,1.8,5.0,Low,Allow with normal monitoring
VPN_0357,2026-08-11 15:11:00,VENDOR_07,USER_07,OT_12,0,0.08483040774291119,0.35,5.0,Low,Allow with normal monitoring
VPN_0196,2026-08-09 09:01:00,VENDOR_01,USER_01,OT_06,0,0.035597523807569045,12.9,4.9,Low,Allow with normal monitoring
VPN_1509,2026-08-23 07:25:00,VENDOR_01,USER_01,OT_03,0,0.07432857731366252,2.6,4.9,Low,Allow with normal monitoring
VPN_0701,2026-08-22 18:24:00,VENDOR_06,USER_06,OT_13,0,0.06616465129080487,5.0,4.9,Low,Allow with normal monitoring
VPN_1830,2026-08-02 10:52:00,VENDOR_08,USER_08,OT_05,0,0.052623798626758075,8.4,4.9,Low,Allow with normal monitoring
VPN_1926,2026-08-27 12:21:00,VENDOR_11,USER_11,OT_04,0,0.05963173729872241,6.45,4.9,Low,Allow with normal monitoring
VPN_1921,2026-08-02 09:04:00,VENDOR_07,USER_07,OT_12,0,0.07296123110912575,3.2,4.9,Low,Allow with normal monitoring
VPN_0069,2026-08-07 17:22:00,VENDOR_03,USER_03,OT_04,0,0.08180575789610896,0.5,4.9,Low,Allow with normal monitoring
VPN_0442,2026-08-02 13:39:00,VENDOR_12,USER_12,OT_09,0,0.05598914319842333,7.1,4.8,Low,Allow with normal monitoring
VPN_1738,2026-08-31 18:23:00,VENDOR_12,USER_12,OT_02,0,0.041169025530933746,11.1,4.8,Low,Allow with normal monitoring
VPN_0228,2026-08-13 13:49:00,VENDOR_07,USER_07,OT_01,0,0.06839777289426327,3.88,4.8,Low,Allow with normal monitoring
VPN_0549,2026-08-04 16:01:00,VENDOR_05,USER_05,OT_09,0,0.07090199447289541,2.5,4.7,Low,Allow with normal monitoring
VPN_1106,2026-08-11 17:37:00,VENDOR_12,USER_12,OT_13,0,0.060998250220755286,5.22,4.7,Low,Allow with normal monitoring
VPN_1867,2026-08-01 11:22:00,VENDOR_09,USER_09,OT_05,0,0.03810810697083854,11.4,4.7,Low,Allow with normal monitoring
VPN_1653,2026-08-22 13:54:00,VENDOR_01,USER_01,OT_11,0,0.07928671084451785,0.3,4.7,Low,Allow with normal monitoring
VPN_1617,2026-08-02 06:45:00,VENDOR_09,USER_09,OT_14,0,0.043053709410472235,10.0,4.7,Low,Allow with normal monitoring
VPN_1976,2026-08-17 10:36:00,VENDOR_03,USER_03,OT_07,0,0.05669660261641149,6.55,4.7,Low,Allow with normal monitoring
VPN_0993,2026-08-12 14:15:00,VENDOR_04,USER_04,OT_07,0,0.05477246129874232,6.6,4.6,Low,Allow with normal monitoring
VPN_1274,2026-08-07 17:49:00,VENDOR_04,USER_04,OT_05,0,0.061758552897062044,4.7,4.6,Low,Allow with normal monitoring
VPN_1549,2026-08-07 11:37:00,VENDOR_11,USER_11,OT_07,0,0.05571628678516758,6.2,4.6,Low,Allow with normal monitoring
VPN_1380,2026-08-17 07:17:00,VENDOR_07,USER_07,OT_04,0,0.07868862018480312,0.1,4.6,Low,Allow with normal monitoring
VPN_1474,2026-08-15 14:57:00,VENDOR_12,USER_12,OT_09,0,0.05659486861484371,6.05,4.6,Low,Allow with normal monitoring
VPN_1915,2026-08-11 19:13:00,VENDOR_07,USER_07,OT_06,0,0.06035454123312101,4.9,4.6,Low,Allow with normal monitoring
VPN_0588,2026-08-09 19:46:00,VENDOR_08,USER_08,OT_14,0,0.04952410040870347,7.6,4.5,Low,Allow with normal monitoring
VPN_0496,2026-08-06 08:05:00,VENDOR_10,USER_10,OT_14,0,0.046338576692884784,8.2,4.5,Low,Allow with normal monitoring
VPN_0641,2026-08-31 12:49:00,VENDOR_09,USER_09,OT_09,0,0.061914821213492406,4.3,4.5,Low,Allow with normal monitoring
VPN_1062,2026-08-19 17:51:00,VENDOR_02,USER_02,OT_15,0,0.060262421171186006,4.2,4.4,Low,Allow with normal monitoring
VPN_1683,2026-08-28 18:22:00,VENDOR_03,USER_03,OT_01,0,0.04879673001527447,7.2,4.4,Low,Allow with normal monitoring
VPN_1500,2026-08-22 10:52:00,VENDOR_05,USER_05,OT_03,0,0.07151796305232434,1.0,4.4,Low,Allow with normal monitoring
VPN_0216,2026-08-03 17:58:00,VENDOR_05,USER_05,OT_10,0,0.05469676982944166,5.65,4.4,Low,Allow with normal monitoring
VPN_1594,2026-08-24 07:11:00,VENDOR_12,USER_12,OT_02,0,0.04815679577753497,7.45,4.4,Low,Allow with normal monitoring
VPN_1335,2026-08-31 15:39:00,VENDOR_08,USER_08,OT_06,0,0.05855243139550788,4.75,4.4,Low,Allow with normal monitoring
VPN_0459,2026-08-26 13:09:00,VENDOR_03,USER_03,OT_10,0,0.07077272324758507,1.2,4.4,Low,Allow with normal monitoring
VPN_1252,2026-08-24 07:43:00,VENDOR_09,USER_09,OT_02,1,0.0373263788548203,10.35,4.4,Low,Allow with normal monitoring
VPN_0036,2026-08-23 14:53:00,VENDOR_02,USER_02,OT_02,0,0.06784735693356476,1.95,4.4,Low,Allow with normal monitoring
VPN_0065,2026-08-30 15:35:00,VENDOR_09,USER_09,OT_09,0,0.06460162141800833,2.88,4.4,Low,Allow with normal monitoring
VPN_0923,2026-08-06 15:58:00,VENDOR_01,USER_01,OT_12,0,0.041683055585346296,9.07,4.4,Low,Allow with normal monitoring
VPN_0122,2026-08-02 08:30:00,VENDOR_12,USER_12,OT_09,0,0.06013798484412428,3.95,4.4,Low,Allow with normal monitoring
VPN_1784,2026-08-30 15:02:00,VENDOR_07,USER_07,OT_12,0,0.060084315834656406,3.5,4.3,Low,Allow with normal monitoring
VPN_0362,2026-08-25 14:12:00,VENDOR_11,USER_11,OT_02,0,0.06953603156400938,1.1,4.3,Low,Allow with normal monitoring
VPN_1180,2026-08-04 14:50:00,VENDOR_02,USER_02,OT_04,0,0.07186808242632413,0.68,4.3,Low,Allow with normal monitoring
VPN_1040,2026-08-05 12:24:00,VENDOR_06,USER_06,OT_13,0,0.0563590266339387,4.85,4.3,Low,Allow with normal monitoring
VPN_1841,2026-08-22 08:17:00,VENDOR_04,USER_04,OT_10,0,0.0419051135924809,8.05,4.2,Low,Allow with normal monitoring
VPN_0574,2026-08-22 07:26:00,VENDOR_01,USER_01,OT_02,0,0.04977869686069518,5.75,4.2,Low,Allow with normal monitoring
VPN_1687,2026-08-30 18:56:00,VENDOR_01,USER_01,OT_06,0,0.05278590480835317,5.3,4.2,Low,Allow with normal monitoring
VPN_1102,2026-08-06 11:14:00,VENDOR_04,USER_04,OT_01,0,0.04024289409450828,7.85,4.1,Low,Allow with normal monitoring
VPN_1224,2026-08-13 08:56:00,VENDOR_10,USER_10,OT_13,0,0.06405638616087492,1.9,4.1,Low,Allow with normal monitoring
VPN_0748,2026-08-20 15:32:00,VENDOR_02,USER_02,OT_11,0,0.06438051511576104,1.7,4.1,Low,Allow with normal monitoring
VPN_0867,2026-08-13 09:34:00,VENDOR_12,USER_12,OT_03,0,0.07045533821525449,0.05,4.1,Low,Allow with normal monitoring
VPN_1084,2026-08-17 07:47:00,VENDOR_11,USER_11,OT_12,0,0.037777252622834656,8.45,4.1,Low,Allow with normal monitoring
VPN_1647,2026-08-22 17:47:00,VENDOR_01,USER_01,OT_09,0,0.057632940499402145,2.95,4.0,Low,Allow with normal monitoring
VPN_0264,2026-08-03 16:21:00,VENDOR_08,USER_08,OT_07,0,0.05292942316155056,4.25,4.0,Low,Allow with normal monitoring
VPN_0698,2026-08-27 19:00:00,VENDOR_11,USER_11,OT_02,0,0.05870013149717212,2.88,4.0,Low,Allow with normal monitoring
VPN_1161,2026-08-11 18:35:00,VENDOR_05,USER_05,OT_12,0,0.05255142795505074,4.35,4.0,Low,Allow with normal monitoring
VPN_1994,2026-08-19 09:28:00,VENDOR_07,USER_07,OT_15,0,0.06244609769717832,1.65,4.0,Low,Allow with normal monitoring
VPN_0337,2026-08-18 14:44:00,VENDOR_10,USER_10,OT_10,0,0.04569392453422731,5.88,3.9,Low,Allow with normal monitoring
VPN_0058,2026-08-30 06:14:00,VENDOR_10,USER_10,OT_10,0,0.030734621528263516,9.85,3.9,Low,Allow with normal monitoring
VPN_1803,2026-08-23 16:59:00,VENDOR_06,USER_06,OT_05,0,0.05525962484232389,3.08,3.9,Low,Allow with normal monitoring
VPN_1451,2026-08-17 08:17:00,VENDOR_03,USER_03,OT_07,0,0.05882138336016908,2.05,3.9,Low,Allow with normal monitoring
VPN_0763,2026-08-30 06:27:00,VENDOR_09,USER_09,OT_09,0,0.06310576128713019,0.95,3.9,Low,Allow with normal monitoring
VPN_1560,2026-08-23 16:43:00,VENDOR_03,USER_03,OT_15,0,0.05071707585110749,4.15,3.9,Low,Allow with normal monitoring
VPN_1076,2026-08-27 09:22:00,VENDOR_08,USER_08,OT_08,0,0.06370544703538723,0.45,3.8,Low,Allow with normal monitoring
VPN_0455,2026-08-06 17:21:00,VENDOR_10,USER_10,OT_10,0,0.04203055292570662,6.1,3.8,Low,Allow with normal monitoring
VPN_0070,2026-08-12 07:02:00,VENDOR_04,USER_04,OT_09,0,0.05965992432017285,1.4,3.8,Low,Allow with normal monitoring
VPN_1607,2026-08-31 17:58:00,VENDOR_09,USER_09,OT_15,0,0.04236655271053838,5.38,3.6,Low,Allow with normal monitoring
VPN_0047,2026-08-28 15:52:00,VENDOR_12,USER_12,OT_10,0,0.040933794252589334,5.5,3.6,Low,Allow with normal monitoring
VPN_0944,2026-08-16 16:33:00,VENDOR_08,USER_08,OT_15,0,0.03868258287857144,6.15,3.6,Low,Allow with normal monitoring
VPN_0440,2026-08-04 14:54:00,VENDOR_12,USER_12,OT_12,0,0.05638350862445955,1.05,3.5,Low,Allow with normal monitoring
VPN_0765,2026-08-28 09:34:00,VENDOR_09,USER_09,OT_12,0,0.03730205632115812,6.0,3.5,Low,Allow with normal monitoring
VPN_0816,2026-08-12 08:53:00,VENDOR_12,USER_12,OT_15,0,0.03223075835019349,7.3,3.5,Low,Allow with normal monitoring
VPN_1048,2026-08-23 06:59:00,VENDOR_11,USER_11,OT_06,0,0.057652318967006476,0.82,3.5,Low,Allow with normal monitoring
VPN_0928,2026-08-18 07:36:00,VENDOR_11,USER_11,OT_14,0,0.050909874722235474,1.85,3.4,Low,Allow with normal monitoring
VPN_1012,2026-08-16 09:20:00,VENDOR_04,USER_04,OT_15,0,0.041987240060335704,4.5,3.4,Low,Allow with normal monitoring
VPN_1589,2026-08-29 17:00:00,VENDOR_11,USER_11,OT_15,0,0.03548786911196767,6.25,3.4,Low,Allow with normal monitoring
VPN_1795,2026-08-03 11:50:00,VENDOR_05,USER_05,OT_10,0,0.0559232234767245,0.6,3.4,Low,Allow with normal monitoring
VPN_1809,2026-08-27 12:33:00,VENDOR_04,USER_04,OT_15,0,0.0538621233881159,1.25,3.4,Low,Allow with normal monitoring
VPN_0610,2026-08-21 15:26:00,VENDOR_11,USER_11,OT_05,0,0.05190353136934539,1.55,3.4,Low,Allow with normal monitoring
VPN_1190,2026-08-31 10:55:00,VENDOR_08,USER_08,OT_10,0,0.051790048269015135,1.5,3.3,Low,Allow with normal monitoring
VPN_0157,2026-08-18 17:05:00,VENDOR_12,USER_12,OT_07,0,0.03967609030872028,4.45,3.3,Low,Allow with normal monitoring
VPN_1438,2026-08-03 19:48:00,VENDOR_03,USER_03,OT_14,0,0.049217974307868104,2.2,3.3,Low,Allow with normal monitoring
VPN_1455,2026-08-04 10:48:00,VENDOR_11,USER_11,OT_06,0,0.04726355252575597,2.7,3.3,Low,Allow with normal monitoring
VPN_0013,2026-08-13 09:08:00,VENDOR_10,USER_10,OT_12,0,0.039879730742339976,4.62,3.3,Low,Allow with normal monitoring
VPN_0400,2026-08-21 18:48:00,VENDOR_03,USER_03,OT_13,0,0.0504213329314348,1.35,3.2,Low,Allow with normal monitoring
VPN_1029,2026-08-22 10:22:00,VENDOR_10,USER_10,OT_13,0,0.04573904535722872,2.55,3.2,Low,Allow with normal monitoring
VPN_1070,2026-08-29 09:25:00,VENDOR_12,USER_12,OT_14,0,0.03585109892861778,4.62,3.1,Low,Allow with normal monitoring
VPN_1823,2026-08-20 16:13:00,VENDOR_01,USER_01,OT_01,0,0.038811667549266494,3.65,3.1,Low,Allow with normal monitoring
VPN_0848,2026-08-31 18:11:00,VENDOR_12,USER_12,OT_14,0,0.04763741237560527,1.3,3.0,Low,Allow with normal monitoring
VPN_1811,2026-08-23 06:12:00,VENDOR_04,USER_04,OT_15,0,0.040621236604023066,3.08,3.0,Low,Allow with normal monitoring
VPN_0444,2026-08-04 11:53:00,VENDOR_10,USER_10,OT_07,0,0.04189522486561688,2.8,3.0,Low,Allow with normal monitoring
VPN_1266,2026-08-02 12:20:00,VENDOR_12,USER_12,OT_13,0,0.04236816505725641,2.45,3.0,Low,Allow with normal monitoring
VPN_0672,2026-08-24 11:32:00,VENDOR_08,USER_08,OT_01,0,0.04465203063267181,2.0,3.0,Low,Allow with normal monitoring
VPN_0191,2026-08-02 09:18:00,VENDOR_09,USER_09,OT_02,0,0.029860701033335477,5.8,3.0,Low,Allow with normal monitoring
VPN_0786,2026-08-11 07:08:00,VENDOR_09,USER_09,OT_07,0,0.03323578251691812,4.8,3.0,Low,Allow with normal monitoring
VPN_1411,2026-08-27 19:19:00,VENDOR_12,USER_12,OT_02,0,0.041748017260737805,2.35,2.9,Low,Allow with normal monitoring
VPN_0913,2026-08-21 18:00:00,VENDOR_01,USER_01,OT_13,0,0.04208422514813515,2.28,2.9,Low,Allow with normal monitoring
VPN_1750,2026-08-17 06:28:00,VENDOR_01,USER_01,OT_14,0,0.03332841890197676,3.75,2.8,Low,Allow with normal monitoring
VPN_0859,2026-08-31 17:34:00,VENDOR_08,USER_08,OT_01,0,0.04487923844368027,0.22,2.7,Low,Allow with normal monitoring
VPN_1055,2026-08-20 15:44:00,VENDOR_09,USER_09,OT_01,0,0.03492100880737205,2.28,2.5,Low,Allow with normal monitoring
VPN_0510,2026-08-23 18:45:00,VENDOR_12,USER_12,OT_10,0,0.041256779485759724,0.22,2.4,Low,Allow with normal monitoring
VPN_1677,2026-08-18 18:49:00,VENDOR_09,USER_09,OT_14,0,0.02963978503362585,3.3,2.4,Low,Allow with normal monitoring
VPN_1852,2026-08-16 16:18:00,VENDOR_01,USER_01,OT_01,0,0.038811667549266494,0.55,2.4,Low,Allow with normal monitoring
VPN_0399,2026-08-20 11:08:00,VENDOR_11,USER_11,OT_01,0,0.030403349697397615,1.75,2.1,Low,Allow with normal monitoring
